crop_rel,class_id,cos_resnet50,cos_vit_base_patch16_224,leaked
data/processed/cure_crops/0/bottom/customer/0_bottom_22.png,0__bottom,0.579447865486145,0.773694634437561,False
data/processed/cure_crops/0/bottom/customer/0_bottom_23.png,0__bottom,0.6780978441238403,0.7762591242790222,False
data/processed/cure_crops/0/bottom/customer/0_bottom_24.png,0__bottom,0.6345748901367188,0.6487443447113037,False
data/processed/cure_crops/0/bottom/customer/0_bottom_28.png,0__bottom,0.8482667803764343,0.8127022981643677,False
data/processed/cure_crops/0/bottom/customer/0_bottom_30.png,0__bottom,0.7180572152137756,0.7933881282806396,False
data/processed/cure_crops/0/bottom/customer/0_bottom_31.png,0__bottom,0.6948875784873962,0.779761791229248,False
data/processed/cure_crops/0/bottom/customer/0_bottom_32.png,0__bottom,0.7842728495597839,0.6857188940048218,False
data/processed/cure_crops/0/bottom/customer/0_bottom_33.png,0__bottom,0.7303933501243591,0.7954622507095337,False
data/processed/cure_crops/0/bottom/customer/0_bottom_34.png,0__bottom,0.7612485885620117,0.7419536113739014,False
data/processed/cure_crops/0/bottom/customer/0_bottom_35.png,0__bottom,0.7025020122528076,0.731615424156189,False
data/processed/cure_crops/0/bottom/customer/0_bottom_36.png,0__bottom,0.6888858079910278,0.710271954536438,False
data/processed/cure_crops/0/bottom/customer/0_bottom_37.png,0__bottom,0.6915650963783264,0.6044204235076904,False
data/processed/cure_crops/0/bottom/customer/0_bottom_38.png,0__bottom,0.7630578279495239,0.7764310836791992,False
data/processed/cure_crops/0/bottom/customer/0_bottom_39.png,0__bottom,0.7480771541595459,0.7613611817359924,False
data/processed/cure_crops/0/bottom/customer/0_bottom_40.png,0__bottom,0.7504196166992188,0.7526609897613525,False
data/processed/cure_crops/0/top/customer/0_top_0.png,0__top,0.8894039392471313,0.8639011383056641,False
data/processed/cure_crops/0/top/customer/0_top_10.png,0__top,0.66599440574646,0.673673152923584,False
data/processed/cure_crops/0/top/customer/0_top_11.png,0__top,0.6896878480911255,0.7136093378067017,False
data/processed/cure_crops/0/top/customer/0_top_12.png,0__top,0.6663367748260498,0.7133489847183228,False
data/processed/cure_crops/0/top/customer/0_top_13.png,0__top,0.7039188146591187,0.6987032890319824,False
data/processed/cure_crops/0/top/customer/0_top_14.png,0__top,0.6920195817947388,0.6862388253211975,False
data/processed/cure_crops/0/top/customer/0_top_15.png,0__top,0.6770554780960083,0.7073517441749573,False
data/processed/cure_crops/0/top/customer/0_top_16.png,0__top,0.6854164600372314,0.7124052047729492,False
data/processed/cure_crops/0/top/customer/0_top_17.png,0__top,0.7007163166999817,0.7147402763366699,False
data/processed/cure_crops/0/top/customer/0_top_18.png,0__top,0.6640204191207886,0.7261396646499634,False
data/processed/cure_crops/0/top/customer/0_top_19.png,0__top,0.6501639485359192,0.693673849105835,False
data/processed/cure_crops/0/top/customer/0_top_2.png,0__top,0.8061408996582031,0.8534011840820312,False
data/processed/cure_crops/0/top/customer/0_top_20.png,0__top,0.679919958114624,0.6936123371124268,False
data/processed/cure_crops/0/top/customer/0_top_21.png,0__top,0.6999084949493408,0.7127193212509155,False
data/processed/cure_crops/0/top/customer/0_top_4.png,0__top,0.7584943771362305,0.7382200360298157,False
data/processed/cure_crops/0/top/customer/0_top_5.png,0__top,0.6900690197944641,0.6943268775939941,False
data/processed/cure_crops/0/top/customer/0_top_7.png,0__top,0.7223464250564575,0.8048148155212402,False
data/processed/cure_crops/0/top/customer/0_top_8.png,0__top,0.6623539924621582,0.7823004722595215,False
data/processed/cure_crops/0/top/customer/0_top_9.png,0__top,0.7099589109420776,0.7539365291595459,False
data/processed/cure_crops/1/bottom/customer/1_bottom_53.png,1__bottom,0.729670524597168,0.7676534652709961,False
data/processed/cure_crops/1/bottom/customer/1_bottom_57.png,1__bottom,0.6780326962471008,0.7183501720428467,False
data/processed/cure_crops/1/bottom/customer/1_bottom_58.png,1__bottom,0.7038798332214355,0.5977047681808472,False
data/processed/cure_crops/1/bottom/customer/1_bottom_59.png,1__bottom,0.6888077259063721,0.7232843637466431,False
data/processed/cure_crops/1/bottom/customer/1_bottom_61.png,1__bottom,0.6387213468551636,0.6661822199821472,False
data/processed/cure_crops/1/top/customer/1_top_44.png,1__top,0.7366997003555298,0.7418538928031921,False
data/processed/cure_crops/1/top/customer/1_top_46.png,1__top,0.7782158255577087,0.7285096645355225,False
data/processed/cure_crops/1/top/customer/1_top_49.png,1__top,0.7493754625320435,0.7626676559448242,False
data/processed/cure_crops/10/bottom/customer/10_bottom_455.png,10__bottom,0.7157799005508423,0.7428118586540222,False
data/processed/cure_crops/10/bottom/customer/10_bottom_456.png,10__bottom,0.7381206750869751,0.7392708659172058,False
data/processed/cure_crops/10/bottom/customer/10_bottom_457.png,10__bottom,0.7331110239028931,0.7528318166732788,False
data/processed/cure_crops/10/bottom/customer/10_bottom_458.png,10__bottom,0.7067121267318726,0.6274073719978333,False
data/processed/cure_crops/10/bottom/customer/10_bottom_459.png,10__bottom,0.7352414131164551,0.6915565729141235,False
data/processed/cure_crops/10/bottom/customer/10_bottom_460.png,10__bottom,0.7100809216499329,0.6969024538993835,False
data/processed/cure_crops/10/bottom/customer/10_bottom_461.png,10__bottom,0.5754337310791016,0.6137199401855469,False
data/processed/cure_crops/10/bottom/customer/10_bottom_462.png,10__bottom,0.5679887533187866,0.6134486198425293,False
data/processed/cure_crops/10/bottom/customer/10_bottom_463.png,10__bottom,0.5799561142921448,0.6133174300193787,False
data/processed/cure_crops/10/bottom/customer/10_bottom_464.png,10__bottom,0.6695197224617004,0.5723724961280823,False
data/processed/cure_crops/10/bottom/customer/10_bottom_465.png,10__bottom,0.6082305312156677,0.6155712008476257,False
data/processed/cure_crops/10/bottom/customer/10_bottom_466.png,10__bottom,0.6540202498435974,0.5067994594573975,False
data/processed/cure_crops/10/bottom/customer/10_bottom_467.png,10__bottom,0.7034835815429688,0.5586992502212524,False
data/processed/cure_crops/10/bottom/customer/10_bottom_468.png,10__bottom,0.6531987190246582,0.54721999168396,False
data/processed/cure_crops/10/bottom/customer/10_bottom_469.png,10__bottom,0.6957685947418213,0.5599164962768555,False
data/processed/cure_crops/10/bottom/customer/10_bottom_470.png,10__bottom,0.694331705570221,0.5519587397575378,False
data/processed/cure_crops/10/bottom/customer/10_bottom_471.png,10__bottom,0.6753696203231812,0.5036495327949524,False
data/processed/cure_crops/10/bottom/customer/10_bottom_472.png,10__bottom,0.6712310314178467,0.5801820755004883,False
data/processed/cure_crops/10/bottom/customer/10_bottom_473.png,10__bottom,0.6881532073020935,0.5462430715560913,False
data/processed/cure_crops/10/bottom/customer/10_bottom_474.png,10__bottom,0.6944170594215393,0.5370437502861023,False
data/processed/cure_crops/10/bottom/customer/10_bottom_475.png,10__bottom,0.6531509757041931,0.6102923154830933,False
data/processed/cure_crops/10/top/customer/10_top_431.png,10__top,0.8028408288955688,0.8777827024459839,False
data/processed/cure_crops/10/top/customer/10_top_432.png,10__top,0.7956520318984985,0.8513612747192383,False
data/processed/cure_crops/10/top/customer/10_top_433.png,10__top,0.768257737159729,0.8524463772773743,False
data/processed/cure_crops/10/top/customer/10_top_434.png,10__top,0.8006737232208252,0.8627341985702515,False
data/processed/cure_crops/10/top/customer/10_top_435.png,10__top,0.6841250658035278,0.8344749212265015,False
data/processed/cure_crops/10/top/customer/10_top_436.png,10__top,0.6957353353500366,0.8441673517227173,False
data/processed/cure_crops/10/top/customer/10_top_437.png,10__top,0.7229645848274231,0.8482972383499146,False
data/processed/cure_crops/10/top/customer/10_top_438.png,10__top,0.6764658689498901,0.8404995203018188,False
data/processed/cure_crops/10/top/customer/10_top_439.png,10__top,0.666860044002533,0.7684282064437866,False
data/processed/cure_crops/10/top/customer/10_top_440.png,10__top,0.6450258493423462,0.8017446994781494,False
data/processed/cure_crops/10/top/customer/10_top_441.png,10__top,0.7736313939094543,0.6706576943397522,False
data/processed/cure_crops/10/top/customer/10_top_442.png,10__top,0.8024506568908691,0.6428736448287964,False
data/processed/cure_crops/10/top/customer/10_top_443.png,10__top,0.7306603193283081,0.6497986316680908,False
data/processed/cure_crops/10/top/customer/10_top_444.png,10__top,0.7506248950958252,0.6403329372406006,False
data/processed/cure_crops/10/top/customer/10_top_445.png,10__top,0.7428575754165649,0.7336255311965942,False
data/processed/cure_crops/10/top/customer/10_top_446.png,10__top,0.7712072134017944,0.7206133008003235,False
data/processed/cure_crops/10/top/customer/10_top_447.png,10__top,0.7479612827301025,0.674666166305542,False
data/processed/cure_crops/10/top/customer/10_top_448.png,10__top,0.7584762573242188,0.6846475601196289,False
data/processed/cure_crops/10/top/customer/10_top_449.png,10__top,0.7731868028640747,0.6339236497879028,False
data/processed/cure_crops/10/top/customer/10_top_450.png,10__top,0.7771885395050049,0.7106161117553711,False
data/processed/cure_crops/10/top/customer/10_top_451.png,10__top,0.7663328647613525,0.6904598474502563,False
data/processed/cure_crops/10/top/customer/10_top_452.png,10__top,0.7618564963340759,0.6581990718841553,False
data/processed/cure_crops/10/top/customer/10_top_453.png,10__top,0.7690587639808655,0.7080085277557373,False
data/processed/cure_crops/100/bottom/customer/100_bottom_4426.png,100__bottom,0.646369993686676,0.598217248916626,False
data/processed/cure_crops/100/bottom/customer/100_bottom_4427.png,100__bottom,0.7389470934867859,0.637871265411377,False
data/processed/cure_crops/100/bottom/customer/100_bottom_4428.png,100__bottom,0.5873857736587524,0.58040452003479,False
data/processed/cure_crops/100/bottom/customer/100_bottom_4429.png,100__bottom,0.6463818550109863,0.6301835179328918,False
data/processed/cure_crops/100/bottom/customer/100_bottom_4430.png,100__bottom,0.5545339584350586,0.6954613327980042,False
data/processed/cure_crops/100/bottom/customer/100_bottom_4431.png,100__bottom,0.45124685764312744,0.453496515750885,False
data/processed/cure_crops/100/bottom/customer/100_bottom_4432.png,100__bottom,0.49634236097335815,0.7303036451339722,False
data/processed/cure_crops/100/bottom/customer/100_bottom_4433.png,100__bottom,0.525261640548706,0.6283009052276611,False
data/processed/cure_crops/100/bottom/customer/100_bottom_4434.png,100__bottom,0.7883614301681519,0.7413268089294434,False
data/processed/cure_crops/100/bottom/customer/100_bottom_4435.png,100__bottom,0.6447343230247498,0.708696722984314,False
data/processed/cure_crops/100/bottom/customer/100_bottom_4436.png,100__bottom,0.6818690896034241,0.7294608354568481,False
data/processed/cure_crops/100/bottom/customer/100_bottom_4437.png,100__bottom,0.5191284418106079,0.5066446661949158,False
data/processed/cure_crops/100/bottom/customer/100_bottom_4438.png,100__bottom,0.7051368951797485,0.7161101698875427,False
data/processed/cure_crops/100/bottom/customer/100_bottom_4439.png,100__bottom,0.781078577041626,0.8058192729949951,False
data/processed/cure_crops/100/bottom/customer/100_bottom_4440.png,100__bottom,0.5972831845283508,0.5874134302139282,False
data/processed/cure_crops/100/bottom/customer/100_bottom_4441.png,100__bottom,0.6561958193778992,0.7484923005104065,False
data/processed/cure_crops/100/bottom/customer/100_bottom_4442.png,100__bottom,0.6806150674819946,0.70246422290802,False
data/processed/cure_crops/100/bottom/customer/100_bottom_4443.png,100__bottom,0.6523504257202148,0.5695101022720337,False
data/processed/cure_crops/100/bottom/customer/100_bottom_4444.png,100__bottom,0.5675837993621826,0.6348921656608582,False
data/processed/cure_crops/100/bottom/customer/100_bottom_4445.png,100__bottom,0.6394363641738892,0.5745846033096313,False
data/processed/cure_crops/100/top/customer/100_top_4405.png,100__top,0.69309401512146,0.675021767616272,False
data/processed/cure_crops/100/top/customer/100_top_4406.png,100__top,0.8103399276733398,0.7912012338638306,False
data/processed/cure_crops/100/top/customer/100_top_4407.png,100__top,0.734805703163147,0.7903132438659668,False
data/processed/cure_crops/100/top/customer/100_top_4408.png,100__top,0.6905571222305298,0.7695373892784119,False
data/processed/cure_crops/100/top/customer/100_top_4409.png,100__top,0.588668942451477,0.7018284797668457,False
data/processed/cure_crops/100/top/customer/100_top_4410.png,100__top,0.5946347713470459,0.6154837012290955,False
data/processed/cure_crops/100/top/customer/100_top_4411.png,100__top,0.6304483413696289,0.648111879825592,False
data/processed/cure_crops/100/top/customer/100_top_4412.png,100__top,0.6502540707588196,0.6954379081726074,False
data/processed/cure_crops/100/top/customer/100_top_4413.png,100__top,0.59161376953125,0.6279127597808838,False
data/processed/cure_crops/100/top/customer/100_top_4414.png,100__top,0.798015832901001,0.6622754335403442,False
data/processed/cure_crops/100/top/customer/100_top_4415.png,100__top,0.760533332824707,0.7275250554084778,False
data/processed/cure_crops/100/top/customer/100_top_4416.png,100__top,0.7627569437026978,0.7473429441452026,False
data/processed/cure_crops/100/top/customer/100_top_4417.png,100__top,0.7565272450447083,0.7213507890701294,False
data/processed/cure_crops/100/top/customer/100_top_4418.png,100__top,0.7495212554931641,0.7101930379867554,False
data/processed/cure_crops/100/top/customer/100_top_4419.png,100__top,0.742594838142395,0.7479297518730164,False
data/processed/cure_crops/100/top/customer/100_top_4420.png,100__top,0.7915484309196472,0.7080639600753784,False
data/processed/cure_crops/100/top/customer/100_top_4421.png,100__top,0.7515935301780701,0.7226935029029846,False
data/processed/cure_crops/100/top/customer/100_top_4422.png,100__top,0.7635031938552856,0.7472720742225647,False
data/processed/cure_crops/100/top/customer/100_top_4423.png,100__top,0.7507398128509521,0.6989763975143433,False
data/processed/cure_crops/100/top/customer/100_top_4424.png,100__top,0.718437910079956,0.6792614459991455,False
data/processed/cure_crops/100/top/customer/100_top_4425.png,100__top,0.7088748216629028,0.62796950340271,False
data/processed/cure_crops/101/bottom/customer/101_bottom_4467.png,101__bottom,0.7518647313117981,0.7925618886947632,False
data/processed/cure_crops/101/bottom/customer/101_bottom_4468.png,101__bottom,0.7051852941513062,0.7265387773513794,False
data/processed/cure_crops/101/bottom/customer/101_bottom_4469.png,101__bottom,0.7287746071815491,0.8210227489471436,False
data/processed/cure_crops/101/bottom/customer/101_bottom_4470.png,101__bottom,0.6298713088035583,0.7239183187484741,False
data/processed/cure_crops/101/bottom/customer/101_bottom_4471.png,101__bottom,0.6130564212799072,0.7634106874465942,False
data/processed/cure_crops/101/bottom/customer/101_bottom_4472.png,101__bottom,0.5231330394744873,0.6817026138305664,False
data/processed/cure_crops/101/bottom/customer/101_bottom_4473.png,101__bottom,0.6239782571792603,0.6041440367698669,False
data/processed/cure_crops/101/bottom/customer/101_bottom_4474.png,101__bottom,0.7257603406906128,0.7255578637123108,False
data/processed/cure_crops/101/bottom/customer/101_bottom_4475.png,101__bottom,0.7381792068481445,0.7339473366737366,False
data/processed/cure_crops/101/bottom/customer/101_bottom_4476.png,101__bottom,0.7368223667144775,0.6622339487075806,False
data/processed/cure_crops/101/bottom/customer/101_bottom_4477.png,101__bottom,0.6802598237991333,0.5754265189170837,False
data/processed/cure_crops/101/bottom/customer/101_bottom_4478.png,101__bottom,0.7427761554718018,0.5678853988647461,False
data/processed/cure_crops/101/bottom/customer/101_bottom_4479.png,101__bottom,0.7473579049110413,0.5722695589065552,False
data/processed/cure_crops/101/bottom/customer/101_bottom_4480.png,101__bottom,0.6972190141677856,0.6054054498672485,False
data/processed/cure_crops/101/bottom/customer/101_bottom_4481.png,101__bottom,0.6912071704864502,0.6171001195907593,False
data/processed/cure_crops/101/bottom/customer/101_bottom_4482.png,101__bottom,0.7475937604904175,0.6887469291687012,False
data/processed/cure_crops/101/bottom/customer/101_bottom_4483.png,101__bottom,0.726736307144165,0.6567678451538086,False
data/processed/cure_crops/101/bottom/customer/101_bottom_4484.png,101__bottom,0.6904668807983398,0.6558160185813904,False
data/processed/cure_crops/101/bottom/customer/101_bottom_4485.png,101__bottom,0.717469334602356,0.6466658115386963,False
data/processed/cure_crops/101/bottom/customer/101_bottom_4486.png,101__bottom,0.708194375038147,0.6146144866943359,False
data/processed/cure_crops/101/top/customer/101_top_4446.png,101__top,0.8006041049957275,0.6535300016403198,False
data/processed/cure_crops/101/top/customer/101_top_4447.png,101__top,0.7941465377807617,0.7529627084732056,False
data/processed/cure_crops/101/top/customer/101_top_4448.png,101__top,0.7031996250152588,0.7770838737487793,False
data/processed/cure_crops/101/top/customer/101_top_4449.png,101__top,0.7179211974143982,0.6589583158493042,False
data/processed/cure_crops/101/top/customer/101_top_4450.png,101__top,0.6218780279159546,0.6769345998764038,False
data/processed/cure_crops/101/top/customer/101_top_4451.png,101__top,0.5805255174636841,0.5657211542129517,False
data/processed/cure_crops/101/top/customer/101_top_4452.png,101__top,0.7557214498519897,0.7694966793060303,False
data/processed/cure_crops/101/top/customer/101_top_4453.png,101__top,0.6596763730049133,0.6355734467506409,False
data/processed/cure_crops/101/top/customer/101_top_4454.png,101__top,0.6585557460784912,0.5495299100875854,False
data/processed/cure_crops/101/top/customer/101_top_4455.png,101__top,0.7451931238174438,0.7902700901031494,False
data/processed/cure_crops/101/top/customer/101_top_4456.png,101__top,0.7471622824668884,0.7343359589576721,False
data/processed/cure_crops/101/top/customer/101_top_4457.png,101__top,0.7286216616630554,0.6687569618225098,False
data/processed/cure_crops/101/top/customer/101_top_4458.png,101__top,0.6946878433227539,0.6355756521224976,False
data/processed/cure_crops/101/top/customer/101_top_4459.png,101__top,0.7750341892242432,0.7526094913482666,False
data/processed/cure_crops/101/top/customer/101_top_4460.png,101__top,0.713782548904419,0.6464115381240845,False
data/processed/cure_crops/101/top/customer/101_top_4461.png,101__top,0.6899305582046509,0.7185502052307129,False
data/processed/cure_crops/101/top/customer/101_top_4462.png,101__top,0.7796043157577515,0.543013334274292,False
data/processed/cure_crops/101/top/customer/101_top_4463.png,101__top,0.7314726710319519,0.6589819192886353,False
data/processed/cure_crops/101/top/customer/101_top_4464.png,101__top,0.6867610812187195,0.7054726481437683,False
data/processed/cure_crops/101/top/customer/101_top_4465.png,101__top,0.7313798666000366,0.6903461813926697,False
data/processed/cure_crops/101/top/customer/101_top_4466.png,101__top,0.610596776008606,0.5960900783538818,False
data/processed/cure_crops/102/bottom/customer/102_bottom_4513.png,102__bottom,0.7396565675735474,0.7816442847251892,False
data/processed/cure_crops/102/bottom/customer/102_bottom_4514.png,102__bottom,0.7375756502151489,0.8455209732055664,False
data/processed/cure_crops/102/bottom/customer/102_bottom_4515.png,102__bottom,0.7689872980117798,0.8765650391578674,False
data/processed/cure_crops/102/bottom/customer/102_bottom_4516.png,102__bottom,0.597169041633606,0.7676600217819214,False
data/processed/cure_crops/102/bottom/customer/102_bottom_4517.png,102__bottom,0.6288543939590454,0.699039876461029,False
data/processed/cure_crops/102/bottom/customer/102_bottom_4518.png,102__bottom,0.6314711570739746,0.5482676029205322,False
data/processed/cure_crops/102/bottom/customer/102_bottom_4519.png,102__bottom,0.6435010433197021,0.6991629600524902,False
data/processed/cure_crops/102/bottom/customer/102_bottom_4520.png,102__bottom,0.7500960826873779,0.519926905632019,False
data/processed/cure_crops/102/bottom/customer/102_bottom_4521.png,102__bottom,0.7796833515167236,0.5675777792930603,False
data/processed/cure_crops/102/bottom/customer/102_bottom_4522.png,102__bottom,0.8145269751548767,0.578903317451477,False
data/processed/cure_crops/102/bottom/customer/102_bottom_4523.png,102__bottom,0.7435439825057983,0.5824328660964966,False
data/processed/cure_crops/102/bottom/customer/102_bottom_4524.png,102__bottom,0.7156452536582947,0.5329105854034424,False
data/processed/cure_crops/102/bottom/customer/102_bottom_4525.png,102__bottom,0.75956130027771,0.5639669895172119,False
data/processed/cure_crops/102/bottom/customer/102_bottom_4526.png,102__bottom,0.7351042032241821,0.5369586944580078,False
data/processed/cure_crops/102/bottom/customer/102_bottom_4527.png,102__bottom,0.7590404152870178,0.464200496673584,False
data/processed/cure_crops/102/bottom/customer/102_bottom_4528.png,102__bottom,0.7203109264373779,0.507305920124054,False
data/processed/cure_crops/102/bottom/customer/102_bottom_4529.png,102__bottom,0.7244338393211365,0.6251839995384216,False
data/processed/cure_crops/102/bottom/customer/102_bottom_4530.png,102__bottom,0.7805522680282593,0.5438862442970276,False
data/processed/cure_crops/102/top/customer/102_top_4487.png,102__top,0.8016242980957031,0.7908287048339844,False
data/processed/cure_crops/102/top/customer/102_top_4488.png,102__top,0.7357834577560425,0.8460482358932495,False
data/processed/cure_crops/102/top/customer/102_top_4489.png,102__top,0.7948093414306641,0.9004305601119995,False
data/processed/cure_crops/102/top/customer/102_top_4490.png,102__top,0.8323755264282227,0.8712272644042969,False
data/processed/cure_crops/102/top/customer/102_top_4491.png,102__top,0.7029733657836914,0.7713619470596313,False
data/processed/cure_crops/102/top/customer/102_top_4492.png,102__top,0.7051325440406799,0.7758121490478516,False
data/processed/cure_crops/102/top/customer/102_top_4493.png,102__top,0.7538210153579712,0.7422311902046204,False
data/processed/cure_crops/102/top/customer/102_top_4494.png,102__top,0.8115118741989136,0.7066659927368164,False
data/processed/cure_crops/102/top/customer/102_top_4495.png,102__top,0.7698580026626587,0.7833393216133118,False
data/processed/cure_crops/102/top/customer/102_top_4496.png,102__top,0.7122941017150879,0.5643686056137085,False
data/processed/cure_crops/102/top/customer/102_top_4497.png,102__top,0.7581842541694641,0.7071816921234131,False
data/processed/cure_crops/102/top/customer/102_top_4498.png,102__top,0.7001063227653503,0.6360747814178467,False
data/processed/cure_crops/102/top/customer/102_top_4499.png,102__top,0.6945148706436157,0.6076275110244751,False
data/processed/cure_crops/102/top/customer/102_top_4500.png,102__top,0.6393990516662598,0.5783349275588989,False
data/processed/cure_crops/102/top/customer/102_top_4501.png,102__top,0.7505241632461548,0.7405755519866943,False
data/processed/cure_crops/102/top/customer/102_top_4502.png,102__top,0.721603512763977,0.6708342432975769,False
data/processed/cure_crops/102/top/customer/102_top_4503.png,102__top,0.6676511764526367,0.5098118782043457,False
data/processed/cure_crops/102/top/customer/102_top_4504.png,102__top,0.7182856798171997,0.7404999732971191,False
data/processed/cure_crops/102/top/customer/102_top_4505.png,102__top,0.693367600440979,0.5408452153205872,False
data/processed/cure_crops/102/top/customer/102_top_4506.png,102__top,0.7067203521728516,0.6239273548126221,False
data/processed/cure_crops/102/top/customer/102_top_4507.png,102__top,0.6980776786804199,0.6424437165260315,False
data/processed/cure_crops/102/top/customer/102_top_4508.png,102__top,0.7095223665237427,0.5703465938568115,False
data/processed/cure_crops/102/top/customer/102_top_4509.png,102__top,0.6977038383483887,0.547937273979187,False
data/processed/cure_crops/102/top/customer/102_top_4510.png,102__top,0.6889449954032898,0.5976134538650513,False
data/processed/cure_crops/102/top/customer/102_top_4511.png,102__top,0.7093878388404846,0.6353857517242432,False
data/processed/cure_crops/102/top/customer/102_top_4512.png,102__top,0.746536135673523,0.6355329751968384,False
data/processed/cure_crops/103/bottom/customer/103_bottom_4553.png,103__bottom,0.6461197137832642,0.78357994556427,False
data/processed/cure_crops/103/bottom/customer/103_bottom_4554.png,103__bottom,0.6851552724838257,0.8311622142791748,False
data/processed/cure_crops/103/bottom/customer/103_bottom_4555.png,103__bottom,0.6875271797180176,0.8201408982276917,False
data/processed/cure_crops/103/bottom/customer/103_bottom_4556.png,103__bottom,0.6549388766288757,0.778962254524231,False
data/processed/cure_crops/103/bottom/customer/103_bottom_4557.png,103__bottom,0.6982009410858154,0.7833993434906006,False
data/processed/cure_crops/103/bottom/customer/103_bottom_4558.png,103__bottom,0.689705491065979,0.8063498735427856,False
data/processed/cure_crops/103/bottom/customer/103_bottom_4559.png,103__bottom,0.7275180220603943,0.810491144657135,False
data/processed/cure_crops/103/bottom/customer/103_bottom_4560.png,103__bottom,0.5196336507797241,0.34585514664649963,False
data/processed/cure_crops/103/bottom/customer/103_bottom_4561.png,103__bottom,0.6299825310707092,0.45184165239334106,False
data/processed/cure_crops/103/bottom/customer/103_bottom_4562.png,103__bottom,0.6181268692016602,0.6208308935165405,False
data/processed/cure_crops/103/bottom/customer/103_bottom_4563.png,103__bottom,0.5334150195121765,0.5634894371032715,False
data/processed/cure_crops/103/bottom/customer/103_bottom_4564.png,103__bottom,0.5652352571487427,0.3956776261329651,False
data/processed/cure_crops/103/bottom/customer/103_bottom_4565.png,103__bottom,0.5806465148925781,0.40771663188934326,False
data/processed/cure_crops/103/bottom/customer/103_bottom_4566.png,103__bottom,0.5119872093200684,0.4312671720981598,False
data/processed/cure_crops/103/bottom/customer/103_bottom_4567.png,103__bottom,0.5011377334594727,0.32377317547798157,False
data/processed/cure_crops/103/bottom/customer/103_bottom_4568.png,103__bottom,0.5254716873168945,0.2746196985244751,False
data/processed/cure_crops/103/bottom/customer/103_bottom_4569.png,103__bottom,0.4736131727695465,0.45845362544059753,False
data/processed/cure_crops/103/top/customer/103_top_4531.png,103__top,0.7608457803726196,0.7789725065231323,False
data/processed/cure_crops/103/top/customer/103_top_4532.png,103__top,0.5891746878623962,0.7885453701019287,False
data/processed/cure_crops/103/top/customer/103_top_4533.png,103__top,0.7218249440193176,0.7885888814926147,False
data/processed/cure_crops/103/top/customer/103_top_4534.png,103__top,0.7085778713226318,0.816687822341919,False
data/processed/cure_crops/103/top/customer/103_top_4535.png,103__top,0.7000378966331482,0.6818553805351257,False
data/processed/cure_crops/103/top/customer/103_top_4536.png,103__top,0.5495312213897705,0.7770421504974365,False
data/processed/cure_crops/103/top/customer/103_top_4537.png,103__top,0.6656209230422974,0.8724766373634338,False
data/processed/cure_crops/103/top/customer/103_top_4538.png,103__top,0.8309877514839172,0.8187181949615479,False
data/processed/cure_crops/103/top/customer/103_top_4539.png,103__top,0.5102890729904175,0.8128167390823364,False
data/processed/cure_crops/103/top/customer/103_top_4540.png,103__top,0.6725670099258423,0.6432520151138306,False
data/processed/cure_crops/103/top/customer/103_top_4541.png,103__top,0.4838811159133911,0.4350964426994324,False
data/processed/cure_crops/103/top/customer/103_top_4542.png,103__top,0.43015605211257935,0.5300079584121704,False
data/processed/cure_crops/103/top/customer/103_top_4543.png,103__top,0.537444531917572,0.5470722913742065,False
data/processed/cure_crops/103/top/customer/103_top_4544.png,103__top,0.5479936599731445,0.6570349335670471,False
data/processed/cure_crops/103/top/customer/103_top_4545.png,103__top,0.5382089614868164,0.6272408962249756,False
data/processed/cure_crops/103/top/customer/103_top_4546.png,103__top,0.5064662098884583,0.5953201651573181,False
data/processed/cure_crops/103/top/customer/103_top_4547.png,103__top,0.4732110798358917,0.5823452472686768,False
data/processed/cure_crops/103/top/customer/103_top_4548.png,103__top,0.5146738290786743,0.6787338852882385,False
data/processed/cure_crops/103/top/customer/103_top_4549.png,103__top,0.5287379026412964,0.5852288007736206,False
data/processed/cure_crops/103/top/customer/103_top_4550.png,103__top,0.5404053926467896,0.5541832447052002,False
data/processed/cure_crops/103/top/customer/103_top_4551.png,103__top,0.40016406774520874,0.37046343088150024,False
data/processed/cure_crops/103/top/customer/103_top_4552.png,103__top,0.7060617804527283,0.6610414981842041,False
data/processed/cure_crops/104/bottom/customer/104_bottom_4591.png,104__bottom,0.695206880569458,0.585921049118042,False
data/processed/cure_crops/104/bottom/customer/104_bottom_4592.png,104__bottom,0.6886889934539795,0.6135016679763794,False
data/processed/cure_crops/104/bottom/customer/104_bottom_4593.png,104__bottom,0.6818338632583618,0.6664730310440063,False
data/processed/cure_crops/104/bottom/customer/104_bottom_4594.png,104__bottom,0.6419928669929504,0.7017945647239685,False
data/processed/cure_crops/104/bottom/customer/104_bottom_4595.png,104__bottom,0.6204494833946228,0.4411914050579071,False
data/processed/cure_crops/104/bottom/customer/104_bottom_4596.png,104__bottom,0.6905844807624817,0.6386547088623047,False
data/processed/cure_crops/104/bottom/customer/104_bottom_4597.png,104__bottom,0.6452913284301758,0.626737117767334,False
data/processed/cure_crops/104/bottom/customer/104_bottom_4598.png,104__bottom,0.7200325727462769,0.6667794585227966,False
data/processed/cure_crops/104/bottom/customer/104_bottom_4599.png,104__bottom,0.6674516797065735,0.649835467338562,False
data/processed/cure_crops/104/bottom/customer/104_bottom_4600.png,104__bottom,0.6031200289726257,0.6284351348876953,False
data/processed/cure_crops/104/bottom/customer/104_bottom_4601.png,104__bottom,0.6523950099945068,0.4853421449661255,False
data/processed/cure_crops/104/bottom/customer/104_bottom_4602.png,104__bottom,0.6372123956680298,0.36834943294525146,False
data/processed/cure_crops/104/bottom/customer/104_bottom_4603.png,104__bottom,0.6020632982254028,0.543394148349762,False
data/processed/cure_crops/104/bottom/customer/104_bottom_4604.png,104__bottom,0.6409467458724976,0.491046667098999,False
data/processed/cure_crops/104/bottom/customer/104_bottom_4605.png,104__bottom,0.5033986568450928,0.5363879203796387,False
data/processed/cure_crops/104/bottom/customer/104_bottom_4606.png,104__bottom,0.6400066018104553,0.577299952507019,False
data/processed/cure_crops/104/bottom/customer/104_bottom_4607.png,104__bottom,0.6561857461929321,0.454537570476532,False
data/processed/cure_crops/104/bottom/customer/104_bottom_4608.png,104__bottom,0.5549420118331909,0.4867563247680664,False
data/processed/cure_crops/104/bottom/customer/104_bottom_4609.png,104__bottom,0.6133933067321777,0.5485173463821411,False
data/processed/cure_crops/104/bottom/customer/104_bottom_4610.png,104__bottom,0.574146032333374,0.3638906180858612,False
data/processed/cure_crops/104/bottom/customer/104_bottom_4611.png,104__bottom,0.6585794687271118,0.6091631650924683,False
data/processed/cure_crops/104/bottom/customer/104_bottom_4612.png,104__bottom,0.6145753860473633,0.3751065135002136,False
data/processed/cure_crops/104/bottom/customer/104_bottom_4613.png,104__bottom,0.5902400612831116,0.5187511444091797,False
data/processed/cure_crops/104/bottom/customer/104_bottom_4614.png,104__bottom,0.646523118019104,0.3547489643096924,False
data/processed/cure_crops/104/bottom/customer/104_bottom_4615.png,104__bottom,0.6540069580078125,0.43817174434661865,False
data/processed/cure_crops/104/bottom/customer/104_bottom_4616.png,104__bottom,0.6542942523956299,0.534314751625061,False
data/processed/cure_crops/104/bottom/customer/104_bottom_4617.png,104__bottom,0.6204313039779663,0.5793709754943848,False
data/processed/cure_crops/104/top/customer/104_top_4570.png,104__top,0.7612169981002808,0.6802589297294617,False
data/processed/cure_crops/104/top/customer/104_top_4571.png,104__top,0.7297927737236023,0.7164143323898315,False
data/processed/cure_crops/104/top/customer/104_top_4572.png,104__top,0.7986669540405273,0.7051101922988892,False
data/processed/cure_crops/104/top/customer/104_top_4573.png,104__top,0.7481215000152588,0.8200503587722778,False
data/processed/cure_crops/104/top/customer/104_top_4574.png,104__top,0.7465387582778931,0.6939172148704529,False
data/processed/cure_crops/104/top/customer/104_top_4575.png,104__top,0.6739081144332886,0.6748108863830566,False
data/processed/cure_crops/104/top/customer/104_top_4576.png,104__top,0.639026939868927,0.5096477270126343,False
data/processed/cure_crops/104/top/customer/104_top_4577.png,104__top,0.7689341306686401,0.6542412638664246,False
data/processed/cure_crops/104/top/customer/104_top_4578.png,104__top,0.6844609975814819,0.580620288848877,False
data/processed/cure_crops/104/top/customer/104_top_4579.png,104__top,0.7162426114082336,0.6207914352416992,False
data/processed/cure_crops/104/top/customer/104_top_4580.png,104__top,0.7923760414123535,0.804050087928772,False
data/processed/cure_crops/104/top/customer/104_top_4581.png,104__top,0.7643721103668213,0.5899121761322021,False
data/processed/cure_crops/104/top/customer/104_top_4582.png,104__top,0.6405766010284424,0.5983085036277771,False
data/processed/cure_crops/104/top/customer/104_top_4583.png,104__top,0.8051913976669312,0.720353364944458,False
data/processed/cure_crops/104/top/customer/104_top_4584.png,104__top,0.7084330320358276,0.5872383117675781,False
data/processed/cure_crops/104/top/customer/104_top_4585.png,104__top,0.7949291467666626,0.8390766382217407,False
data/processed/cure_crops/104/top/customer/104_top_4586.png,104__top,0.7456402778625488,0.6596490740776062,False
data/processed/cure_crops/104/top/customer/104_top_4587.png,104__top,0.7396661043167114,0.6588872075080872,False
data/processed/cure_crops/104/top/customer/104_top_4588.png,104__top,0.713468074798584,0.6482166051864624,False
data/processed/cure_crops/104/top/customer/104_top_4589.png,104__top,0.7245453596115112,0.5719651579856873,False
data/processed/cure_crops/104/top/customer/104_top_4590.png,104__top,0.7849838733673096,0.8199813961982727,False
data/processed/cure_crops/105/bottom/customer/105_bottom_4636.png,105__bottom,0.6350338459014893,0.6326545476913452,False
data/processed/cure_crops/105/bottom/customer/105_bottom_4637.png,105__bottom,0.6453721523284912,0.5597400665283203,False
data/processed/cure_crops/105/bottom/customer/105_bottom_4638.png,105__bottom,0.6348456144332886,0.5888833999633789,False
data/processed/cure_crops/105/bottom/customer/105_bottom_4639.png,105__bottom,0.5978648662567139,0.7333490252494812,False
data/processed/cure_crops/105/bottom/customer/105_bottom_4640.png,105__bottom,0.6143903732299805,0.6199439764022827,False
data/processed/cure_crops/105/bottom/customer/105_bottom_4641.png,105__bottom,0.5875487923622131,0.597812294960022,False
data/processed/cure_crops/105/bottom/customer/105_bottom_4642.png,105__bottom,0.7451982498168945,0.7194147109985352,False
data/processed/cure_crops/105/bottom/customer/105_bottom_4643.png,105__bottom,0.7700893878936768,0.735862135887146,False
data/processed/cure_crops/105/bottom/customer/105_bottom_4644.png,105__bottom,0.7239888906478882,0.712605357170105,False
data/processed/cure_crops/105/bottom/customer/105_bottom_4645.png,105__bottom,0.5970803499221802,0.5258695483207703,False
data/processed/cure_crops/105/bottom/customer/105_bottom_4646.png,105__bottom,0.6360154151916504,0.3854886591434479,False
data/processed/cure_crops/105/bottom/customer/105_bottom_4647.png,105__bottom,0.6341735124588013,0.47770196199417114,False
data/processed/cure_crops/105/bottom/customer/105_bottom_4648.png,105__bottom,0.5589131712913513,0.4218498468399048,False
data/processed/cure_crops/105/bottom/customer/105_bottom_4649.png,105__bottom,0.5369447469711304,0.40195542573928833,False
data/processed/cure_crops/105/bottom/customer/105_bottom_4650.png,105__bottom,0.6494612097740173,0.6369950771331787,False
data/processed/cure_crops/105/bottom/customer/105_bottom_4651.png,105__bottom,0.6175198554992676,0.4987805187702179,False
data/processed/cure_crops/105/bottom/customer/105_bottom_4652.png,105__bottom,0.6263082027435303,0.3958490490913391,False
data/processed/cure_crops/105/bottom/customer/105_bottom_4653.png,105__bottom,0.6093522906303406,0.44219815731048584,False
data/processed/cure_crops/105/bottom/customer/105_bottom_4654.png,105__bottom,0.6381247639656067,0.5222236514091492,False
data/processed/cure_crops/105/bottom/customer/105_bottom_4655.png,105__bottom,0.6167856454849243,0.5122191905975342,False
data/processed/cure_crops/105/bottom/customer/105_bottom_4656.png,105__bottom,0.550432562828064,0.4925887882709503,False
data/processed/cure_crops/105/top/customer/105_top_4618.png,105__top,0.7453151941299438,0.6667917966842651,False
data/processed/cure_crops/105/top/customer/105_top_4619.png,105__top,0.6930651664733887,0.6912261247634888,False
data/processed/cure_crops/105/top/customer/105_top_4620.png,105__top,0.6111706495285034,0.6373071670532227,False
data/processed/cure_crops/105/top/customer/105_top_4621.png,105__top,0.6678188443183899,0.6713781356811523,False
data/processed/cure_crops/105/top/customer/105_top_4622.png,105__top,0.5865473747253418,0.6000596880912781,False
data/processed/cure_crops/105/top/customer/105_top_4623.png,105__top,0.6006273031234741,0.6188869476318359,False
data/processed/cure_crops/105/top/customer/105_top_4624.png,105__top,0.7875405550003052,0.8161499500274658,False
data/processed/cure_crops/105/top/customer/105_top_4625.png,105__top,0.7709516882896423,0.7612367868423462,False
data/processed/cure_crops/105/top/customer/105_top_4626.png,105__top,0.7574030160903931,0.806844174861908,False
data/processed/cure_crops/105/top/customer/105_top_4627.png,105__top,0.6306169033050537,0.5239056944847107,False
data/processed/cure_crops/105/top/customer/105_top_4628.png,105__top,0.6416918039321899,0.480990469455719,False
data/processed/cure_crops/105/top/customer/105_top_4629.png,105__top,0.6787207126617432,0.6410437822341919,False
data/processed/cure_crops/105/top/customer/105_top_4630.png,105__top,0.5204299092292786,0.6734687089920044,False
data/processed/cure_crops/105/top/customer/105_top_4631.png,105__top,0.6596868634223938,0.5276231169700623,False
data/processed/cure_crops/105/top/customer/105_top_4632.png,105__top,0.6696317195892334,0.4092544615268707,False
data/processed/cure_crops/105/top/customer/105_top_4633.png,105__top,0.6130750179290771,0.42055830359458923,False
data/processed/cure_crops/105/top/customer/105_top_4634.png,105__top,0.6907137632369995,0.6234951019287109,False
data/processed/cure_crops/105/top/customer/105_top_4635.png,105__top,0.6505535840988159,0.46729668974876404,False
data/processed/cure_crops/106/bottom/customer/106_bottom_4677.png,106__bottom,0.7799488306045532,0.7189511060714722,False
data/processed/cure_crops/106/bottom/customer/106_bottom_4678.png,106__bottom,0.7746594548225403,0.7125818729400635,False
data/processed/cure_crops/106/bottom/customer/106_bottom_4679.png,106__bottom,0.6861227750778198,0.7245507836341858,False
data/processed/cure_crops/106/bottom/customer/106_bottom_4680.png,106__bottom,0.8006511926651001,0.8048495650291443,False
data/processed/cure_crops/106/bottom/customer/106_bottom_4681.png,106__bottom,0.6569751501083374,0.6553990840911865,False
data/processed/cure_crops/106/bottom/customer/106_bottom_4682.png,106__bottom,0.6117255091667175,0.5055795907974243,False
data/processed/cure_crops/106/bottom/customer/106_bottom_4683.png,106__bottom,0.7916207313537598,0.7141468524932861,False
data/processed/cure_crops/106/bottom/customer/106_bottom_4684.png,106__bottom,0.6985220313072205,0.62162846326828,False
data/processed/cure_crops/106/bottom/customer/106_bottom_4685.png,106__bottom,0.6761724352836609,0.5267200469970703,False
data/processed/cure_crops/106/bottom/customer/106_bottom_4686.png,106__bottom,0.8050665855407715,0.7087826728820801,False
data/processed/cure_crops/106/bottom/customer/106_bottom_4687.png,106__bottom,0.8028806447982788,0.7107579708099365,False
data/processed/cure_crops/106/bottom/customer/106_bottom_4688.png,106__bottom,0.8032964468002319,0.676814615726471,False
data/processed/cure_crops/106/bottom/customer/106_bottom_4689.png,106__bottom,0.8112905621528625,0.6867592334747314,False
data/processed/cure_crops/106/bottom/customer/106_bottom_4690.png,106__bottom,0.8038005828857422,0.655762255191803,False
data/processed/cure_crops/106/bottom/customer/106_bottom_4691.png,106__bottom,0.7548074722290039,0.658264696598053,False
data/processed/cure_crops/106/bottom/customer/106_bottom_4692.png,106__bottom,0.42422083020210266,0.5096381902694702,False
data/processed/cure_crops/106/bottom/customer/106_bottom_4693.png,106__bottom,0.6371791362762451,0.5413879156112671,False
data/processed/cure_crops/106/bottom/customer/106_bottom_4694.png,106__bottom,0.7031539678573608,0.6008312702178955,False
data/processed/cure_crops/106/bottom/customer/106_bottom_4695.png,106__bottom,0.7358101606369019,0.6668859720230103,False
data/processed/cure_crops/106/bottom/customer/106_bottom_4696.png,106__bottom,0.8204999566078186,0.7403782606124878,False
data/processed/cure_crops/106/top/customer/106_top_4657.png,106__top,0.5929450392723083,0.6212286949157715,False
data/processed/cure_crops/106/top/customer/106_top_4658.png,106__top,0.5778369903564453,0.6033737659454346,False
data/processed/cure_crops/106/top/customer/106_top_4659.png,106__top,0.607258677482605,0.6571971774101257,False
data/processed/cure_crops/106/top/customer/106_top_4660.png,106__top,0.7190691232681274,0.7338390946388245,False
data/processed/cure_crops/106/top/customer/106_top_4661.png,106__top,0.5660202503204346,0.6294739246368408,False
data/processed/cure_crops/106/top/customer/106_top_4662.png,106__top,0.5866238474845886,0.49480384588241577,False
data/processed/cure_crops/106/top/customer/106_top_4663.png,106__top,0.5729458332061768,0.6866108179092407,False
data/processed/cure_crops/106/top/customer/106_top_4664.png,106__top,0.6162366271018982,0.7372676134109497,False
data/processed/cure_crops/106/top/customer/106_top_4665.png,106__top,0.5569652318954468,0.7471481561660767,False
data/processed/cure_crops/106/top/customer/106_top_4666.png,106__top,0.6764318943023682,0.6468161344528198,False
data/processed/cure_crops/106/top/customer/106_top_4667.png,106__top,0.704392671585083,0.7013616561889648,False
data/processed/cure_crops/106/top/customer/106_top_4668.png,106__top,0.7372198700904846,0.7068079710006714,False
data/processed/cure_crops/106/top/customer/106_top_4669.png,106__top,0.7185921669006348,0.6679379940032959,False
data/processed/cure_crops/106/top/customer/106_top_4670.png,106__top,0.7487999796867371,0.7210049629211426,False
data/processed/cure_crops/106/top/customer/106_top_4671.png,106__top,0.7188653945922852,0.7188852429389954,False
data/processed/cure_crops/106/top/customer/106_top_4672.png,106__top,0.659321665763855,0.7053952217102051,False
data/processed/cure_crops/106/top/customer/106_top_4673.png,106__top,0.45361608266830444,0.43405812978744507,False
data/processed/cure_crops/106/top/customer/106_top_4674.png,106__top,0.7342509031295776,0.6980176568031311,False
data/processed/cure_crops/106/top/customer/106_top_4675.png,106__top,0.7246123552322388,0.7164260149002075,False
data/processed/cure_crops/106/top/customer/106_top_4676.png,106__top,0.6722103953361511,0.5841447114944458,False
data/processed/cure_crops/107/bottom/customer/107_bottom_4718.png,107__bottom,0.5209887027740479,0.667945384979248,False
data/processed/cure_crops/107/bottom/customer/107_bottom_4719.png,107__bottom,0.5286345481872559,0.7403366565704346,False
data/processed/cure_crops/107/bottom/customer/107_bottom_4720.png,107__bottom,0.6270348429679871,0.7541130185127258,False
data/processed/cure_crops/107/bottom/customer/107_bottom_4721.png,107__bottom,0.6303359270095825,0.7190825939178467,False
data/processed/cure_crops/107/bottom/customer/107_bottom_4722.png,107__bottom,0.5605648159980774,0.5127964019775391,False
data/processed/cure_crops/107/bottom/customer/107_bottom_4723.png,107__bottom,0.5930975675582886,0.45350730419158936,False
data/processed/cure_crops/107/bottom/customer/107_bottom_4724.png,107__bottom,0.5365682244300842,0.5422943830490112,False
data/processed/cure_crops/107/bottom/customer/107_bottom_4725.png,107__bottom,0.5425049066543579,0.4548717737197876,False
data/processed/cure_crops/107/bottom/customer/107_bottom_4726.png,107__bottom,0.6153326630592346,0.6209800243377686,False
data/processed/cure_crops/107/bottom/customer/107_bottom_4727.png,107__bottom,0.6713592410087585,0.5071579217910767,False
data/processed/cure_crops/107/bottom/customer/107_bottom_4728.png,107__bottom,0.6850413084030151,0.3914775252342224,False
data/processed/cure_crops/107/bottom/customer/107_bottom_4729.png,107__bottom,0.6019207239151001,0.4386187195777893,False
data/processed/cure_crops/107/bottom/customer/107_bottom_4730.png,107__bottom,0.6838411688804626,0.45655202865600586,False
data/processed/cure_crops/107/bottom/customer/107_bottom_4731.png,107__bottom,0.6060948371887207,0.5687568783760071,False
data/processed/cure_crops/107/bottom/customer/107_bottom_4732.png,107__bottom,0.6298445463180542,0.4890446066856384,False
data/processed/cure_crops/107/bottom/customer/107_bottom_4733.png,107__bottom,0.6594447493553162,0.533376157283783,False
data/processed/cure_crops/107/bottom/customer/107_bottom_4734.png,107__bottom,0.5452455878257751,0.3825327157974243,False
data/processed/cure_crops/107/bottom/customer/107_bottom_4735.png,107__bottom,0.6693804264068604,0.40375542640686035,False
data/processed/cure_crops/107/bottom/customer/107_bottom_4736.png,107__bottom,0.638755202293396,0.4917356073856354,False
data/processed/cure_crops/107/bottom/customer/107_bottom_4737.png,107__bottom,0.5833395719528198,0.4396747946739197,False
data/processed/cure_crops/107/bottom/customer/107_bottom_4738.png,107__bottom,0.5878652334213257,0.5481970310211182,False
data/processed/cure_crops/107/top/customer/107_top_4697.png,107__top,0.6611585021018982,0.7743817567825317,False
data/processed/cure_crops/107/top/customer/107_top_4698.png,107__top,0.721977174282074,0.6710517406463623,False
data/processed/cure_crops/107/top/customer/107_top_4699.png,107__top,0.6471813917160034,0.6417979001998901,False
data/processed/cure_crops/107/top/customer/107_top_4700.png,107__top,0.5593410134315491,0.6684845685958862,False
data/processed/cure_crops/107/top/customer/107_top_4701.png,107__top,0.5147426724433899,0.6829899549484253,False
data/processed/cure_crops/107/top/customer/107_top_4702.png,107__top,0.5496422052383423,0.5924186706542969,False
data/processed/cure_crops/107/top/customer/107_top_4703.png,107__top,0.6064184904098511,0.5113282203674316,False
data/processed/cure_crops/107/top/customer/107_top_4704.png,107__top,0.5784839391708374,0.545237123966217,False
data/processed/cure_crops/107/top/customer/107_top_4705.png,107__top,0.6210785508155823,0.5716536045074463,False
data/processed/cure_crops/107/top/customer/107_top_4706.png,107__top,0.6644476056098938,0.520407497882843,False
data/processed/cure_crops/107/top/customer/107_top_4707.png,107__top,0.6798731088638306,0.7454418540000916,False
data/processed/cure_crops/107/top/customer/107_top_4708.png,107__top,0.6817730665206909,0.5960668325424194,False
data/processed/cure_crops/107/top/customer/107_top_4709.png,107__top,0.736280620098114,0.679169237613678,False
data/processed/cure_crops/107/top/customer/107_top_4710.png,107__top,0.7048599123954773,0.5672293901443481,False
data/processed/cure_crops/107/top/customer/107_top_4711.png,107__top,0.7274775505065918,0.7654383182525635,False
data/processed/cure_crops/107/top/customer/107_top_4712.png,107__top,0.6268961429595947,0.774809718132019,False
data/processed/cure_crops/107/top/customer/107_top_4713.png,107__top,0.6577483415603638,0.3654404580593109,False
data/processed/cure_crops/107/top/customer/107_top_4714.png,107__top,0.6862608194351196,0.7905170917510986,False
data/processed/cure_crops/107/top/customer/107_top_4715.png,107__top,0.6104326248168945,0.5422582030296326,False
data/processed/cure_crops/107/top/customer/107_top_4716.png,107__top,0.5909754037857056,0.6171163320541382,False
data/processed/cure_crops/107/top/customer/107_top_4717.png,107__top,0.6689665913581848,0.7470929622650146,False
data/processed/cure_crops/108/bottom/customer/108_bottom_4758.png,108__bottom,0.6964792609214783,0.8268360495567322,False
data/processed/cure_crops/108/bottom/customer/108_bottom_4759.png,108__bottom,0.7331659197807312,0.799828290939331,False
data/processed/cure_crops/108/bottom/customer/108_bottom_4760.png,108__bottom,0.6632993221282959,0.6211271286010742,False
data/processed/cure_crops/108/bottom/customer/108_bottom_4761.png,108__bottom,0.7097140550613403,0.8200678825378418,False
data/processed/cure_crops/108/bottom/customer/108_bottom_4762.png,108__bottom,0.6822208762168884,0.7531068325042725,False
data/processed/cure_crops/108/bottom/customer/108_bottom_4763.png,108__bottom,0.6645591259002686,0.7177548408508301,False
data/processed/cure_crops/108/bottom/customer/108_bottom_4764.png,108__bottom,0.6474770307540894,0.737136721611023,False
data/processed/cure_crops/108/bottom/customer/108_bottom_4765.png,108__bottom,0.6334770917892456,0.6702920198440552,False
data/processed/cure_crops/108/bottom/customer/108_bottom_4766.png,108__bottom,0.5848981738090515,0.7081744074821472,False
data/processed/cure_crops/108/bottom/customer/108_bottom_4767.png,108__bottom,0.7459818124771118,0.6816751956939697,False
data/processed/cure_crops/108/bottom/customer/108_bottom_4768.png,108__bottom,0.6378074884414673,0.8032200336456299,False
data/processed/cure_crops/108/bottom/customer/108_bottom_4769.png,108__bottom,0.7653347849845886,0.7406604290008545,False
data/processed/cure_crops/108/bottom/customer/108_bottom_4770.png,108__bottom,0.7490800619125366,0.7400808334350586,False
data/processed/cure_crops/108/bottom/customer/108_bottom_4771.png,108__bottom,0.6776080131530762,0.769186794757843,False
data/processed/cure_crops/108/bottom/customer/108_bottom_4772.png,108__bottom,0.7789319753646851,0.718422532081604,False
data/processed/cure_crops/108/bottom/customer/108_bottom_4773.png,108__bottom,0.7064186334609985,0.7689406871795654,False
data/processed/cure_crops/108/bottom/customer/108_bottom_4774.png,108__bottom,0.7457882761955261,0.8189537525177002,False
data/processed/cure_crops/108/bottom/customer/108_bottom_4775.png,108__bottom,0.7127776145935059,0.7573398351669312,False
data/processed/cure_crops/108/bottom/customer/108_bottom_4776.png,108__bottom,0.7102338075637817,0.8213667869567871,False
data/processed/cure_crops/108/bottom/customer/108_bottom_4777.png,108__bottom,0.6859145164489746,0.7778301239013672,False
data/processed/cure_crops/108/top/customer/108_top_4739.png,108__top,0.8616451621055603,0.8320388793945312,False
data/processed/cure_crops/108/top/customer/108_top_4740.png,108__top,0.8211129903793335,0.8141948580741882,False
data/processed/cure_crops/108/top/customer/108_top_4741.png,108__top,0.7669475078582764,0.7751661539077759,False
data/processed/cure_crops/108/top/customer/108_top_4742.png,108__top,0.7697227001190186,0.8424671292304993,False
data/processed/cure_crops/108/top/customer/108_top_4743.png,108__top,0.6328893899917603,0.7089303731918335,False
data/processed/cure_crops/108/top/customer/108_top_4744.png,108__top,0.6817139387130737,0.7061635851860046,False
data/processed/cure_crops/108/top/customer/108_top_4745.png,108__top,0.6841687560081482,0.6622911095619202,False
data/processed/cure_crops/108/top/customer/108_top_4746.png,108__top,0.7317544221878052,0.763878583908081,False
data/processed/cure_crops/108/top/customer/108_top_4747.png,108__top,0.6002033948898315,0.48942288756370544,False
data/processed/cure_crops/108/top/customer/108_top_4748.png,108__top,0.8129873275756836,0.8184646964073181,False
data/processed/cure_crops/108/top/customer/108_top_4749.png,108__top,0.799203634262085,0.8165406584739685,False
data/processed/cure_crops/108/top/customer/108_top_4750.png,108__top,0.6284135580062866,0.7331185340881348,False
data/processed/cure_crops/108/top/customer/108_top_4751.png,108__top,0.6582114696502686,0.7465208768844604,False
data/processed/cure_crops/108/top/customer/108_top_4752.png,108__top,0.6807140707969666,0.7251785397529602,False
data/processed/cure_crops/108/top/customer/108_top_4753.png,108__top,0.7911182641983032,0.7808968424797058,False
data/processed/cure_crops/108/top/customer/108_top_4754.png,108__top,0.641067385673523,0.7521986961364746,False
data/processed/cure_crops/108/top/customer/108_top_4755.png,108__top,0.6341515779495239,0.7327873110771179,False
data/processed/cure_crops/108/top/customer/108_top_4756.png,108__top,0.8133833408355713,0.7491044402122498,False
data/processed/cure_crops/108/top/customer/108_top_4757.png,108__top,0.7208338975906372,0.6152603626251221,False
data/processed/cure_crops/109/bottom/customer/109_bottom_4799.png,109__bottom,0.6497882604598999,0.6261487603187561,False
data/processed/cure_crops/109/bottom/customer/109_bottom_4800.png,109__bottom,0.6056478023529053,0.6940155029296875,False
data/processed/cure_crops/109/bottom/customer/109_bottom_4801.png,109__bottom,0.7203364372253418,0.8046472072601318,False
data/processed/cure_crops/109/bottom/customer/109_bottom_4802.png,109__bottom,0.6688631772994995,0.7829818725585938,False
data/processed/cure_crops/109/bottom/customer/109_bottom_4803.png,109__bottom,0.6142950654029846,0.6761795282363892,False
data/processed/cure_crops/109/bottom/customer/109_bottom_4804.png,109__bottom,0.5752459764480591,0.6221935153007507,False
data/processed/cure_crops/109/bottom/customer/109_bottom_4805.png,109__bottom,0.677451491355896,0.5735229253768921,False
data/processed/cure_crops/109/bottom/customer/109_bottom_4806.png,109__bottom,0.6491520404815674,0.5101715922355652,False
data/processed/cure_crops/109/bottom/customer/109_bottom_4807.png,109__bottom,0.6847862005233765,0.689982533454895,False
data/processed/cure_crops/109/bottom/customer/109_bottom_4808.png,109__bottom,0.6351706385612488,0.6341142654418945,False
data/processed/cure_crops/109/bottom/customer/109_bottom_4809.png,109__bottom,0.7153511047363281,0.7443989515304565,False
data/processed/cure_crops/109/bottom/customer/109_bottom_4810.png,109__bottom,0.7660239934921265,0.5879348516464233,False
data/processed/cure_crops/109/bottom/customer/109_bottom_4811.png,109__bottom,0.7914146780967712,0.7320936322212219,False
data/processed/cure_crops/109/bottom/customer/109_bottom_4812.png,109__bottom,0.7167485952377319,0.7164313793182373,False
data/processed/cure_crops/109/bottom/customer/109_bottom_4813.png,109__bottom,0.6304217576980591,0.21215461194515228,False
data/processed/cure_crops/109/bottom/customer/109_bottom_4814.png,109__bottom,0.7459702491760254,0.6792792081832886,False
data/processed/cure_crops/109/bottom/customer/109_bottom_4815.png,109__bottom,0.748649537563324,0.7316808700561523,False
data/processed/cure_crops/109/bottom/customer/109_bottom_4816.png,109__bottom,0.7495898604393005,0.7491256594657898,False
data/processed/cure_crops/109/bottom/customer/109_bottom_4817.png,109__bottom,0.7461229562759399,0.7135037183761597,False
data/processed/cure_crops/109/bottom/customer/109_bottom_4818.png,109__bottom,0.7346168756484985,0.7631424069404602,False
data/processed/cure_crops/109/bottom/customer/109_bottom_4819.png,109__bottom,0.6661323308944702,0.7477868795394897,False
data/processed/cure_crops/109/top/customer/109_top_4778.png,109__top,0.7023167014122009,0.6050721406936646,False
data/processed/cure_crops/109/top/customer/109_top_4779.png,109__top,0.5922221541404724,0.5419497489929199,False
data/processed/cure_crops/109/top/customer/109_top_4780.png,109__top,0.5926307439804077,0.5686938166618347,False
data/processed/cure_crops/109/top/customer/109_top_4781.png,109__top,0.48760175704956055,0.6329872608184814,False
data/processed/cure_crops/109/top/customer/109_top_4782.png,109__top,0.508301317691803,0.5270661115646362,False
data/processed/cure_crops/109/top/customer/109_top_4783.png,109__top,0.5354142189025879,0.5756387710571289,False
data/processed/cure_crops/109/top/customer/109_top_4784.png,109__top,0.7031993865966797,0.6602014303207397,False
data/processed/cure_crops/109/top/customer/109_top_4785.png,109__top,0.5234683156013489,0.6016749739646912,False
data/processed/cure_crops/109/top/customer/109_top_4786.png,109__top,0.8353824615478516,0.6063600778579712,False
data/processed/cure_crops/109/top/customer/109_top_4787.png,109__top,0.8337069749832153,0.75927734375,False
data/processed/cure_crops/109/top/customer/109_top_4788.png,109__top,0.7798870205879211,0.5178669095039368,False
data/processed/cure_crops/109/top/customer/109_top_4789.png,109__top,0.8355100750923157,0.6476009488105774,False
data/processed/cure_crops/109/top/customer/109_top_4790.png,109__top,0.8375269770622253,0.8267737627029419,False
data/processed/cure_crops/109/top/customer/109_top_4791.png,109__top,0.8686237931251526,0.7778804898262024,False
data/processed/cure_crops/109/top/customer/109_top_4792.png,109__top,0.883510947227478,0.7380709648132324,False
data/processed/cure_crops/109/top/customer/109_top_4793.png,109__top,0.7992395758628845,0.7066563367843628,False
data/processed/cure_crops/109/top/customer/109_top_4794.png,109__top,0.8302785754203796,0.6512425541877747,False
data/processed/cure_crops/109/top/customer/109_top_4795.png,109__top,0.7744162678718567,0.4816325902938843,False
data/processed/cure_crops/109/top/customer/109_top_4796.png,109__top,0.8802310228347778,0.5738547444343567,False
data/processed/cure_crops/109/top/customer/109_top_4797.png,109__top,0.8872056007385254,0.7617409229278564,False
data/processed/cure_crops/109/top/customer/109_top_4798.png,109__top,0.8651803731918335,0.7362426519393921,False
data/processed/cure_crops/11/bottom/customer/11_bottom_500.png,11__bottom,0.627082109451294,0.6519453525543213,False
data/processed/cure_crops/11/bottom/customer/11_bottom_501.png,11__bottom,0.6350635290145874,0.6611748933792114,False
data/processed/cure_crops/11/bottom/customer/11_bottom_502.png,11__bottom,0.6364260315895081,0.6607964038848877,False
data/processed/cure_crops/11/bottom/customer/11_bottom_503.png,11__bottom,0.6464632749557495,0.6309940218925476,False
data/processed/cure_crops/11/bottom/customer/11_bottom_504.png,11__bottom,0.6824429035186768,0.6424416899681091,False
data/processed/cure_crops/11/bottom/customer/11_bottom_505.png,11__bottom,0.6817134618759155,0.6448513865470886,False
data/processed/cure_crops/11/bottom/customer/11_bottom_506.png,11__bottom,0.6352056264877319,0.6656831502914429,False
data/processed/cure_crops/11/bottom/customer/11_bottom_507.png,11__bottom,0.5203478932380676,0.5007933378219604,False
data/processed/cure_crops/11/bottom/customer/11_bottom_508.png,11__bottom,0.49355173110961914,0.6034747958183289,False
data/processed/cure_crops/11/bottom/customer/11_bottom_509.png,11__bottom,0.5195550322532654,0.5362807512283325,False
data/processed/cure_crops/11/bottom/customer/11_bottom_510.png,11__bottom,0.6623594164848328,0.6288023591041565,False
data/processed/cure_crops/11/bottom/customer/11_bottom_511.png,11__bottom,0.6553984880447388,0.5029507875442505,False
data/processed/cure_crops/11/bottom/customer/11_bottom_512.png,11__bottom,0.6716189980506897,0.5687363743782043,False
data/processed/cure_crops/11/bottom/customer/11_bottom_513.png,11__bottom,0.6486289501190186,0.5586384534835815,False
data/processed/cure_crops/11/bottom/customer/11_bottom_514.png,11__bottom,0.633657693862915,0.5788601040840149,False
data/processed/cure_crops/11/bottom/customer/11_bottom_515.png,11__bottom,0.6498441696166992,0.4468168616294861,False
data/processed/cure_crops/11/bottom/customer/11_bottom_516.png,11__bottom,0.686299204826355,0.6368767619132996,False
data/processed/cure_crops/11/bottom/customer/11_bottom_517.png,11__bottom,0.689124345779419,0.6640441417694092,False
data/processed/cure_crops/11/bottom/customer/11_bottom_518.png,11__bottom,0.6721140146255493,0.5854511260986328,False
data/processed/cure_crops/11/bottom/customer/11_bottom_519.png,11__bottom,0.6633672714233398,0.49304771423339844,False
data/processed/cure_crops/11/bottom/customer/11_bottom_520.png,11__bottom,0.695256769657135,0.6140061020851135,False
data/processed/cure_crops/11/top/customer/11_top_476.png,11__top,0.738937497138977,0.8844461441040039,False
data/processed/cure_crops/11/top/customer/11_top_478.png,11__top,0.7696182727813721,0.8826820254325867,False
data/processed/cure_crops/11/top/customer/11_top_479.png,11__top,0.6792782545089722,0.8597621321678162,False
data/processed/cure_crops/11/top/customer/11_top_480.png,11__top,0.7654269933700562,0.8297141194343567,False
data/processed/cure_crops/11/top/customer/11_top_481.png,11__top,0.7195489406585693,0.7705616354942322,False
data/processed/cure_crops/11/top/customer/11_top_482.png,11__top,0.7721487879753113,0.7703123092651367,False
data/processed/cure_crops/11/top/customer/11_top_483.png,11__top,0.5537137389183044,0.7324320077896118,False
data/processed/cure_crops/11/top/customer/11_top_484.png,11__top,0.6698555946350098,0.7358676791191101,False
data/processed/cure_crops/11/top/customer/11_top_485.png,11__top,0.6081230640411377,0.7347009778022766,False
data/processed/cure_crops/11/top/customer/11_top_486.png,11__top,0.7593762874603271,0.8066341876983643,False
data/processed/cure_crops/11/top/customer/11_top_487.png,11__top,0.7409420013427734,0.7053344249725342,False
data/processed/cure_crops/11/top/customer/11_top_488.png,11__top,0.7210706472396851,0.7257089614868164,False
data/processed/cure_crops/11/top/customer/11_top_489.png,11__top,0.7640523910522461,0.6760581731796265,False
data/processed/cure_crops/11/top/customer/11_top_490.png,11__top,0.7676427960395813,0.6352565884590149,False
data/processed/cure_crops/11/top/customer/11_top_491.png,11__top,0.7560738921165466,0.756060004234314,False
data/processed/cure_crops/11/top/customer/11_top_492.png,11__top,0.7567507028579712,0.5850785970687866,False
data/processed/cure_crops/11/top/customer/11_top_493.png,11__top,0.7508187294006348,0.6873296499252319,False
data/processed/cure_crops/11/top/customer/11_top_494.png,11__top,0.7615571022033691,0.5676069855690002,False
data/processed/cure_crops/11/top/customer/11_top_495.png,11__top,0.7141548991203308,0.6394220590591431,False
data/processed/cure_crops/11/top/customer/11_top_496.png,11__top,0.7256484031677246,0.7330102920532227,False
data/processed/cure_crops/11/top/customer/11_top_497.png,11__top,0.783825159072876,0.7420727014541626,False
data/processed/cure_crops/11/top/customer/11_top_498.png,11__top,0.7694213390350342,0.7115116119384766,False
data/processed/cure_crops/11/top/customer/11_top_499.png,11__top,0.7296512126922607,0.5813283920288086,False
data/processed/cure_crops/110/bottom/customer/110_bottom_4844.png,110__bottom,0.5713909268379211,0.6445833444595337,False
data/processed/cure_crops/110/bottom/customer/110_bottom_4845.png,110__bottom,0.6878251433372498,0.7445992827415466,False
data/processed/cure_crops/110/bottom/customer/110_bottom_4846.png,110__bottom,0.6116650104522705,0.755039393901825,False
data/processed/cure_crops/110/bottom/customer/110_bottom_4847.png,110__bottom,0.6685070991516113,0.7289544939994812,False
data/processed/cure_crops/110/bottom/customer/110_bottom_4848.png,110__bottom,0.45647042989730835,0.6246629953384399,False
data/processed/cure_crops/110/bottom/customer/110_bottom_4849.png,110__bottom,0.5325292348861694,0.5729595422744751,False
data/processed/cure_crops/110/bottom/customer/110_bottom_4850.png,110__bottom,0.6297438144683838,0.7945551872253418,False
data/processed/cure_crops/110/bottom/customer/110_bottom_4851.png,110__bottom,0.7503158450126648,0.7766314744949341,False
data/processed/cure_crops/110/bottom/customer/110_bottom_4852.png,110__bottom,0.6782528162002563,0.774368405342102,False
data/processed/cure_crops/110/bottom/customer/110_bottom_4853.png,110__bottom,0.6460616588592529,0.624821662902832,False
data/processed/cure_crops/110/bottom/customer/110_bottom_4854.png,110__bottom,0.7042267322540283,0.6676378846168518,False
data/processed/cure_crops/110/bottom/customer/110_bottom_4855.png,110__bottom,0.6729052662849426,0.6785897016525269,False
data/processed/cure_crops/110/bottom/customer/110_bottom_4856.png,110__bottom,0.700791597366333,0.6786405444145203,False
data/processed/cure_crops/110/bottom/customer/110_bottom_4857.png,110__bottom,0.6630063056945801,0.6148084998130798,False
data/processed/cure_crops/110/bottom/customer/110_bottom_4858.png,110__bottom,0.47704198956489563,0.2661364674568176,False
data/processed/cure_crops/110/bottom/customer/110_bottom_4859.png,110__bottom,0.6617861986160278,0.626203715801239,False
data/processed/cure_crops/110/bottom/customer/110_bottom_4860.png,110__bottom,0.7099254131317139,0.6639130115509033,False
data/processed/cure_crops/110/bottom/customer/110_bottom_4861.png,110__bottom,0.6806129217147827,0.5437062382698059,False
data/processed/cure_crops/110/bottom/customer/110_bottom_4862.png,110__bottom,0.6772729158401489,0.5614256858825684,False
data/processed/cure_crops/110/bottom/customer/110_bottom_4863.png,110__bottom,0.6102085113525391,0.5975077152252197,False
data/processed/cure_crops/110/bottom/customer/110_bottom_4864.png,110__bottom,0.6590611338615417,0.5813239812850952,False
data/processed/cure_crops/110/top/customer/110_top_4820.png,110__top,0.7627891302108765,0.7056001424789429,False
data/processed/cure_crops/110/top/customer/110_top_4821.png,110__top,0.7092067003250122,0.732952356338501,False
data/processed/cure_crops/110/top/customer/110_top_4822.png,110__top,0.6345453858375549,0.6730693578720093,False
data/processed/cure_crops/110/top/customer/110_top_4823.png,110__top,0.7318134903907776,0.725670576095581,False
data/processed/cure_crops/110/top/customer/110_top_4824.png,110__top,0.7800513505935669,0.8046367168426514,False
data/processed/cure_crops/110/top/customer/110_top_4825.png,110__top,0.5723199844360352,0.6139552593231201,False
data/processed/cure_crops/110/top/customer/110_top_4826.png,110__top,0.7141827940940857,0.7395048141479492,False
data/processed/cure_crops/110/top/customer/110_top_4827.png,110__top,0.6987257599830627,0.588032603263855,False
data/processed/cure_crops/110/top/customer/110_top_4828.png,110__top,0.7148635387420654,0.5793379545211792,False
data/processed/cure_crops/110/top/customer/110_top_4829.png,110__top,0.6738776564598083,0.5267308950424194,False
data/processed/cure_crops/110/top/customer/110_top_4830.png,110__top,0.6594933271408081,0.5790292024612427,False
data/processed/cure_crops/110/top/customer/110_top_4831.png,110__top,0.7318884134292603,0.6472577452659607,False
data/processed/cure_crops/110/top/customer/110_top_4832.png,110__top,0.8087674379348755,0.8138753771781921,False
data/processed/cure_crops/110/top/customer/110_top_4833.png,110__top,0.7942977547645569,0.819953203201294,False
data/processed/cure_crops/110/top/customer/110_top_4834.png,110__top,0.7444849610328674,0.7967243194580078,False
data/processed/cure_crops/110/top/customer/110_top_4835.png,110__top,0.6657974720001221,0.6184028387069702,False
data/processed/cure_crops/110/top/customer/110_top_4836.png,110__top,0.749840497970581,0.8267239332199097,False
data/processed/cure_crops/110/top/customer/110_top_4837.png,110__top,0.7460565567016602,0.654862642288208,False
data/processed/cure_crops/110/top/customer/110_top_4838.png,110__top,0.6481389999389648,0.712688684463501,False
data/processed/cure_crops/110/top/customer/110_top_4839.png,110__top,0.8103904128074646,0.7932838201522827,False
data/processed/cure_crops/110/top/customer/110_top_4840.png,110__top,0.7533923983573914,0.6575909852981567,False
data/processed/cure_crops/110/top/customer/110_top_4841.png,110__top,0.7625072002410889,0.71042799949646,False
data/processed/cure_crops/110/top/customer/110_top_4842.png,110__top,0.5121503472328186,0.3696843087673187,False
data/processed/cure_crops/110/top/customer/110_top_4843.png,110__top,0.774367094039917,0.7521933317184448,False
data/processed/cure_crops/111/bottom/customer/111_bottom_4890.png,111__bottom,0.508249044418335,0.7032998204231262,False
data/processed/cure_crops/111/bottom/customer/111_bottom_4891.png,111__bottom,0.6112349033355713,0.49655774235725403,False
data/processed/cure_crops/111/bottom/customer/111_bottom_4892.png,111__bottom,0.5531228184700012,0.5731363892555237,False
data/processed/cure_crops/111/bottom/customer/111_bottom_4894.png,111__bottom,0.558282732963562,0.5825610160827637,False
data/processed/cure_crops/111/bottom/customer/111_bottom_4895.png,111__bottom,0.5562732815742493,0.6374205350875854,False
data/processed/cure_crops/111/bottom/customer/111_bottom_4896.png,111__bottom,0.6365110874176025,0.6377203464508057,False
data/processed/cure_crops/111/bottom/customer/111_bottom_4897.png,111__bottom,0.5495010018348694,0.696355938911438,False
data/processed/cure_crops/111/bottom/customer/111_bottom_4898.png,111__bottom,0.5949164628982544,0.5123485326766968,False
data/processed/cure_crops/111/bottom/customer/111_bottom_4899.png,111__bottom,0.5335296988487244,0.6884104013442993,False
data/processed/cure_crops/111/bottom/customer/111_bottom_4900.png,111__bottom,0.4206969738006592,0.62063068151474,False
data/processed/cure_crops/111/bottom/customer/111_bottom_4901.png,111__bottom,0.5406632423400879,0.6426968574523926,False
data/processed/cure_crops/111/bottom/customer/111_bottom_4902.png,111__bottom,0.5498020648956299,0.5816447734832764,False
data/processed/cure_crops/111/bottom/customer/111_bottom_4903.png,111__bottom,0.5734446048736572,0.5348917841911316,False
data/processed/cure_crops/111/bottom/customer/111_bottom_4904.png,111__bottom,0.5745681524276733,0.6227009296417236,False
data/processed/cure_crops/111/bottom/customer/111_bottom_4905.png,111__bottom,0.5789728164672852,0.5351451635360718,False
data/processed/cure_crops/111/bottom/customer/111_bottom_4906.png,111__bottom,0.5927021503448486,0.5382357835769653,False
data/processed/cure_crops/111/bottom/customer/111_bottom_4907.png,111__bottom,0.5871785879135132,0.5462819337844849,False
data/processed/cure_crops/111/bottom/customer/111_bottom_4908.png,111__bottom,0.5619246959686279,0.5841116309165955,False
data/processed/cure_crops/111/bottom/customer/111_bottom_4909.png,111__bottom,0.5664726495742798,0.5265382528305054,False
data/processed/cure_crops/111/bottom/customer/111_bottom_4910.png,111__bottom,0.61232590675354,0.7098126411437988,False
data/processed/cure_crops/111/bottom/customer/111_bottom_4911.png,111__bottom,0.58710777759552,0.5605024695396423,False
data/processed/cure_crops/111/top/customer/111_top_4866.png,111__top,0.7514378428459167,0.6729761958122253,False
data/processed/cure_crops/111/top/customer/111_top_4867.png,111__top,0.7341821789741516,0.6334867477416992,False
data/processed/cure_crops/111/top/customer/111_top_4868.png,111__top,0.6633313298225403,0.8517573475837708,False
data/processed/cure_crops/111/top/customer/111_top_4869.png,111__top,0.6289941072463989,0.47017186880111694,False
data/processed/cure_crops/111/top/customer/111_top_4870.png,111__top,0.6603701114654541,0.48028290271759033,False
data/processed/cure_crops/111/top/customer/111_top_4871.png,111__top,0.7123372554779053,0.781529426574707,False
data/processed/cure_crops/111/top/customer/111_top_4872.png,111__top,0.673731803894043,0.6396822929382324,False
data/processed/cure_crops/111/top/customer/111_top_4873.png,111__top,0.6050646305084229,0.631412148475647,False
data/processed/cure_crops/111/top/customer/111_top_4874.png,111__top,0.6524580717086792,0.7394327521324158,False
data/processed/cure_crops/111/top/customer/111_top_4875.png,111__top,0.7163227796554565,0.7288170456886292,False
data/processed/cure_crops/111/top/customer/111_top_4876.png,111__top,0.6795870065689087,0.7549828290939331,False
data/processed/cure_crops/111/top/customer/111_top_4877.png,111__top,0.7484661340713501,0.5251640677452087,False
data/processed/cure_crops/111/top/customer/111_top_4878.png,111__top,0.7524014711380005,0.7217530012130737,False
data/processed/cure_crops/111/top/customer/111_top_4879.png,111__top,0.7763701677322388,0.6412254571914673,False
data/processed/cure_crops/111/top/customer/111_top_4880.png,111__top,0.5569167137145996,0.6190441846847534,False
data/processed/cure_crops/111/top/customer/111_top_4881.png,111__top,0.7178376913070679,0.7028328776359558,False
data/processed/cure_crops/111/top/customer/111_top_4882.png,111__top,0.6959536075592041,0.5006467700004578,False
data/processed/cure_crops/111/top/customer/111_top_4883.png,111__top,0.7875030636787415,0.48522499203681946,False
data/processed/cure_crops/111/top/customer/111_top_4884.png,111__top,0.7834172248840332,0.607683539390564,False
data/processed/cure_crops/111/top/customer/111_top_4885.png,111__top,0.7028549909591675,0.6278978586196899,False
data/processed/cure_crops/111/top/customer/111_top_4886.png,111__top,0.7650285959243774,0.7591254115104675,False
data/processed/cure_crops/111/top/customer/111_top_4887.png,111__top,0.7724913358688354,0.7193950414657593,False
data/processed/cure_crops/111/top/customer/111_top_4888.png,111__top,0.7458714246749878,0.6628335118293762,False
data/processed/cure_crops/111/top/customer/111_top_4889.png,111__top,0.7804452180862427,0.5480163097381592,False
data/processed/cure_crops/112/bottom/customer/112_bottom_4935.png,112__bottom,0.735926628112793,0.6909836530685425,False
data/processed/cure_crops/112/bottom/customer/112_bottom_4936.png,112__bottom,0.5951967835426331,0.6138947010040283,False
data/processed/cure_crops/112/bottom/customer/112_bottom_4937.png,112__bottom,0.5720242261886597,0.7482600212097168,False
data/processed/cure_crops/112/bottom/customer/112_bottom_4938.png,112__bottom,0.6015157699584961,0.6637284755706787,False
data/processed/cure_crops/112/bottom/customer/112_bottom_4939.png,112__bottom,0.5155545473098755,0.47028404474258423,False
data/processed/cure_crops/112/bottom/customer/112_bottom_4940.png,112__bottom,0.7214823365211487,0.6895513534545898,False
data/processed/cure_crops/112/bottom/customer/112_bottom_4941.png,112__bottom,0.526637852191925,0.5020327568054199,False
data/processed/cure_crops/112/bottom/customer/112_bottom_4942.png,112__bottom,0.48800981044769287,0.6185917258262634,False
data/processed/cure_crops/112/bottom/customer/112_bottom_4943.png,112__bottom,0.49196338653564453,0.5751477479934692,False
data/processed/cure_crops/112/bottom/customer/112_bottom_4944.png,112__bottom,0.6249670386314392,0.7036936283111572,False
data/processed/cure_crops/112/bottom/customer/112_bottom_4945.png,112__bottom,0.6049721240997314,0.7556472420692444,False
data/processed/cure_crops/112/bottom/customer/112_bottom_4946.png,112__bottom,0.5181326866149902,0.6957665085792542,False
data/processed/cure_crops/112/bottom/customer/112_bottom_4947.png,112__bottom,0.377971351146698,0.23707681894302368,False
data/processed/cure_crops/112/bottom/customer/112_bottom_4948.png,112__bottom,0.6465898156166077,0.7334439158439636,False
data/processed/cure_crops/112/bottom/customer/112_bottom_4949.png,112__bottom,0.7798001766204834,0.7205749154090881,False
data/processed/cure_crops/112/bottom/customer/112_bottom_4950.png,112__bottom,0.5887404680252075,0.6901270151138306,False
data/processed/cure_crops/112/bottom/customer/112_bottom_4951.png,112__bottom,0.5501468181610107,0.6871423721313477,False
data/processed/cure_crops/112/bottom/customer/112_bottom_4952.png,112__bottom,0.4918194115161896,0.7105438113212585,False
data/processed/cure_crops/112/bottom/customer/112_bottom_4953.png,112__bottom,0.6822255849838257,0.7888529300689697,False
data/processed/cure_crops/112/bottom/customer/112_bottom_4954.png,112__bottom,0.6628172397613525,0.7607694864273071,False
data/processed/cure_crops/112/bottom/customer/112_bottom_4955.png,112__bottom,0.6704959273338318,0.7469102144241333,False
data/processed/cure_crops/112/top/customer/112_top_4912.png,112__top,0.769707202911377,0.7408998012542725,False
data/processed/cure_crops/112/top/customer/112_top_4913.png,112__top,0.7471147775650024,0.7232363820075989,False
data/processed/cure_crops/112/top/customer/112_top_4914.png,112__top,0.6703907251358032,0.7560684680938721,False
data/processed/cure_crops/112/top/customer/112_top_4915.png,112__top,0.7371541261672974,0.7485150098800659,False
data/processed/cure_crops/112/top/customer/112_top_4916.png,112__top,0.6824967861175537,0.5458420515060425,False
data/processed/cure_crops/112/top/customer/112_top_4917.png,112__top,0.5954199433326721,0.8159425258636475,False
data/processed/cure_crops/112/top/customer/112_top_4918.png,112__top,0.6959325075149536,0.7072516679763794,False
data/processed/cure_crops/112/top/customer/112_top_4919.png,112__top,0.7035027742385864,0.8099750280380249,False
data/processed/cure_crops/112/top/customer/112_top_4920.png,112__top,0.6526851058006287,0.4573378264904022,False
data/processed/cure_crops/112/top/customer/112_top_4921.png,112__top,0.7004047632217407,0.7199552655220032,False
data/processed/cure_crops/112/top/customer/112_top_4922.png,112__top,0.7113433480262756,0.6984630823135376,False
data/processed/cure_crops/112/top/customer/112_top_4923.png,112__top,0.6751409769058228,0.7035229206085205,False
data/processed/cure_crops/112/top/customer/112_top_4924.png,112__top,0.687760591506958,0.6651055812835693,False
data/processed/cure_crops/112/top/customer/112_top_4925.png,112__top,0.714518666267395,0.6494972109794617,False
data/processed/cure_crops/112/top/customer/112_top_4926.png,112__top,0.7293813228607178,0.7371622323989868,False
data/processed/cure_crops/112/top/customer/112_top_4927.png,112__top,0.6940253973007202,0.6539729237556458,False
data/processed/cure_crops/112/top/customer/112_top_4928.png,112__top,0.631676197052002,0.7104122638702393,False
data/processed/cure_crops/112/top/customer/112_top_4929.png,112__top,0.6862710118293762,0.6861740946769714,False
data/processed/cure_crops/112/top/customer/112_top_4930.png,112__top,0.7081586122512817,0.674119770526886,False
data/processed/cure_crops/112/top/customer/112_top_4931.png,112__top,0.6785415410995483,0.6648482084274292,False
data/processed/cure_crops/112/top/customer/112_top_4932.png,112__top,0.7190898656845093,0.6836210489273071,False
data/processed/cure_crops/112/top/customer/112_top_4933.png,112__top,0.7264835238456726,0.7578085660934448,False
data/processed/cure_crops/112/top/customer/112_top_4934.png,112__top,0.735048770904541,0.7092729210853577,False
data/processed/cure_crops/113/bottom/customer/113_bottom_4979.png,113__bottom,0.6025972366333008,0.5978057384490967,False
data/processed/cure_crops/113/bottom/customer/113_bottom_4980.png,113__bottom,0.6356064677238464,0.7353785037994385,False
data/processed/cure_crops/113/bottom/customer/113_bottom_4981.png,113__bottom,0.7316410541534424,0.7744669318199158,False
data/processed/cure_crops/113/bottom/customer/113_bottom_4982.png,113__bottom,0.690961480140686,0.6209430694580078,False
data/processed/cure_crops/113/bottom/customer/113_bottom_4983.png,113__bottom,0.5806276202201843,0.5316994190216064,False
data/processed/cure_crops/113/bottom/customer/113_bottom_4984.png,113__bottom,0.6671161651611328,0.5886759757995605,False
data/processed/cure_crops/113/bottom/customer/113_bottom_4985.png,113__bottom,0.6407723426818848,0.7230088710784912,False
data/processed/cure_crops/113/bottom/customer/113_bottom_4986.png,113__bottom,0.5717488527297974,0.6339378356933594,False
data/processed/cure_crops/113/bottom/customer/113_bottom_4987.png,113__bottom,0.314223051071167,0.2847744822502136,False
data/processed/cure_crops/113/bottom/customer/113_bottom_4988.png,113__bottom,0.5584094524383545,0.5518630743026733,False
data/processed/cure_crops/113/bottom/customer/113_bottom_4989.png,113__bottom,0.5231537818908691,0.47602933645248413,False
data/processed/cure_crops/113/bottom/customer/113_bottom_4990.png,113__bottom,0.6083678603172302,0.513714075088501,False
data/processed/cure_crops/113/bottom/customer/113_bottom_4991.png,113__bottom,0.5737016201019287,0.5097569227218628,False
data/processed/cure_crops/113/bottom/customer/113_bottom_4992.png,113__bottom,0.6363806128501892,0.544238805770874,False
data/processed/cure_crops/113/bottom/customer/113_bottom_4993.png,113__bottom,0.6959695816040039,0.49510714411735535,False
data/processed/cure_crops/113/bottom/customer/113_bottom_4994.png,113__bottom,0.7223976850509644,0.6921095848083496,False
data/processed/cure_crops/113/bottom/customer/113_bottom_4995.png,113__bottom,0.5933939218521118,0.5568544268608093,False
data/processed/cure_crops/113/top/customer/113_top_4957.png,113__top,0.6239814758300781,0.7790472507476807,False
data/processed/cure_crops/113/top/customer/113_top_4958.png,113__top,0.7635298371315002,0.8776150345802307,False
data/processed/cure_crops/113/top/customer/113_top_4959.png,113__top,0.7156495451927185,0.8161834478378296,False
data/processed/cure_crops/113/top/customer/113_top_4960.png,113__top,0.5248329639434814,0.7050955295562744,False
data/processed/cure_crops/113/top/customer/113_top_4961.png,113__top,0.6716194748878479,0.70145183801651,False
data/processed/cure_crops/113/top/customer/113_top_4962.png,113__top,0.7302207946777344,0.7279262542724609,False
data/processed/cure_crops/113/top/customer/113_top_4963.png,113__top,0.7138539552688599,0.7146342992782593,False
data/processed/cure_crops/113/top/customer/113_top_4964.png,113__top,0.715973973274231,0.7277069091796875,False
data/processed/cure_crops/113/top/customer/113_top_4965.png,113__top,0.6019477844238281,0.609266996383667,False
data/processed/cure_crops/113/top/customer/113_top_4966.png,113__top,0.6831262111663818,0.7079758644104004,False
data/processed/cure_crops/113/top/customer/113_top_4967.png,113__top,0.5862520933151245,0.5553102493286133,False
data/processed/cure_crops/113/top/customer/113_top_4968.png,113__top,0.6479935646057129,0.5251572132110596,False
data/processed/cure_crops/113/top/customer/113_top_4969.png,113__top,0.6244930028915405,0.6422061324119568,False
data/processed/cure_crops/113/top/customer/113_top_4971.png,113__top,0.6023010611534119,0.5705031156539917,False
data/processed/cure_crops/113/top/customer/113_top_4972.png,113__top,0.5151635408401489,0.48015135526657104,False
data/processed/cure_crops/113/top/customer/113_top_4973.png,113__top,0.5747784376144409,0.5220450162887573,False
data/processed/cure_crops/113/top/customer/113_top_4974.png,113__top,0.5665662884712219,0.4324911832809448,False
data/processed/cure_crops/113/top/customer/113_top_4975.png,113__top,0.6481839418411255,0.5442329049110413,False
data/processed/cure_crops/113/top/customer/113_top_4976.png,113__top,0.6187398433685303,0.36244475841522217,False
data/processed/cure_crops/113/top/customer/113_top_4977.png,113__top,0.5161861181259155,0.4970264136791229,False
data/processed/cure_crops/113/top/customer/113_top_4978.png,113__top,0.6566146612167358,0.4984677731990814,False
data/processed/cure_crops/114/bottom/customer/114_bottom_5016.png,114__bottom,0.5579622983932495,0.701346755027771,False
data/processed/cure_crops/114/bottom/customer/114_bottom_5017.png,114__bottom,0.619781494140625,0.7447786331176758,False
data/processed/cure_crops/114/bottom/customer/114_bottom_5018.png,114__bottom,0.645691990852356,0.7713879346847534,False
data/processed/cure_crops/114/bottom/customer/114_bottom_5019.png,114__bottom,0.5628340244293213,0.7606766819953918,False
data/processed/cure_crops/114/bottom/customer/114_bottom_5020.png,114__bottom,0.5807113647460938,0.5301364660263062,False
data/processed/cure_crops/114/bottom/customer/114_bottom_5021.png,114__bottom,0.4687398076057434,0.45363467931747437,False
data/processed/cure_crops/114/bottom/customer/114_bottom_5022.png,114__bottom,0.669513463973999,0.7282081842422485,False
data/processed/cure_crops/114/bottom/customer/114_bottom_5023.png,114__bottom,0.601207971572876,0.5819241404533386,False
data/processed/cure_crops/114/bottom/customer/114_bottom_5024.png,114__bottom,0.5804911851882935,0.6023979187011719,False
data/processed/cure_crops/114/bottom/customer/114_bottom_5025.png,114__bottom,0.6870236396789551,0.5914199948310852,False
data/processed/cure_crops/114/bottom/customer/114_bottom_5026.png,114__bottom,0.6626129746437073,0.7818275094032288,False
data/processed/cure_crops/114/bottom/customer/114_bottom_5027.png,114__bottom,0.673430323600769,0.7587791681289673,False
data/processed/cure_crops/114/bottom/customer/114_bottom_5028.png,114__bottom,0.6537516117095947,0.7608576416969299,False
data/processed/cure_crops/114/bottom/customer/114_bottom_5029.png,114__bottom,0.7209253907203674,0.7817620038986206,False
data/processed/cure_crops/114/bottom/customer/114_bottom_5030.png,114__bottom,0.7307008504867554,0.7169328927993774,False
data/processed/cure_crops/114/bottom/customer/114_bottom_5031.png,114__bottom,0.6849492788314819,0.6989398002624512,False
data/processed/cure_crops/114/bottom/customer/114_bottom_5032.png,114__bottom,0.6688432097434998,0.7582696676254272,False
data/processed/cure_crops/114/bottom/customer/114_bottom_5033.png,114__bottom,0.7046634554862976,0.7288223505020142,False
data/processed/cure_crops/114/bottom/customer/114_bottom_5034.png,114__bottom,0.7318402528762817,0.6986116766929626,False
data/processed/cure_crops/114/bottom/customer/114_bottom_5035.png,114__bottom,0.6738271117210388,0.6640879511833191,False
data/processed/cure_crops/114/bottom/customer/114_bottom_5036.png,114__bottom,0.6713775396347046,0.7613239884376526,False
data/processed/cure_crops/114/top/customer/114_top_4996.png,114__top,0.669700026512146,0.7607466578483582,False
data/processed/cure_crops/114/top/customer/114_top_4997.png,114__top,0.6512025594711304,0.71429842710495,False
data/processed/cure_crops/114/top/customer/114_top_4998.png,114__top,0.693366527557373,0.8730195760726929,False
data/processed/cure_crops/114/top/customer/114_top_4999.png,114__top,0.706668496131897,0.8451705574989319,False
data/processed/cure_crops/114/top/customer/114_top_5000.png,114__top,0.5956276059150696,0.6118572354316711,False
data/processed/cure_crops/114/top/customer/114_top_5001.png,114__top,0.6218715310096741,0.616571307182312,False
data/processed/cure_crops/114/top/customer/114_top_5002.png,114__top,0.6758208870887756,0.6888964176177979,False
data/processed/cure_crops/114/top/customer/114_top_5003.png,114__top,0.6434276700019836,0.5924991369247437,False
data/processed/cure_crops/114/top/customer/114_top_5004.png,114__top,0.6496486663818359,0.5865147113800049,False
data/processed/cure_crops/114/top/customer/114_top_5005.png,114__top,0.5388546586036682,0.7780519127845764,False
data/processed/cure_crops/114/top/customer/114_top_5006.png,114__top,0.6623865962028503,0.6129729151725769,False
data/processed/cure_crops/114/top/customer/114_top_5007.png,114__top,0.7180652618408203,0.6245966553688049,False
data/processed/cure_crops/114/top/customer/114_top_5008.png,114__top,0.7099145650863647,0.7196303606033325,False
data/processed/cure_crops/114/top/customer/114_top_5009.png,114__top,0.7000852823257446,0.7539895176887512,False
data/processed/cure_crops/114/top/customer/114_top_5010.png,114__top,0.6771358251571655,0.6705096960067749,False
data/processed/cure_crops/114/top/customer/114_top_5011.png,114__top,0.6297209858894348,0.6586169004440308,False
data/processed/cure_crops/114/top/customer/114_top_5012.png,114__top,0.7318179607391357,0.6517069935798645,False
data/processed/cure_crops/114/top/customer/114_top_5013.png,114__top,0.5703257918357849,0.6066279411315918,False
data/processed/cure_crops/114/top/customer/114_top_5014.png,114__top,0.6886688470840454,0.7554867267608643,False
data/processed/cure_crops/114/top/customer/114_top_5015.png,114__top,0.6809918880462646,0.6338217258453369,False
data/processed/cure_crops/115/bottom/customer/115_bottom_5058.png,115__bottom,0.6525356769561768,0.6760485172271729,False
data/processed/cure_crops/115/bottom/customer/115_bottom_5059.png,115__bottom,0.5923725962638855,0.6426074504852295,False
data/processed/cure_crops/115/bottom/customer/115_bottom_5060.png,115__bottom,0.6636260747909546,0.6166902780532837,False
data/processed/cure_crops/115/bottom/customer/115_bottom_5061.png,115__bottom,0.5532629489898682,0.7465507388114929,False
data/processed/cure_crops/115/bottom/customer/115_bottom_5062.png,115__bottom,0.5353734493255615,0.5772523880004883,False
data/processed/cure_crops/115/bottom/customer/115_bottom_5063.png,115__bottom,0.5575994253158569,0.6588766574859619,False
data/processed/cure_crops/115/bottom/customer/115_bottom_5064.png,115__bottom,0.6638215184211731,0.5399746894836426,False
data/processed/cure_crops/115/bottom/customer/115_bottom_5065.png,115__bottom,0.6442685127258301,0.44669073820114136,False
data/processed/cure_crops/115/bottom/customer/115_bottom_5066.png,115__bottom,0.6427760124206543,0.46026670932769775,False
data/processed/cure_crops/115/bottom/customer/115_bottom_5067.png,115__bottom,0.7682894468307495,0.73832768201828,False
data/processed/cure_crops/115/bottom/customer/115_bottom_5068.png,115__bottom,0.7645437717437744,0.5643472671508789,False
data/processed/cure_crops/115/bottom/customer/115_bottom_5069.png,115__bottom,0.7573987245559692,0.606905460357666,False
data/processed/cure_crops/115/bottom/customer/115_bottom_5070.png,115__bottom,0.6975871324539185,0.6861206889152527,False
data/processed/cure_crops/115/bottom/customer/115_bottom_5071.png,115__bottom,0.6916670203208923,0.6480420827865601,False
data/processed/cure_crops/115/bottom/customer/115_bottom_5072.png,115__bottom,0.8011637926101685,0.6286091208457947,False
data/processed/cure_crops/115/bottom/customer/115_bottom_5073.png,115__bottom,0.6821944117546082,0.7261263132095337,False
data/processed/cure_crops/115/bottom/customer/115_bottom_5074.png,115__bottom,0.7809507846832275,0.6712563037872314,False
data/processed/cure_crops/115/bottom/customer/115_bottom_5075.png,115__bottom,0.7123521566390991,0.6472610235214233,False
data/processed/cure_crops/115/bottom/customer/115_bottom_5076.png,115__bottom,0.6941490173339844,0.7339459657669067,False
data/processed/cure_crops/115/top/customer/115_top_5037.png,115__top,0.694853663444519,0.6284452676773071,False
data/processed/cure_crops/115/top/customer/115_top_5038.png,115__top,0.7480905055999756,0.6823464632034302,False
data/processed/cure_crops/115/top/customer/115_top_5039.png,115__top,0.7891737222671509,0.7026144862174988,False
data/processed/cure_crops/115/top/customer/115_top_5040.png,115__top,0.7895654439926147,0.7522786855697632,False
data/processed/cure_crops/115/top/customer/115_top_5041.png,115__top,0.6933290958404541,0.6241191625595093,False
data/processed/cure_crops/115/top/customer/115_top_5042.png,115__top,0.7007231712341309,0.5977450609207153,False
data/processed/cure_crops/115/top/customer/115_top_5043.png,115__top,0.6222557425498962,0.6526709198951721,False
data/processed/cure_crops/115/top/customer/115_top_5044.png,115__top,0.6901100873947144,0.7004011273384094,False
data/processed/cure_crops/115/top/customer/115_top_5045.png,115__top,0.6408260464668274,0.6940613985061646,False
data/processed/cure_crops/115/top/customer/115_top_5046.png,115__top,0.664759635925293,0.608069896697998,False
data/processed/cure_crops/115/top/customer/115_top_5047.png,115__top,0.7582240104675293,0.6042901277542114,False
data/processed/cure_crops/115/top/customer/115_top_5048.png,115__top,0.6746312975883484,0.6279597282409668,False
data/processed/cure_crops/115/top/customer/115_top_5049.png,115__top,0.6656441688537598,0.5983280539512634,False
data/processed/cure_crops/115/top/customer/115_top_5050.png,115__top,0.7412680387496948,0.5254044532775879,False
data/processed/cure_crops/115/top/customer/115_top_5051.png,115__top,0.7700839638710022,0.7119259834289551,False
data/processed/cure_crops/115/top/customer/115_top_5052.png,115__top,0.8146021366119385,0.6667231917381287,False
data/processed/cure_crops/115/top/customer/115_top_5053.png,115__top,0.6893454790115356,0.5234329700469971,False
data/processed/cure_crops/115/top/customer/115_top_5054.png,115__top,0.7362030744552612,0.6564213037490845,False
data/processed/cure_crops/115/top/customer/115_top_5055.png,115__top,0.7505234479904175,0.5927013158798218,False
data/processed/cure_crops/115/top/customer/115_top_5056.png,115__top,0.7659465074539185,0.46124523878097534,False
data/processed/cure_crops/115/top/customer/115_top_5057.png,115__top,0.7655898928642273,0.6977785229682922,False
data/processed/cure_crops/116/bottom/customer/116_bottom_5097.png,116__bottom,0.6715207099914551,0.7046756744384766,False
data/processed/cure_crops/116/bottom/customer/116_bottom_5098.png,116__bottom,0.6757731437683105,0.7089070081710815,False
data/processed/cure_crops/116/bottom/customer/116_bottom_5099.png,116__bottom,0.6006982326507568,0.7141765356063843,False
data/processed/cure_crops/116/bottom/customer/116_bottom_5100.png,116__bottom,0.6146807074546814,0.7034039497375488,False
data/processed/cure_crops/116/bottom/customer/116_bottom_5101.png,116__bottom,0.6078332662582397,0.6670916080474854,False
data/processed/cure_crops/116/bottom/customer/116_bottom_5102.png,116__bottom,0.697921872138977,0.7020149230957031,False
data/processed/cure_crops/116/bottom/customer/116_bottom_5103.png,116__bottom,0.6328706741333008,0.7242298126220703,False
data/processed/cure_crops/116/bottom/customer/116_bottom_5104.png,116__bottom,0.6089478135108948,0.7116663455963135,False
data/processed/cure_crops/116/bottom/customer/116_bottom_5105.png,116__bottom,0.7587121725082397,0.8070772886276245,False
data/processed/cure_crops/116/bottom/customer/116_bottom_5106.png,116__bottom,0.7962425947189331,0.7615761160850525,False
data/processed/cure_crops/116/bottom/customer/116_bottom_5107.png,116__bottom,0.7582135200500488,0.7026909589767456,False
data/processed/cure_crops/116/bottom/customer/116_bottom_5108.png,116__bottom,0.7190696597099304,0.6827945709228516,False
data/processed/cure_crops/116/bottom/customer/116_bottom_5109.png,116__bottom,0.7472839951515198,0.7214637398719788,False
data/processed/cure_crops/116/bottom/customer/116_bottom_5110.png,116__bottom,0.7368041276931763,0.735090970993042,False
data/processed/cure_crops/116/bottom/customer/116_bottom_5111.png,116__bottom,0.6453091502189636,0.7144736051559448,False
data/processed/cure_crops/116/bottom/customer/116_bottom_5112.png,116__bottom,0.719398558139801,0.7133457660675049,False
data/processed/cure_crops/116/bottom/customer/116_bottom_5113.png,116__bottom,0.6277742981910706,0.6707432270050049,False
data/processed/cure_crops/116/bottom/customer/116_bottom_5114.png,116__bottom,0.7737449407577515,0.765869677066803,False
data/processed/cure_crops/116/bottom/customer/116_bottom_5115.png,116__bottom,0.7560397982597351,0.734126091003418,False
data/processed/cure_crops/116/bottom/customer/116_bottom_5116.png,116__bottom,0.6283249855041504,0.7489995360374451,False
data/processed/cure_crops/116/bottom/customer/116_bottom_5117.png,116__bottom,0.7005933523178101,0.6704641580581665,False
data/processed/cure_crops/116/top/customer/116_top_5077.png,116__top,0.6559510231018066,0.8307316303253174,False
data/processed/cure_crops/116/top/customer/116_top_5078.png,116__top,0.7725030779838562,0.7796413898468018,False
data/processed/cure_crops/116/top/customer/116_top_5079.png,116__top,0.7028629779815674,0.8180173635482788,False
data/processed/cure_crops/116/top/customer/116_top_5080.png,116__top,0.7341374158859253,0.8793721199035645,False
data/processed/cure_crops/116/top/customer/116_top_5081.png,116__top,0.6704109907150269,0.7358709573745728,False
data/processed/cure_crops/116/top/customer/116_top_5082.png,116__top,0.8308621644973755,0.8049278855323792,False
data/processed/cure_crops/116/top/customer/116_top_5083.png,116__top,0.7486010789871216,0.6783421039581299,False
data/processed/cure_crops/116/top/customer/116_top_5084.png,116__top,0.7864032983779907,0.783623456954956,False
data/processed/cure_crops/116/top/customer/116_top_5085.png,116__top,0.7539483308792114,0.7373019456863403,False
data/processed/cure_crops/116/top/customer/116_top_5086.png,116__top,0.6589748859405518,0.7909955978393555,False
data/processed/cure_crops/116/top/customer/116_top_5087.png,116__top,0.6610758304595947,0.8249630928039551,False
data/processed/cure_crops/116/top/customer/116_top_5088.png,116__top,0.7749424576759338,0.8800716400146484,False
data/processed/cure_crops/116/top/customer/116_top_5089.png,116__top,0.7655476331710815,0.8024420738220215,False
data/processed/cure_crops/116/top/customer/116_top_5090.png,116__top,0.71856689453125,0.7841013669967651,False
data/processed/cure_crops/116/top/customer/116_top_5091.png,116__top,0.7143656611442566,0.8626886010169983,False
data/processed/cure_crops/116/top/customer/116_top_5092.png,116__top,0.6827219724655151,0.7612818479537964,False
data/processed/cure_crops/116/top/customer/116_top_5093.png,116__top,0.6810333728790283,0.8425755500793457,False
data/processed/cure_crops/116/top/customer/116_top_5094.png,116__top,0.6883821487426758,0.7758171558380127,False
data/processed/cure_crops/116/top/customer/116_top_5095.png,116__top,0.771174967288971,0.8575452566146851,False
data/processed/cure_crops/116/top/customer/116_top_5096.png,116__top,0.6776881217956543,0.7067432403564453,False
data/processed/cure_crops/117/bottom/customer/117_bottom_5138.png,117__bottom,0.65854412317276,0.820803701877594,False
data/processed/cure_crops/117/bottom/customer/117_bottom_5139.png,117__bottom,0.7274345755577087,0.8512660264968872,False
data/processed/cure_crops/117/bottom/customer/117_bottom_5140.png,117__bottom,0.6530606150627136,0.838661789894104,False
data/processed/cure_crops/117/bottom/customer/117_bottom_5141.png,117__bottom,0.7037838697433472,0.8083673715591431,False
data/processed/cure_crops/117/bottom/customer/117_bottom_5143.png,117__bottom,0.5517202019691467,0.7546013593673706,False
data/processed/cure_crops/117/bottom/customer/117_bottom_5144.png,117__bottom,0.5403684377670288,0.5155670642852783,False
data/processed/cure_crops/117/bottom/customer/117_bottom_5145.png,117__bottom,0.6494241952896118,0.5800378322601318,False
data/processed/cure_crops/117/bottom/customer/117_bottom_5146.png,117__bottom,0.6688553094863892,0.6534925103187561,False
data/processed/cure_crops/117/bottom/customer/117_bottom_5147.png,117__bottom,0.6683145761489868,0.512879490852356,False
data/processed/cure_crops/117/bottom/customer/117_bottom_5148.png,117__bottom,0.4959045648574829,0.5086298584938049,False
data/processed/cure_crops/117/bottom/customer/117_bottom_5149.png,117__bottom,0.7157108783721924,0.6364212036132812,False
data/processed/cure_crops/117/bottom/customer/117_bottom_5150.png,117__bottom,0.7635306119918823,0.6772362589836121,False
data/processed/cure_crops/117/bottom/customer/117_bottom_5151.png,117__bottom,0.684564471244812,0.3958115577697754,False
data/processed/cure_crops/117/bottom/customer/117_bottom_5152.png,117__bottom,0.742419421672821,0.7521637678146362,False
data/processed/cure_crops/117/bottom/customer/117_bottom_5153.png,117__bottom,0.4872560203075409,0.4826226234436035,False
data/processed/cure_crops/117/bottom/customer/117_bottom_5154.png,117__bottom,0.7531322240829468,0.7256277799606323,False
data/processed/cure_crops/117/top/customer/117_top_5118.png,117__top,0.6707008481025696,0.661767840385437,False
data/processed/cure_crops/117/top/customer/117_top_5119.png,117__top,0.697495698928833,0.7487529516220093,False
data/processed/cure_crops/117/top/customer/117_top_5120.png,117__top,0.6621460914611816,0.8164195418357849,False
data/processed/cure_crops/117/top/customer/117_top_5122.png,117__top,0.5494599342346191,0.6209052801132202,False
data/processed/cure_crops/117/top/customer/117_top_5123.png,117__top,0.6347014307975769,0.6820700168609619,False
data/processed/cure_crops/117/top/customer/117_top_5124.png,117__top,0.7124625444412231,0.6638606786727905,False
data/processed/cure_crops/117/top/customer/117_top_5125.png,117__top,0.6638864278793335,0.6291294097900391,False
data/processed/cure_crops/117/top/customer/117_top_5126.png,117__top,0.70450359582901,0.6805543899536133,False
data/processed/cure_crops/117/top/customer/117_top_5127.png,117__top,0.6211048364639282,0.7406971454620361,False
data/processed/cure_crops/117/top/customer/117_top_5128.png,117__top,0.688747763633728,0.7240955829620361,False
data/processed/cure_crops/117/top/customer/117_top_5129.png,117__top,0.6455339193344116,0.6802046895027161,False
data/processed/cure_crops/117/top/customer/117_top_5130.png,117__top,0.6064542531967163,0.7136258482933044,False
data/processed/cure_crops/117/top/customer/117_top_5131.png,117__top,0.6966758370399475,0.7284407615661621,False
data/processed/cure_crops/117/top/customer/117_top_5132.png,117__top,0.5932767391204834,0.7380101680755615,False
data/processed/cure_crops/117/top/customer/117_top_5133.png,117__top,0.6025955677032471,0.6724045276641846,False
data/processed/cure_crops/117/top/customer/117_top_5134.png,117__top,0.6631161570549011,0.5743435621261597,False
data/processed/cure_crops/117/top/customer/117_top_5135.png,117__top,0.653779149055481,0.6240942478179932,False
data/processed/cure_crops/117/top/customer/117_top_5136.png,117__top,0.549652099609375,0.5424302816390991,False
data/processed/cure_crops/117/top/customer/117_top_5137.png,117__top,0.615065336227417,0.6741732358932495,False
data/processed/cure_crops/118/bottom/customer/118_bottom_5174.png,118__bottom,0.6942815780639648,0.7721825242042542,False
data/processed/cure_crops/118/bottom/customer/118_bottom_5176.png,118__bottom,0.6917160749435425,0.574582576751709,False
data/processed/cure_crops/118/bottom/customer/118_bottom_5177.png,118__bottom,0.6218808889389038,0.6283637881278992,False
data/processed/cure_crops/118/bottom/customer/118_bottom_5178.png,118__bottom,0.6166880130767822,0.6113777160644531,False
data/processed/cure_crops/118/bottom/customer/118_bottom_5179.png,118__bottom,0.6438958644866943,0.5779980421066284,False
data/processed/cure_crops/118/bottom/customer/118_bottom_5180.png,118__bottom,0.674760103225708,0.574082612991333,False
data/processed/cure_crops/118/bottom/customer/118_bottom_5181.png,118__bottom,0.6754755973815918,0.573300838470459,False
data/processed/cure_crops/118/bottom/customer/118_bottom_5182.png,118__bottom,0.7172127962112427,0.5433073043823242,False
data/processed/cure_crops/118/bottom/customer/118_bottom_5183.png,118__bottom,0.7312755584716797,0.6193585395812988,False
data/processed/cure_crops/118/bottom/customer/118_bottom_5184.png,118__bottom,0.6867544651031494,0.5816816687583923,False
data/processed/cure_crops/118/bottom/customer/118_bottom_5185.png,118__bottom,0.7287615537643433,0.5413782596588135,False
data/processed/cure_crops/118/bottom/customer/118_bottom_5186.png,118__bottom,0.7135617733001709,0.48774904012680054,False
data/processed/cure_crops/118/bottom/customer/118_bottom_5187.png,118__bottom,0.7028454542160034,0.5300086736679077,False
data/processed/cure_crops/118/bottom/customer/118_bottom_5188.png,118__bottom,0.7292770743370056,0.39511650800704956,False
data/processed/cure_crops/118/bottom/customer/118_bottom_5189.png,118__bottom,0.7368559837341309,0.4761445224285126,False
data/processed/cure_crops/118/bottom/customer/118_bottom_5190.png,118__bottom,0.7164767384529114,0.4900122284889221,False
data/processed/cure_crops/118/bottom/customer/118_bottom_5191.png,118__bottom,0.6985917091369629,0.5820136070251465,False
data/processed/cure_crops/118/bottom/customer/118_bottom_5192.png,118__bottom,0.678077220916748,0.5327261686325073,False
data/processed/cure_crops/118/bottom/customer/118_bottom_5193.png,118__bottom,0.7350692749023438,0.5836852788925171,False
data/processed/cure_crops/118/top/customer/118_top_5155.png,118__top,0.8483579754829407,0.8009642362594604,False
data/processed/cure_crops/118/top/customer/118_top_5156.png,118__top,0.7282609939575195,0.7608650326728821,False
data/processed/cure_crops/118/top/customer/118_top_5157.png,118__top,0.6769775152206421,0.688770592212677,False
data/processed/cure_crops/118/top/customer/118_top_5158.png,118__top,0.7502467632293701,0.6694502830505371,False
data/processed/cure_crops/118/top/customer/118_top_5159.png,118__top,0.6316893100738525,0.5335983633995056,False
data/processed/cure_crops/118/top/customer/118_top_5160.png,118__top,0.6200106143951416,0.4265124797821045,False
data/processed/cure_crops/118/top/customer/118_top_5161.png,118__top,0.6871765851974487,0.4892403483390808,False
data/processed/cure_crops/118/top/customer/118_top_5162.png,118__top,0.7253836393356323,0.5446552634239197,False
data/processed/cure_crops/118/top/customer/118_top_5163.png,118__top,0.7166990041732788,0.4502863883972168,False
data/processed/cure_crops/118/top/customer/118_top_5164.png,118__top,0.7074817419052124,0.6539355516433716,False
data/processed/cure_crops/118/top/customer/118_top_5165.png,118__top,0.6495652198791504,0.7499611973762512,False
data/processed/cure_crops/118/top/customer/118_top_5166.png,118__top,0.6346801519393921,0.6436586380004883,False
data/processed/cure_crops/118/top/customer/118_top_5167.png,118__top,0.6675572395324707,0.5837874412536621,False
data/processed/cure_crops/118/top/customer/118_top_5168.png,118__top,0.6232345104217529,0.6936257481575012,False
data/processed/cure_crops/118/top/customer/118_top_5169.png,118__top,0.6895915269851685,0.687986433506012,False
data/processed/cure_crops/118/top/customer/118_top_5170.png,118__top,0.6397243738174438,0.5006718635559082,False
data/processed/cure_crops/118/top/customer/118_top_5171.png,118__top,0.5916447639465332,0.5891239047050476,False
data/processed/cure_crops/118/top/customer/118_top_5172.png,118__top,0.6318649649620056,0.655536413192749,False
data/processed/cure_crops/118/top/customer/118_top_5173.png,118__top,0.6846962571144104,0.45393502712249756,False
data/processed/cure_crops/119/bottom/customer/119_bottom_5215.png,119__bottom,0.7075506448745728,0.8177974224090576,False
data/processed/cure_crops/119/bottom/customer/119_bottom_5216.png,119__bottom,0.7058797478675842,0.8017167448997498,False
data/processed/cure_crops/119/bottom/customer/119_bottom_5217.png,119__bottom,0.6835585236549377,0.784637451171875,False
data/processed/cure_crops/119/bottom/customer/119_bottom_5218.png,119__bottom,0.7374554872512817,0.8520395159721375,False
data/processed/cure_crops/119/bottom/customer/119_bottom_5219.png,119__bottom,0.6206967830657959,0.7283912301063538,False
data/processed/cure_crops/119/bottom/customer/119_bottom_5220.png,119__bottom,0.604515016078949,0.771863579750061,False
data/processed/cure_crops/119/bottom/customer/119_bottom_5221.png,119__bottom,0.6738608479499817,0.6091997623443604,False
data/processed/cure_crops/119/bottom/customer/119_bottom_5222.png,119__bottom,0.6494653224945068,0.61446213722229,False
data/processed/cure_crops/119/bottom/customer/119_bottom_5223.png,119__bottom,0.7361778616905212,0.5930701494216919,False
data/processed/cure_crops/119/bottom/customer/119_bottom_5224.png,119__bottom,0.7131415009498596,0.7497268915176392,False
data/processed/cure_crops/119/bottom/customer/119_bottom_5225.png,119__bottom,0.6458389759063721,0.658054530620575,False
data/processed/cure_crops/119/bottom/customer/119_bottom_5226.png,119__bottom,0.6958831548690796,0.6671711206436157,False
data/processed/cure_crops/119/bottom/customer/119_bottom_5227.png,119__bottom,0.6999673843383789,0.6302564740180969,False
data/processed/cure_crops/119/bottom/customer/119_bottom_5228.png,119__bottom,0.7254797220230103,0.7098207473754883,False
data/processed/cure_crops/119/bottom/customer/119_bottom_5229.png,119__bottom,0.3701213002204895,0.4176453948020935,False
data/processed/cure_crops/119/bottom/customer/119_bottom_5230.png,119__bottom,0.7394624352455139,0.7743285894393921,False
data/processed/cure_crops/119/bottom/customer/119_bottom_5231.png,119__bottom,0.683000922203064,0.7429944276809692,False
data/processed/cure_crops/119/bottom/customer/119_bottom_5232.png,119__bottom,0.6756356358528137,0.6609705686569214,False
data/processed/cure_crops/119/bottom/customer/119_bottom_5233.png,119__bottom,0.7434949278831482,0.8184081315994263,False
data/processed/cure_crops/119/bottom/customer/119_bottom_5234.png,119__bottom,0.7480816841125488,0.8250529766082764,False
data/processed/cure_crops/119/bottom/customer/119_bottom_5235.png,119__bottom,0.6370254755020142,0.6720170378684998,False
data/processed/cure_crops/119/bottom/customer/119_bottom_5236.png,119__bottom,0.6412994861602783,0.6850816011428833,False
data/processed/cure_crops/119/bottom/customer/119_bottom_5237.png,119__bottom,0.6756207346916199,0.7079342603683472,False
data/processed/cure_crops/119/top/customer/119_top_5194.png,119__top,0.8072439432144165,0.7817943096160889,False
data/processed/cure_crops/119/top/customer/119_top_5195.png,119__top,0.7799620628356934,0.7297786474227905,False
data/processed/cure_crops/119/top/customer/119_top_5197.png,119__top,0.6303932070732117,0.7507268190383911,False
data/processed/cure_crops/119/top/customer/119_top_5198.png,119__top,0.4880748987197876,0.6326128244400024,False
data/processed/cure_crops/119/top/customer/119_top_5199.png,119__top,0.6333371996879578,0.6336870789527893,False
data/processed/cure_crops/119/top/customer/119_top_5200.png,119__top,0.6693829298019409,0.5405976176261902,False
data/processed/cure_crops/119/top/customer/119_top_5201.png,119__top,0.7559175491333008,0.5779246687889099,False
data/processed/cure_crops/119/top/customer/119_top_5202.png,119__top,0.7659814953804016,0.7122148275375366,False
data/processed/cure_crops/119/top/customer/119_top_5203.png,119__top,0.6353444457054138,0.6487525105476379,False
data/processed/cure_crops/119/top/customer/119_top_5204.png,119__top,0.7877275943756104,0.7481719255447388,False
data/processed/cure_crops/119/top/customer/119_top_5205.png,119__top,0.710735559463501,0.6365929841995239,False
data/processed/cure_crops/119/top/customer/119_top_5206.png,119__top,0.6740479469299316,0.7786116600036621,False
data/processed/cure_crops/119/top/customer/119_top_5207.png,119__top,0.7295982241630554,0.7142306566238403,False
data/processed/cure_crops/119/top/customer/119_top_5208.png,119__top,0.39323145151138306,0.5635660886764526,False
data/processed/cure_crops/119/top/customer/119_top_5209.png,119__top,0.6977037191390991,0.7458371520042419,False
data/processed/cure_crops/119/top/customer/119_top_5210.png,119__top,0.5738639831542969,0.40446656942367554,False
data/processed/cure_crops/119/top/customer/119_top_5211.png,119__top,0.4426879286766052,0.5829569101333618,False
data/processed/cure_crops/119/top/customer/119_top_5212.png,119__top,0.6824529767036438,0.5488004684448242,False
data/processed/cure_crops/119/top/customer/119_top_5213.png,119__top,0.6961368918418884,0.7168580293655396,False
data/processed/cure_crops/119/top/customer/119_top_5214.png,119__top,0.6817845106124878,0.7767331600189209,False
data/processed/cure_crops/12/bottom/customer/12_bottom_543.png,12__bottom,0.7313346266746521,0.8549365401268005,False
data/processed/cure_crops/12/bottom/customer/12_bottom_544.png,12__bottom,0.7028834223747253,0.892274022102356,False
data/processed/cure_crops/12/bottom/customer/12_bottom_545.png,12__bottom,0.8070937395095825,0.9137650728225708,False
data/processed/cure_crops/12/bottom/customer/12_bottom_548.png,12__bottom,0.7515767216682434,0.804619550704956,False
data/processed/cure_crops/12/bottom/customer/12_bottom_549.png,12__bottom,0.6703101992607117,0.8166517019271851,False
data/processed/cure_crops/12/bottom/customer/12_bottom_551.png,12__bottom,0.5791798233985901,0.7942954897880554,False
data/processed/cure_crops/12/bottom/customer/12_bottom_552.png,12__bottom,0.5341185331344604,0.39434289932250977,False
data/processed/cure_crops/12/bottom/customer/12_bottom_553.png,12__bottom,0.5630327463150024,0.4414654076099396,False
data/processed/cure_crops/12/bottom/customer/12_bottom_554.png,12__bottom,0.5463564395904541,0.2841078042984009,False
data/processed/cure_crops/12/bottom/customer/12_bottom_555.png,12__bottom,0.5906874537467957,0.2881954312324524,False
data/processed/cure_crops/12/bottom/customer/12_bottom_556.png,12__bottom,0.5720576047897339,0.2742951512336731,False
data/processed/cure_crops/12/bottom/customer/12_bottom_557.png,12__bottom,0.5655891299247742,0.3668912649154663,False
data/processed/cure_crops/12/bottom/customer/12_bottom_558.png,12__bottom,0.5328592658042908,0.3138976991176605,False
data/processed/cure_crops/12/bottom/customer/12_bottom_559.png,12__bottom,0.5851113796234131,0.40557223558425903,False
data/processed/cure_crops/12/bottom/customer/12_bottom_560.png,12__bottom,0.5520150065422058,0.21193599700927734,False
data/processed/cure_crops/12/bottom/customer/12_bottom_561.png,12__bottom,0.5779548287391663,0.421956330537796,False
data/processed/cure_crops/12/top/customer/12_top_521.png,12__top,0.6086589694023132,0.7099713087081909,False
data/processed/cure_crops/12/top/customer/12_top_522.png,12__top,0.5597650408744812,0.629287838935852,False
data/processed/cure_crops/12/top/customer/12_top_523.png,12__top,0.5188408493995667,0.6315558552742004,False
data/processed/cure_crops/12/top/customer/12_top_524.png,12__top,0.6329973936080933,0.6604324579238892,False
data/processed/cure_crops/12/top/customer/12_top_526.png,12__top,0.6906349658966064,0.702975869178772,False
data/processed/cure_crops/12/top/customer/12_top_528.png,12__top,0.6497347950935364,0.6817151308059692,False
data/processed/cure_crops/12/top/customer/12_top_529.png,12__top,0.5808963775634766,0.6654438972473145,False
data/processed/cure_crops/12/top/customer/12_top_530.png,12__top,0.6027240753173828,0.6766753196716309,False
data/processed/cure_crops/12/top/customer/12_top_532.png,12__top,0.4755997657775879,0.3342830538749695,False
data/processed/cure_crops/12/top/customer/12_top_533.png,12__top,0.4751042127609253,0.412596195936203,False
data/processed/cure_crops/12/top/customer/12_top_534.png,12__top,0.4517958164215088,0.5471112728118896,False
data/processed/cure_crops/12/top/customer/12_top_535.png,12__top,0.46545398235321045,0.5206480026245117,False
data/processed/cure_crops/12/top/customer/12_top_536.png,12__top,0.4526553750038147,0.5025148391723633,False
data/processed/cure_crops/12/top/customer/12_top_537.png,12__top,0.4809800386428833,0.4970678687095642,False
data/processed/cure_crops/12/top/customer/12_top_538.png,12__top,0.49361175298690796,0.5274866223335266,False
data/processed/cure_crops/12/top/customer/12_top_539.png,12__top,0.4367590844631195,0.5067005157470703,False
data/processed/cure_crops/12/top/customer/12_top_540.png,12__top,0.49168965220451355,0.5458219051361084,False
data/processed/cure_crops/12/top/customer/12_top_541.png,12__top,0.41242852807044983,0.5346410274505615,False
data/processed/cure_crops/120/bottom/customer/120_bottom_5259.png,120__bottom,0.6162264347076416,0.6887758374214172,False
data/processed/cure_crops/120/bottom/customer/120_bottom_5260.png,120__bottom,0.6351187229156494,0.6992818713188171,False
data/processed/cure_crops/120/bottom/customer/120_bottom_5261.png,120__bottom,0.7074357271194458,0.8191405534744263,False
data/processed/cure_crops/120/bottom/customer/120_bottom_5262.png,120__bottom,0.7462353110313416,0.761092483997345,False
data/processed/cure_crops/120/bottom/customer/120_bottom_5263.png,120__bottom,0.6245501041412354,0.7809297442436218,False
data/processed/cure_crops/120/bottom/customer/120_bottom_5264.png,120__bottom,0.6304070949554443,0.7436370849609375,False
data/processed/cure_crops/120/bottom/customer/120_bottom_5265.png,120__bottom,0.6150293350219727,0.7230268120765686,False
data/processed/cure_crops/120/bottom/customer/120_bottom_5266.png,120__bottom,0.6267458200454712,0.7603131532669067,False
data/processed/cure_crops/120/bottom/customer/120_bottom_5267.png,120__bottom,0.6027253270149231,0.7114733457565308,False
data/processed/cure_crops/120/bottom/customer/120_bottom_5268.png,120__bottom,0.6467099189758301,0.7159157991409302,False
data/processed/cure_crops/120/bottom/customer/120_bottom_5269.png,120__bottom,0.6720078587532043,0.6064118146896362,False
data/processed/cure_crops/120/bottom/customer/120_bottom_5270.png,120__bottom,0.6975895166397095,0.6958802938461304,False
data/processed/cure_crops/120/bottom/customer/120_bottom_5271.png,120__bottom,0.6795815229415894,0.7623568773269653,False
data/processed/cure_crops/120/bottom/customer/120_bottom_5272.png,120__bottom,0.7508172392845154,0.7798201441764832,False
data/processed/cure_crops/120/bottom/customer/120_bottom_5273.png,120__bottom,0.7369883060455322,0.678421139717102,False
data/processed/cure_crops/120/bottom/customer/120_bottom_5274.png,120__bottom,0.617057740688324,0.7201089859008789,False
data/processed/cure_crops/120/bottom/customer/120_bottom_5275.png,120__bottom,0.6834359169006348,0.7029855847358704,False
data/processed/cure_crops/120/bottom/customer/120_bottom_5276.png,120__bottom,0.7135133743286133,0.7005119323730469,False
data/processed/cure_crops/120/bottom/customer/120_bottom_5277.png,120__bottom,0.7257342338562012,0.7625467777252197,False
data/processed/cure_crops/120/bottom/customer/120_bottom_5278.png,120__bottom,0.6894453167915344,0.7420009970664978,False
data/processed/cure_crops/120/bottom/customer/120_bottom_5279.png,120__bottom,0.693253755569458,0.5814435482025146,False
data/processed/cure_crops/120/bottom/customer/120_bottom_5280.png,120__bottom,0.7172830700874329,0.7840501070022583,False
data/processed/cure_crops/120/bottom/customer/120_bottom_5281.png,120__bottom,0.700677752494812,0.7686960697174072,False
data/processed/cure_crops/120/bottom/customer/120_bottom_5282.png,120__bottom,0.7538900971412659,0.6332228779792786,False
data/processed/cure_crops/120/top/customer/120_top_5238.png,120__top,0.7703886032104492,0.7021268606185913,False
data/processed/cure_crops/120/top/customer/120_top_5239.png,120__top,0.7287604808807373,0.7945749759674072,False
data/processed/cure_crops/120/top/customer/120_top_5240.png,120__top,0.7514364719390869,0.8126766681671143,False
data/processed/cure_crops/120/top/customer/120_top_5241.png,120__top,0.7897195816040039,0.855575680732727,False
data/processed/cure_crops/120/top/customer/120_top_5242.png,120__top,0.6017396450042725,0.7772728204727173,False
data/processed/cure_crops/120/top/customer/120_top_5243.png,120__top,0.6094381213188171,0.7492741346359253,False
data/processed/cure_crops/120/top/customer/120_top_5244.png,120__top,0.7356715202331543,0.6667577028274536,False
data/processed/cure_crops/120/top/customer/120_top_5245.png,120__top,0.6918011903762817,0.721914529800415,False
data/processed/cure_crops/120/top/customer/120_top_5246.png,120__top,0.6569010019302368,0.5725110769271851,False
data/processed/cure_crops/120/top/customer/120_top_5247.png,120__top,0.8335849642753601,0.8041168451309204,False
data/processed/cure_crops/120/top/customer/120_top_5248.png,120__top,0.8250938653945923,0.643905758857727,False
data/processed/cure_crops/120/top/customer/120_top_5249.png,120__top,0.825468897819519,0.7877199053764343,False
data/processed/cure_crops/120/top/customer/120_top_5250.png,120__top,0.809599757194519,0.7842782735824585,False
data/processed/cure_crops/120/top/customer/120_top_5251.png,120__top,0.8538122773170471,0.7789310216903687,False
data/processed/cure_crops/120/top/customer/120_top_5252.png,120__top,0.8179585933685303,0.781729519367218,False
data/processed/cure_crops/120/top/customer/120_top_5253.png,120__top,0.6844033002853394,0.5664265751838684,False
data/processed/cure_crops/120/top/customer/120_top_5254.png,120__top,0.8096792697906494,0.7583027482032776,False
data/processed/cure_crops/120/top/customer/120_top_5255.png,120__top,0.8247957825660706,0.7213214039802551,False
data/processed/cure_crops/120/top/customer/120_top_5256.png,120__top,0.8114553689956665,0.8022475242614746,False
data/processed/cure_crops/120/top/customer/120_top_5257.png,120__top,0.8083791732788086,0.7538439035415649,False
data/processed/cure_crops/120/top/customer/120_top_5258.png,120__top,0.7525590658187866,0.7517696619033813,False
data/processed/cure_crops/121/bottom/customer/121_bottom_5306.png,121__bottom,0.6157606244087219,0.6148120164871216,False
data/processed/cure_crops/121/bottom/customer/121_bottom_5307.png,121__bottom,0.6930667757987976,0.6206851005554199,False
data/processed/cure_crops/121/bottom/customer/121_bottom_5309.png,121__bottom,0.6641896963119507,0.7529680728912354,False
data/processed/cure_crops/121/bottom/customer/121_bottom_5310.png,121__bottom,0.4601580798625946,0.6320041418075562,False
data/processed/cure_crops/121/bottom/customer/121_bottom_5311.png,121__bottom,0.36467987298965454,0.5499841570854187,False
data/processed/cure_crops/121/bottom/customer/121_bottom_5312.png,121__bottom,0.6785880327224731,0.6722463965415955,False
data/processed/cure_crops/121/bottom/customer/121_bottom_5313.png,121__bottom,0.6341944932937622,0.6442114114761353,False
data/processed/cure_crops/121/bottom/customer/121_bottom_5314.png,121__bottom,0.6161527633666992,0.6660313606262207,False
data/processed/cure_crops/121/bottom/customer/121_bottom_5315.png,121__bottom,0.6533802151679993,0.6912550330162048,False
data/processed/cure_crops/121/bottom/customer/121_bottom_5316.png,121__bottom,0.6258939504623413,0.733687698841095,False
data/processed/cure_crops/121/bottom/customer/121_bottom_5317.png,121__bottom,0.646975040435791,0.6624703407287598,False
data/processed/cure_crops/121/bottom/customer/121_bottom_5318.png,121__bottom,0.7035958170890808,0.5800143480300903,False
data/processed/cure_crops/121/bottom/customer/121_bottom_5319.png,121__bottom,0.6866795420646667,0.7658307552337646,False
data/processed/cure_crops/121/bottom/customer/121_bottom_5320.png,121__bottom,0.6911057233810425,0.7748162746429443,False
data/processed/cure_crops/121/bottom/customer/121_bottom_5321.png,121__bottom,0.685558557510376,0.5844894051551819,False
data/processed/cure_crops/121/bottom/customer/121_bottom_5322.png,121__bottom,0.7001563310623169,0.7373873591423035,False
data/processed/cure_crops/121/bottom/customer/121_bottom_5323.png,121__bottom,0.6632722616195679,0.7527044415473938,False
data/processed/cure_crops/121/bottom/customer/121_bottom_5324.png,121__bottom,0.5979514122009277,0.748114287853241,False
data/processed/cure_crops/121/bottom/customer/121_bottom_5325.png,121__bottom,0.6692020297050476,0.7035480737686157,False
data/processed/cure_crops/121/top/customer/121_top_5283.png,121__top,0.749187707901001,0.7001609206199646,False
data/processed/cure_crops/121/top/customer/121_top_5284.png,121__top,0.7286345958709717,0.7503067851066589,False
data/processed/cure_crops/121/top/customer/121_top_5285.png,121__top,0.7384835481643677,0.772716760635376,False
data/processed/cure_crops/121/top/customer/121_top_5286.png,121__top,0.7562404870986938,0.6760534048080444,False
data/processed/cure_crops/121/top/customer/121_top_5287.png,121__top,0.7987381219863892,0.75897616147995,False
data/processed/cure_crops/121/top/customer/121_top_5288.png,121__top,0.5527387857437134,0.5531630516052246,False
data/processed/cure_crops/121/top/customer/121_top_5289.png,121__top,0.586722731590271,0.5601553916931152,False
data/processed/cure_crops/121/top/customer/121_top_5290.png,121__top,0.8370981216430664,0.8097342252731323,False
data/processed/cure_crops/121/top/customer/121_top_5291.png,121__top,0.6522606611251831,0.6521191596984863,False
data/processed/cure_crops/121/top/customer/121_top_5292.png,121__top,0.7398635149002075,0.6480238437652588,False
data/processed/cure_crops/121/top/customer/121_top_5293.png,121__top,0.6920533776283264,0.6276115775108337,False
data/processed/cure_crops/121/top/customer/121_top_5294.png,121__top,0.8051811456680298,0.7323182225227356,False
data/processed/cure_crops/121/top/customer/121_top_5295.png,121__top,0.8469467163085938,0.7193787097930908,False
data/processed/cure_crops/121/top/customer/121_top_5296.png,121__top,0.7884673476219177,0.6793088316917419,False
data/processed/cure_crops/121/top/customer/121_top_5297.png,121__top,0.7541705369949341,0.6466936469078064,False
data/processed/cure_crops/121/top/customer/121_top_5298.png,121__top,0.7362064123153687,0.6334397792816162,False
data/processed/cure_crops/121/top/customer/121_top_5299.png,121__top,0.6313996315002441,0.6732880473136902,False
data/processed/cure_crops/121/top/customer/121_top_5300.png,121__top,0.7881990075111389,0.7460513710975647,False
data/processed/cure_crops/121/top/customer/121_top_5301.png,121__top,0.8217567205429077,0.6748417019844055,False
data/processed/cure_crops/121/top/customer/121_top_5302.png,121__top,0.816321849822998,0.6755748391151428,False
data/processed/cure_crops/121/top/customer/121_top_5303.png,121__top,0.8145113587379456,0.7327220439910889,False
data/processed/cure_crops/121/top/customer/121_top_5304.png,121__top,0.6930698156356812,0.5747013688087463,False
data/processed/cure_crops/121/top/customer/121_top_5305.png,121__top,0.7352801561355591,0.7459384799003601,False
data/processed/cure_crops/122/bottom/customer/122_bottom_5349.png,122__bottom,0.6229616403579712,0.7270470857620239,False
data/processed/cure_crops/122/bottom/customer/122_bottom_5350.png,122__bottom,0.6193158626556396,0.7360705137252808,False
data/processed/cure_crops/122/bottom/customer/122_bottom_5351.png,122__bottom,0.6723761558532715,0.8123487830162048,False
data/processed/cure_crops/122/bottom/customer/122_bottom_5352.png,122__bottom,0.466262549161911,0.6511621475219727,False
data/processed/cure_crops/122/bottom/customer/122_bottom_5353.png,122__bottom,0.4781317114830017,0.5758488774299622,False
data/processed/cure_crops/122/bottom/customer/122_bottom_5354.png,122__bottom,0.5940281748771667,0.6247830390930176,False
data/processed/cure_crops/122/bottom/customer/122_bottom_5355.png,122__bottom,0.5707055330276489,0.6048860549926758,False
data/processed/cure_crops/122/bottom/customer/122_bottom_5356.png,122__bottom,0.5803118944168091,0.6206473708152771,False
data/processed/cure_crops/122/bottom/customer/122_bottom_5357.png,122__bottom,0.6391077637672424,0.5787166357040405,False
data/processed/cure_crops/122/bottom/customer/122_bottom_5358.png,122__bottom,0.6626383066177368,0.5345495939254761,False
data/processed/cure_crops/122/bottom/customer/122_bottom_5359.png,122__bottom,0.6206672191619873,0.6675724387168884,False
data/processed/cure_crops/122/bottom/customer/122_bottom_5360.png,122__bottom,0.664475679397583,0.6409106254577637,False
data/processed/cure_crops/122/bottom/customer/122_bottom_5361.png,122__bottom,0.6159584522247314,0.6955541372299194,False
data/processed/cure_crops/122/bottom/customer/122_bottom_5362.png,122__bottom,0.6549848914146423,0.6450417637825012,False
data/processed/cure_crops/122/bottom/customer/122_bottom_5363.png,122__bottom,0.6242446303367615,0.6303718090057373,False
data/processed/cure_crops/122/bottom/customer/122_bottom_5364.png,122__bottom,0.6293615102767944,0.6751099824905396,False
data/processed/cure_crops/122/bottom/customer/122_bottom_5365.png,122__bottom,0.6023883819580078,0.6449621915817261,False
data/processed/cure_crops/122/bottom/customer/122_bottom_5366.png,122__bottom,0.6395318508148193,0.7115706205368042,False
data/processed/cure_crops/122/bottom/customer/122_bottom_5367.png,122__bottom,0.6092684864997864,0.46057844161987305,False
data/processed/cure_crops/122/bottom/customer/122_bottom_5368.png,122__bottom,0.633369505405426,0.6668918132781982,False
data/processed/cure_crops/122/bottom/customer/122_bottom_5369.png,122__bottom,0.5769160985946655,0.6191369891166687,False
data/processed/cure_crops/122/bottom/customer/122_bottom_5370.png,122__bottom,0.6039472818374634,0.6821412444114685,False
data/processed/cure_crops/122/top/customer/122_top_5326.png,122__top,0.6955647468566895,0.7682154774665833,False
data/processed/cure_crops/122/top/customer/122_top_5328.png,122__top,0.7466423511505127,0.7820002436637878,False
data/processed/cure_crops/122/top/customer/122_top_5329.png,122__top,0.73590087890625,0.8208920359611511,False
data/processed/cure_crops/122/top/customer/122_top_5330.png,122__top,0.636335551738739,0.8070957064628601,False
data/processed/cure_crops/122/top/customer/122_top_5331.png,122__top,0.6438215970993042,0.698702871799469,False
data/processed/cure_crops/122/top/customer/122_top_5332.png,122__top,0.6906875371932983,0.5724526643753052,False
data/processed/cure_crops/122/top/customer/122_top_5333.png,122__top,0.6878002882003784,0.6350712180137634,False
data/processed/cure_crops/122/top/customer/122_top_5334.png,122__top,0.6897736191749573,0.6148085594177246,False
data/processed/cure_crops/122/top/customer/122_top_5335.png,122__top,0.6375763416290283,0.7844879627227783,False
data/processed/cure_crops/122/top/customer/122_top_5336.png,122__top,0.6392272710800171,0.6498295068740845,False
data/processed/cure_crops/122/top/customer/122_top_5337.png,122__top,0.6700711250305176,0.6797491908073425,False
data/processed/cure_crops/122/top/customer/122_top_5338.png,122__top,0.631458044052124,0.7015926837921143,False
data/processed/cure_crops/122/top/customer/122_top_5339.png,122__top,0.6768289804458618,0.6888486742973328,False
data/processed/cure_crops/122/top/customer/122_top_5340.png,122__top,0.736535906791687,0.8657668828964233,False
data/processed/cure_crops/122/top/customer/122_top_5341.png,122__top,0.5757748484611511,0.7167031764984131,False
data/processed/cure_crops/122/top/customer/122_top_5342.png,122__top,0.6546036601066589,0.8095312118530273,False
data/processed/cure_crops/122/top/customer/122_top_5343.png,122__top,0.6662322282791138,0.8421021699905396,False
data/processed/cure_crops/122/top/customer/122_top_5344.png,122__top,0.6052114367485046,0.6292444467544556,False
data/processed/cure_crops/122/top/customer/122_top_5345.png,122__top,0.7294483184814453,0.7130163908004761,False
data/processed/cure_crops/122/top/customer/122_top_5346.png,122__top,0.6433137655258179,0.6579265594482422,False
data/processed/cure_crops/122/top/customer/122_top_5347.png,122__top,0.5807381272315979,0.6773946285247803,False
data/processed/cure_crops/122/top/customer/122_top_5348.png,122__top,0.742963433265686,0.7495120763778687,False
data/processed/cure_crops/123/bottom/customer/123_bottom_5392.png,123__bottom,0.6808547973632812,0.6510918140411377,False
data/processed/cure_crops/123/bottom/customer/123_bottom_5393.png,123__bottom,0.6671462655067444,0.7109984159469604,False
data/processed/cure_crops/123/bottom/customer/123_bottom_5394.png,123__bottom,0.6071650981903076,0.6068203449249268,False
data/processed/cure_crops/123/bottom/customer/123_bottom_5395.png,123__bottom,0.5980200171470642,0.7752262353897095,False
data/processed/cure_crops/123/bottom/customer/123_bottom_5396.png,123__bottom,0.49433499574661255,0.6712515354156494,False
data/processed/cure_crops/123/bottom/customer/123_bottom_5397.png,123__bottom,0.550952136516571,0.6836512684822083,False
data/processed/cure_crops/123/bottom/customer/123_bottom_5398.png,123__bottom,0.5726369619369507,0.6123186349868774,False
data/processed/cure_crops/123/bottom/customer/123_bottom_5399.png,123__bottom,0.5475921630859375,0.6163119673728943,False
data/processed/cure_crops/123/bottom/customer/123_bottom_5400.png,123__bottom,0.5370235443115234,0.5105814933776855,False
data/processed/cure_crops/123/bottom/customer/123_bottom_5401.png,123__bottom,0.5769681334495544,0.6576018333435059,False
data/processed/cure_crops/123/bottom/customer/123_bottom_5402.png,123__bottom,0.6795490980148315,0.5840864181518555,False
data/processed/cure_crops/123/bottom/customer/123_bottom_5403.png,123__bottom,0.6974421143531799,0.5746302604675293,False
data/processed/cure_crops/123/bottom/customer/123_bottom_5404.png,123__bottom,0.6729594469070435,0.5343422293663025,False
data/processed/cure_crops/123/bottom/customer/123_bottom_5405.png,123__bottom,0.6051890254020691,0.5830634832382202,False
data/processed/cure_crops/123/bottom/customer/123_bottom_5406.png,123__bottom,0.7668108344078064,0.4557163715362549,False
data/processed/cure_crops/123/bottom/customer/123_bottom_5407.png,123__bottom,0.5786805748939514,0.4501926302909851,False
data/processed/cure_crops/123/bottom/customer/123_bottom_5408.png,123__bottom,0.6956923007965088,0.6425210237503052,False
data/processed/cure_crops/123/bottom/customer/123_bottom_5409.png,123__bottom,0.6378049850463867,0.5697718858718872,False
data/processed/cure_crops/123/bottom/customer/123_bottom_5410.png,123__bottom,0.6931626796722412,0.6665208339691162,False
data/processed/cure_crops/123/bottom/customer/123_bottom_5411.png,123__bottom,0.6175388693809509,0.5462079048156738,False
data/processed/cure_crops/123/bottom/customer/123_bottom_5412.png,123__bottom,0.7276316285133362,0.6294766664505005,False
data/processed/cure_crops/123/top/customer/123_top_5372.png,123__top,0.5870794653892517,0.7660645246505737,False
data/processed/cure_crops/123/top/customer/123_top_5373.png,123__top,0.5590832829475403,0.8224089741706848,False
data/processed/cure_crops/123/top/customer/123_top_5374.png,123__top,0.7113440632820129,0.8589377403259277,False
data/processed/cure_crops/123/top/customer/123_top_5375.png,123__top,0.5936095714569092,0.42102470993995667,False
data/processed/cure_crops/123/top/customer/123_top_5376.png,123__top,0.5693764686584473,0.491926908493042,False
data/processed/cure_crops/123/top/customer/123_top_5377.png,123__top,0.65690016746521,0.636124849319458,False
data/processed/cure_crops/123/top/customer/123_top_5378.png,123__top,0.6409332752227783,0.6229301691055298,False
data/processed/cure_crops/123/top/customer/123_top_5379.png,123__top,0.5666893720626831,0.6095229387283325,False
data/processed/cure_crops/123/top/customer/123_top_5380.png,123__top,0.722104549407959,0.6163408756256104,False
data/processed/cure_crops/123/top/customer/123_top_5381.png,123__top,0.6056982278823853,0.5830838680267334,False
data/processed/cure_crops/123/top/customer/123_top_5382.png,123__top,0.6370638608932495,0.6390688419342041,False
data/processed/cure_crops/123/top/customer/123_top_5383.png,123__top,0.7360726594924927,0.7289243936538696,False
data/processed/cure_crops/123/top/customer/123_top_5384.png,123__top,0.6679601073265076,0.702515721321106,False
data/processed/cure_crops/123/top/customer/123_top_5385.png,123__top,0.622835099697113,0.4444473683834076,False
data/processed/cure_crops/123/top/customer/123_top_5386.png,123__top,0.661231517791748,0.5772265195846558,False
data/processed/cure_crops/123/top/customer/123_top_5387.png,123__top,0.6731398105621338,0.49018436670303345,False
data/processed/cure_crops/123/top/customer/123_top_5388.png,123__top,0.6788933277130127,0.7043887972831726,False
data/processed/cure_crops/123/top/customer/123_top_5389.png,123__top,0.6711970567703247,0.432315468788147,False
data/processed/cure_crops/123/top/customer/123_top_5390.png,123__top,0.6786796450614929,0.33203592896461487,False
data/processed/cure_crops/123/top/customer/123_top_5391.png,123__top,0.6708768606185913,0.7180284261703491,False
data/processed/cure_crops/124/bottom/customer/124_bottom_5433.png,124__bottom,0.6959306001663208,0.6107403039932251,False
data/processed/cure_crops/124/bottom/customer/124_bottom_5434.png,124__bottom,0.7399108409881592,0.6795535087585449,False
data/processed/cure_crops/124/bottom/customer/124_bottom_5435.png,124__bottom,0.6319555044174194,0.762004017829895,False
data/processed/cure_crops/124/bottom/customer/124_bottom_5436.png,124__bottom,0.6100208759307861,0.6319849491119385,False
data/processed/cure_crops/124/bottom/customer/124_bottom_5437.png,124__bottom,0.49662429094314575,0.521685004234314,False
data/processed/cure_crops/124/bottom/customer/124_bottom_5438.png,124__bottom,0.5450952053070068,0.5758039951324463,False
data/processed/cure_crops/124/bottom/customer/124_bottom_5439.png,124__bottom,0.5339276790618896,0.631148099899292,False
data/processed/cure_crops/124/bottom/customer/124_bottom_5440.png,124__bottom,0.5016295909881592,0.515603244304657,False
data/processed/cure_crops/124/bottom/customer/124_bottom_5441.png,124__bottom,0.5226155519485474,0.553413987159729,False
data/processed/cure_crops/124/bottom/customer/124_bottom_5442.png,124__bottom,0.6188197135925293,0.47398674488067627,False
data/processed/cure_crops/124/bottom/customer/124_bottom_5443.png,124__bottom,0.6487537026405334,0.5347276926040649,False
data/processed/cure_crops/124/bottom/customer/124_bottom_5444.png,124__bottom,0.6435810327529907,0.5354741811752319,False
data/processed/cure_crops/124/bottom/customer/124_bottom_5445.png,124__bottom,0.6229636669158936,0.5714097023010254,False
data/processed/cure_crops/124/bottom/customer/124_bottom_5446.png,124__bottom,0.5969968438148499,0.5425673723220825,False
data/processed/cure_crops/124/bottom/customer/124_bottom_5447.png,124__bottom,0.6160764694213867,0.4952704906463623,False
data/processed/cure_crops/124/bottom/customer/124_bottom_5448.png,124__bottom,0.634812593460083,0.5053906440734863,False
data/processed/cure_crops/124/bottom/customer/124_bottom_5449.png,124__bottom,0.6119240522384644,0.5209845304489136,False
data/processed/cure_crops/124/bottom/customer/124_bottom_5450.png,124__bottom,0.6375553607940674,0.5805965662002563,False
data/processed/cure_crops/124/bottom/customer/124_bottom_5451.png,124__bottom,0.6808655858039856,0.5326918363571167,False
data/processed/cure_crops/124/top/customer/124_top_5413.png,124__top,0.5537285208702087,0.6748455762863159,False
data/processed/cure_crops/124/top/customer/124_top_5414.png,124__top,0.6664917469024658,0.6636066436767578,False
data/processed/cure_crops/124/top/customer/124_top_5415.png,124__top,0.5790473818778992,0.7030133008956909,False
data/processed/cure_crops/124/top/customer/124_top_5416.png,124__top,0.6326021552085876,0.7594102621078491,False
data/processed/cure_crops/124/top/customer/124_top_5417.png,124__top,0.5380157828330994,0.6481553316116333,False
data/processed/cure_crops/124/top/customer/124_top_5418.png,124__top,0.5439355373382568,0.6199660897254944,False
data/processed/cure_crops/124/top/customer/124_top_5419.png,124__top,0.6036065220832825,0.65011066198349,False
data/processed/cure_crops/124/top/customer/124_top_5420.png,124__top,0.5851327180862427,0.5931596159934998,False
data/processed/cure_crops/124/top/customer/124_top_5421.png,124__top,0.5239923596382141,0.5393267869949341,False
data/processed/cure_crops/124/top/customer/124_top_5422.png,124__top,0.6162485480308533,0.7901968359947205,False
data/processed/cure_crops/124/top/customer/124_top_5423.png,124__top,0.7329819798469543,0.636797308921814,False
data/processed/cure_crops/124/top/customer/124_top_5424.png,124__top,0.5775959491729736,0.6896159648895264,False
data/processed/cure_crops/124/top/customer/124_top_5425.png,124__top,0.6035157442092896,0.7615376710891724,False
data/processed/cure_crops/124/top/customer/124_top_5426.png,124__top,0.6901805996894836,0.6375493407249451,False
data/processed/cure_crops/124/top/customer/124_top_5427.png,124__top,0.6200629472732544,0.716284990310669,False
data/processed/cure_crops/124/top/customer/124_top_5428.png,124__top,0.6161737442016602,0.5301545262336731,False
data/processed/cure_crops/124/top/customer/124_top_5429.png,124__top,0.6209845542907715,0.7644973993301392,False
data/processed/cure_crops/124/top/customer/124_top_5430.png,124__top,0.6888003945350647,0.6863511800765991,False
data/processed/cure_crops/124/top/customer/124_top_5431.png,124__top,0.6469931602478027,0.611391544342041,False
data/processed/cure_crops/124/top/customer/124_top_5432.png,124__top,0.6321808099746704,0.6727426052093506,False
data/processed/cure_crops/125/bottom/customer/125_bottom_5473.png,125__bottom,0.7796741724014282,0.8530828952789307,False
data/processed/cure_crops/125/bottom/customer/125_bottom_5474.png,125__bottom,0.8059185743331909,0.7450380325317383,False
data/processed/cure_crops/125/bottom/customer/125_bottom_5475.png,125__bottom,0.7154517769813538,0.7229384779930115,False
data/processed/cure_crops/125/bottom/customer/125_bottom_5476.png,125__bottom,0.6169335842132568,0.7523072957992554,False
data/processed/cure_crops/125/bottom/customer/125_bottom_5477.png,125__bottom,0.5289610624313354,0.6223691701889038,False
data/processed/cure_crops/125/bottom/customer/125_bottom_5478.png,125__bottom,0.644871711730957,0.5545389652252197,False
data/processed/cure_crops/125/bottom/customer/125_bottom_5479.png,125__bottom,0.6962684392929077,0.6271219253540039,False
data/processed/cure_crops/125/bottom/customer/125_bottom_5480.png,125__bottom,0.622021496295929,0.6134290099143982,False
data/processed/cure_crops/125/bottom/customer/125_bottom_5481.png,125__bottom,0.6484706401824951,0.6094225645065308,False
data/processed/cure_crops/125/bottom/customer/125_bottom_5482.png,125__bottom,0.6269655227661133,0.6782050728797913,False
data/processed/cure_crops/125/bottom/customer/125_bottom_5483.png,125__bottom,0.6790006160736084,0.694904625415802,False
data/processed/cure_crops/125/bottom/customer/125_bottom_5484.png,125__bottom,0.631497859954834,0.6557528376579285,False
data/processed/cure_crops/125/bottom/customer/125_bottom_5485.png,125__bottom,0.6655311584472656,0.6433910131454468,False
data/processed/cure_crops/125/bottom/customer/125_bottom_5486.png,125__bottom,0.567575991153717,0.5795905590057373,False
data/processed/cure_crops/125/bottom/customer/125_bottom_5487.png,125__bottom,0.6345481872558594,0.6700137853622437,False
data/processed/cure_crops/125/bottom/customer/125_bottom_5488.png,125__bottom,0.6382349133491516,0.6789299249649048,False
data/processed/cure_crops/125/bottom/customer/125_bottom_5489.png,125__bottom,0.6379857063293457,0.6012582778930664,False
data/processed/cure_crops/125/bottom/customer/125_bottom_5490.png,125__bottom,0.6734297275543213,0.6741743087768555,False
data/processed/cure_crops/125/bottom/customer/125_bottom_5491.png,125__bottom,0.6584932208061218,0.7018558382987976,False
data/processed/cure_crops/125/bottom/customer/125_bottom_5492.png,125__bottom,0.7138363122940063,0.4879176914691925,False
data/processed/cure_crops/125/bottom/customer/125_bottom_5493.png,125__bottom,0.7525544762611389,0.6301481127738953,False
data/processed/cure_crops/125/top/customer/125_top_5452.png,125__top,0.8339049816131592,0.8513538241386414,False
data/processed/cure_crops/125/top/customer/125_top_5453.png,125__top,0.845412015914917,0.8429059982299805,False
data/processed/cure_crops/125/top/customer/125_top_5454.png,125__top,0.7641976475715637,0.8436321020126343,False
data/processed/cure_crops/125/top/customer/125_top_5455.png,125__top,0.7833907604217529,0.834257960319519,False
data/processed/cure_crops/125/top/customer/125_top_5456.png,125__top,0.792242169380188,0.7733018398284912,False
data/processed/cure_crops/125/top/customer/125_top_5457.png,125__top,0.7526735663414001,0.7893238067626953,False
data/processed/cure_crops/125/top/customer/125_top_5458.png,125__top,0.7270609140396118,0.7192462086677551,False
data/processed/cure_crops/125/top/customer/125_top_5459.png,125__top,0.7232702970504761,0.5663738250732422,False
data/processed/cure_crops/125/top/customer/125_top_5460.png,125__top,0.6910159587860107,0.5243963003158569,False
data/processed/cure_crops/125/top/customer/125_top_5461.png,125__top,0.6823188066482544,0.701694667339325,False
data/processed/cure_crops/125/top/customer/125_top_5462.png,125__top,0.671199381351471,0.6994327902793884,False
data/processed/cure_crops/125/top/customer/125_top_5463.png,125__top,0.6480401754379272,0.686019778251648,False
data/processed/cure_crops/125/top/customer/125_top_5464.png,125__top,0.7447915077209473,0.7901981472969055,False
data/processed/cure_crops/125/top/customer/125_top_5465.png,125__top,0.6745584011077881,0.7648531198501587,False
data/processed/cure_crops/125/top/customer/125_top_5466.png,125__top,0.7199088335037231,0.6734521389007568,False
data/processed/cure_crops/125/top/customer/125_top_5467.png,125__top,0.6916751265525818,0.6964619755744934,False
data/processed/cure_crops/125/top/customer/125_top_5468.png,125__top,0.6769968271255493,0.7418582439422607,False
data/processed/cure_crops/125/top/customer/125_top_5469.png,125__top,0.7138180732727051,0.814621090888977,False
data/processed/cure_crops/125/top/customer/125_top_5470.png,125__top,0.6597093343734741,0.7453087568283081,False
data/processed/cure_crops/125/top/customer/125_top_5471.png,125__top,0.7104159593582153,0.7388628721237183,False
data/processed/cure_crops/125/top/customer/125_top_5472.png,125__top,0.7166649699211121,0.7353577613830566,False
data/processed/cure_crops/126/bottom/customer/126_bottom_5517.png,126__bottom,0.6591778993606567,0.6221232414245605,False
data/processed/cure_crops/126/bottom/customer/126_bottom_5519.png,126__bottom,0.7047030329704285,0.6405506134033203,False
data/processed/cure_crops/126/bottom/customer/126_bottom_5520.png,126__bottom,0.5533444285392761,0.7360213398933411,False
data/processed/cure_crops/126/bottom/customer/126_bottom_5521.png,126__bottom,0.5157972574234009,0.6346445083618164,False
data/processed/cure_crops/126/bottom/customer/126_bottom_5522.png,126__bottom,0.6852855682373047,0.6248112916946411,False
data/processed/cure_crops/126/bottom/customer/126_bottom_5523.png,126__bottom,0.6015627980232239,0.6750093698501587,False
data/processed/cure_crops/126/bottom/customer/126_bottom_5524.png,126__bottom,0.5733821392059326,0.5837644338607788,False
data/processed/cure_crops/126/bottom/customer/126_bottom_5525.png,126__bottom,0.5765752792358398,0.6599679589271545,False
data/processed/cure_crops/126/bottom/customer/126_bottom_5526.png,126__bottom,0.6211787462234497,0.6300336718559265,False
data/processed/cure_crops/126/bottom/customer/126_bottom_5527.png,126__bottom,0.6192800998687744,0.6074281930923462,False
data/processed/cure_crops/126/bottom/customer/126_bottom_5528.png,126__bottom,0.6120693683624268,0.6628721952438354,False
data/processed/cure_crops/126/bottom/customer/126_bottom_5529.png,126__bottom,0.6733036041259766,0.7050571441650391,False
data/processed/cure_crops/126/bottom/customer/126_bottom_5530.png,126__bottom,0.48061588406562805,0.5374205112457275,False
data/processed/cure_crops/126/bottom/customer/126_bottom_5531.png,126__bottom,0.6166131496429443,0.7283875942230225,False
data/processed/cure_crops/126/bottom/customer/126_bottom_5532.png,126__bottom,0.6255896091461182,0.6403845548629761,False
data/processed/cure_crops/126/bottom/customer/126_bottom_5533.png,126__bottom,0.6314785480499268,0.6296793222427368,False
data/processed/cure_crops/126/bottom/customer/126_bottom_5534.png,126__bottom,0.6309648156166077,0.666649580001831,False
data/processed/cure_crops/126/bottom/customer/126_bottom_5535.png,126__bottom,0.5915812253952026,0.6667810678482056,False
data/processed/cure_crops/126/bottom/customer/126_bottom_5536.png,126__bottom,0.6217703819274902,0.579303503036499,False
data/processed/cure_crops/126/bottom/customer/126_bottom_5537.png,126__bottom,0.6333752274513245,0.7802717089653015,False
data/processed/cure_crops/126/bottom/customer/126_bottom_5538.png,126__bottom,0.6707046031951904,0.7061920762062073,False
data/processed/cure_crops/126/top/customer/126_top_5494.png,126__top,0.6918959617614746,0.5776755809783936,False
data/processed/cure_crops/126/top/customer/126_top_5495.png,126__top,0.6907356381416321,0.7014844417572021,False
data/processed/cure_crops/126/top/customer/126_top_5497.png,126__top,0.6193504333496094,0.5881056785583496,False
data/processed/cure_crops/126/top/customer/126_top_5498.png,126__top,0.4813266396522522,0.38582587242126465,False
data/processed/cure_crops/126/top/customer/126_top_5499.png,126__top,0.4556768834590912,0.4276646375656128,False
data/processed/cure_crops/126/top/customer/126_top_5500.png,126__top,0.6727144122123718,0.48635098338127136,False
data/processed/cure_crops/126/top/customer/126_top_5501.png,126__top,0.626663088798523,0.594865620136261,False
data/processed/cure_crops/126/top/customer/126_top_5502.png,126__top,0.6065558791160583,0.5102825164794922,False
data/processed/cure_crops/126/top/customer/126_top_5503.png,126__top,0.6255791187286377,0.45997917652130127,False
data/processed/cure_crops/126/top/customer/126_top_5504.png,126__top,0.7120331525802612,0.40139320492744446,False
data/processed/cure_crops/126/top/customer/126_top_5505.png,126__top,0.6478689908981323,0.6233319640159607,False
data/processed/cure_crops/126/top/customer/126_top_5506.png,126__top,0.5714935064315796,0.4464266896247864,False
data/processed/cure_crops/126/top/customer/126_top_5507.png,126__top,0.6905806064605713,0.4945358633995056,False
data/processed/cure_crops/126/top/customer/126_top_5508.png,126__top,0.6068869829177856,0.4547988772392273,False
data/processed/cure_crops/126/top/customer/126_top_5509.png,126__top,0.6537352800369263,0.5517212748527527,False
data/processed/cure_crops/126/top/customer/126_top_5510.png,126__top,0.5659331679344177,0.26077762246131897,False
data/processed/cure_crops/126/top/customer/126_top_5511.png,126__top,0.6987351179122925,0.5828691720962524,False
data/processed/cure_crops/126/top/customer/126_top_5512.png,126__top,0.7025742530822754,0.6202889680862427,False
data/processed/cure_crops/126/top/customer/126_top_5513.png,126__top,0.5666757822036743,0.5698928236961365,False
data/processed/cure_crops/126/top/customer/126_top_5514.png,126__top,0.689780592918396,0.6083541512489319,False
data/processed/cure_crops/126/top/customer/126_top_5515.png,126__top,0.7361793518066406,0.47824692726135254,False
data/processed/cure_crops/126/top/customer/126_top_5516.png,126__top,0.6446923017501831,0.5811799764633179,False
data/processed/cure_crops/127/bottom/customer/127_bottom_5563.png,127__bottom,0.7072752714157104,0.7149564027786255,False
data/processed/cure_crops/127/bottom/customer/127_bottom_5564.png,127__bottom,0.7106783986091614,0.7370285987854004,False
data/processed/cure_crops/127/bottom/customer/127_bottom_5565.png,127__bottom,0.6600304841995239,0.8497927188873291,False
data/processed/cure_crops/127/bottom/customer/127_bottom_5566.png,127__bottom,0.6745571494102478,0.8107259273529053,False
data/processed/cure_crops/127/bottom/customer/127_bottom_5567.png,127__bottom,0.6828517913818359,0.7620704174041748,False
data/processed/cure_crops/127/bottom/customer/127_bottom_5568.png,127__bottom,0.6097946763038635,0.6456253528594971,False
data/processed/cure_crops/127/bottom/customer/127_bottom_5569.png,127__bottom,0.5937756299972534,0.6375714540481567,False
data/processed/cure_crops/127/bottom/customer/127_bottom_5570.png,127__bottom,0.6418555378913879,0.7893663644790649,False
data/processed/cure_crops/127/bottom/customer/127_bottom_5571.png,127__bottom,0.5996193289756775,0.7417013645172119,False
data/processed/cure_crops/127/bottom/customer/127_bottom_5572.png,127__bottom,0.6243393421173096,0.6963450908660889,False
data/processed/cure_crops/127/bottom/customer/127_bottom_5573.png,127__bottom,0.6455994844436646,0.7693199515342712,False
data/processed/cure_crops/127/bottom/customer/127_bottom_5574.png,127__bottom,0.6802946925163269,0.7711354494094849,False
data/processed/cure_crops/127/bottom/customer/127_bottom_5575.png,127__bottom,0.6233850717544556,0.7856830358505249,False
data/processed/cure_crops/127/bottom/customer/127_bottom_5576.png,127__bottom,0.6901612281799316,0.6844876408576965,False
data/processed/cure_crops/127/bottom/customer/127_bottom_5577.png,127__bottom,0.6040129661560059,0.8074906468391418,False
data/processed/cure_crops/127/bottom/customer/127_bottom_5578.png,127__bottom,0.6797471642494202,0.7138071060180664,False
data/processed/cure_crops/127/bottom/customer/127_bottom_5579.png,127__bottom,0.6437799334526062,0.6605089902877808,False
data/processed/cure_crops/127/bottom/customer/127_bottom_5580.png,127__bottom,0.6763505935668945,0.6674237251281738,False
data/processed/cure_crops/127/bottom/customer/127_bottom_5581.png,127__bottom,0.7288919687271118,0.7479143142700195,False
data/processed/cure_crops/127/top/customer/127_top_5539.png,127__top,0.7382890582084656,0.7067863345146179,False
data/processed/cure_crops/127/top/customer/127_top_5540.png,127__top,0.7292066216468811,0.8188575506210327,False
data/processed/cure_crops/127/top/customer/127_top_5541.png,127__top,0.8172924518585205,0.8477921485900879,False
data/processed/cure_crops/127/top/customer/127_top_5542.png,127__top,0.6199389696121216,0.8292003870010376,False
data/processed/cure_crops/127/top/customer/127_top_5543.png,127__top,0.7684283256530762,0.8101803064346313,False
data/processed/cure_crops/127/top/customer/127_top_5544.png,127__top,0.674207329750061,0.6503913402557373,False
data/processed/cure_crops/127/top/customer/127_top_5545.png,127__top,0.7158452272415161,0.7959555387496948,False
data/processed/cure_crops/127/top/customer/127_top_5546.png,127__top,0.7046313285827637,0.6482359170913696,False
data/processed/cure_crops/127/top/customer/127_top_5547.png,127__top,0.6595560312271118,0.7211195230484009,False
data/processed/cure_crops/127/top/customer/127_top_5548.png,127__top,0.6298114657402039,0.6669139862060547,False
data/processed/cure_crops/127/top/customer/127_top_5549.png,127__top,0.6578857898712158,0.7114259600639343,False
data/processed/cure_crops/127/top/customer/127_top_5550.png,127__top,0.7088278532028198,0.6472089886665344,False
data/processed/cure_crops/127/top/customer/127_top_5551.png,127__top,0.6327775120735168,0.76875901222229,False
data/processed/cure_crops/127/top/customer/127_top_5552.png,127__top,0.6983986496925354,0.7352087497711182,False
data/processed/cure_crops/127/top/customer/127_top_5553.png,127__top,0.6027302742004395,0.7558361291885376,False
data/processed/cure_crops/127/top/customer/127_top_5554.png,127__top,0.6784673929214478,0.6955822110176086,False
data/processed/cure_crops/127/top/customer/127_top_5555.png,127__top,0.6587538719177246,0.6980368494987488,False
data/processed/cure_crops/127/top/customer/127_top_5556.png,127__top,0.6720226407051086,0.6324052810668945,False
data/processed/cure_crops/127/top/customer/127_top_5557.png,127__top,0.7054137587547302,0.6305193901062012,False
data/processed/cure_crops/127/top/customer/127_top_5558.png,127__top,0.7229142785072327,0.7236778736114502,False
data/processed/cure_crops/127/top/customer/127_top_5559.png,127__top,0.7007899284362793,0.6681489944458008,False
data/processed/cure_crops/127/top/customer/127_top_5560.png,127__top,0.6708946228027344,0.7833859920501709,False
data/processed/cure_crops/127/top/customer/127_top_5561.png,127__top,0.6902551651000977,0.7569864988327026,False
data/processed/cure_crops/127/top/customer/127_top_5562.png,127__top,0.7141361236572266,0.7005460858345032,False
data/processed/cure_crops/128/bottom/customer/128_bottom_5600.png,128__bottom,0.7766998410224915,0.8335548639297485,False
data/processed/cure_crops/128/bottom/customer/128_bottom_5601.png,128__bottom,0.814547061920166,0.7825823426246643,False
data/processed/cure_crops/128/bottom/customer/128_bottom_5602.png,128__bottom,0.766116738319397,0.8732224702835083,False
data/processed/cure_crops/128/bottom/customer/128_bottom_5603.png,128__bottom,0.7846740484237671,0.883524477481842,False
data/processed/cure_crops/128/bottom/customer/128_bottom_5604.png,128__bottom,0.4963884651660919,0.6845000386238098,False
data/processed/cure_crops/128/bottom/customer/128_bottom_5605.png,128__bottom,0.5898818969726562,0.741858720779419,False
data/processed/cure_crops/128/bottom/customer/128_bottom_5606.png,128__bottom,0.6536062955856323,0.6505481600761414,False
data/processed/cure_crops/128/bottom/customer/128_bottom_5607.png,128__bottom,0.6749895811080933,0.6178324222564697,False
data/processed/cure_crops/128/bottom/customer/128_bottom_5608.png,128__bottom,0.7013629674911499,0.6663970351219177,False
data/processed/cure_crops/128/bottom/customer/128_bottom_5609.png,128__bottom,0.6791796684265137,0.6569321751594543,False
data/processed/cure_crops/128/bottom/customer/128_bottom_5610.png,128__bottom,0.6748315095901489,0.6229468584060669,False
data/processed/cure_crops/128/bottom/customer/128_bottom_5611.png,128__bottom,0.7486236095428467,0.6752912402153015,False
data/processed/cure_crops/128/bottom/customer/128_bottom_5612.png,128__bottom,0.7375885248184204,0.6145197153091431,False
data/processed/cure_crops/128/bottom/customer/128_bottom_5613.png,128__bottom,0.7591714859008789,0.6741740703582764,False
data/processed/cure_crops/128/bottom/customer/128_bottom_5614.png,128__bottom,0.7775248289108276,0.5598249435424805,False
data/processed/cure_crops/128/bottom/customer/128_bottom_5615.png,128__bottom,0.7018769979476929,0.6271332502365112,False
data/processed/cure_crops/128/bottom/customer/128_bottom_5616.png,128__bottom,0.7880139350891113,0.6805628538131714,False
data/processed/cure_crops/128/bottom/customer/128_bottom_5617.png,128__bottom,0.7440658807754517,0.6494441032409668,False
data/processed/cure_crops/128/bottom/customer/128_bottom_5618.png,128__bottom,0.7445410490036011,0.606804370880127,False
data/processed/cure_crops/128/bottom/customer/128_bottom_5619.png,128__bottom,0.7064682245254517,0.6542763710021973,False
data/processed/cure_crops/128/bottom/customer/128_bottom_5620.png,128__bottom,0.7657079100608826,0.7559517621994019,False
data/processed/cure_crops/128/top/customer/128_top_5582.png,128__top,0.658744215965271,0.7101932764053345,False
data/processed/cure_crops/128/top/customer/128_top_5583.png,128__top,0.5723240375518799,0.6946097612380981,False
data/processed/cure_crops/128/top/customer/128_top_5584.png,128__top,0.5852198004722595,0.7237386703491211,False
data/processed/cure_crops/128/top/customer/128_top_5585.png,128__top,0.5893629789352417,0.7173527479171753,False
data/processed/cure_crops/128/top/customer/128_top_5586.png,128__top,0.6357408761978149,0.5952818393707275,False
data/processed/cure_crops/128/top/customer/128_top_5587.png,128__top,0.49402493238449097,0.6202179193496704,False
data/processed/cure_crops/128/top/customer/128_top_5588.png,128__top,0.6949667930603027,0.6721256971359253,False
data/processed/cure_crops/128/top/customer/128_top_5589.png,128__top,0.6702899932861328,0.6592110395431519,False
data/processed/cure_crops/128/top/customer/128_top_5590.png,128__top,0.6907797455787659,0.6763134002685547,False
data/processed/cure_crops/128/top/customer/128_top_5591.png,128__top,0.6567115187644958,0.6676996946334839,False
data/processed/cure_crops/128/top/customer/128_top_5592.png,128__top,0.6550130844116211,0.7009129524230957,False
data/processed/cure_crops/128/top/customer/128_top_5593.png,128__top,0.7093718647956848,0.7301201820373535,False
data/processed/cure_crops/128/top/customer/128_top_5594.png,128__top,0.6593440771102905,0.7160120010375977,False
data/processed/cure_crops/128/top/customer/128_top_5595.png,128__top,0.6772869825363159,0.5889440774917603,False
data/processed/cure_crops/128/top/customer/128_top_5596.png,128__top,0.6786763668060303,0.6162512302398682,False
data/processed/cure_crops/128/top/customer/128_top_5597.png,128__top,0.7168217897415161,0.7361823320388794,False
data/processed/cure_crops/128/top/customer/128_top_5598.png,128__top,0.657674252986908,0.664710521697998,False
data/processed/cure_crops/128/top/customer/128_top_5599.png,128__top,0.6720213294029236,0.7345179915428162,False
data/processed/cure_crops/129/bottom/customer/129_bottom_5647.png,129__bottom,0.6780354976654053,0.7683765292167664,False
data/processed/cure_crops/129/bottom/customer/129_bottom_5648.png,129__bottom,0.7094151973724365,0.8334954977035522,False
data/processed/cure_crops/129/bottom/customer/129_bottom_5649.png,129__bottom,0.5582170486450195,0.5037202835083008,False
data/processed/cure_crops/129/bottom/customer/129_bottom_5650.png,129__bottom,0.6321335434913635,0.717797040939331,False
data/processed/cure_crops/129/bottom/customer/129_bottom_5651.png,129__bottom,0.6096524000167847,0.6835848093032837,False
data/processed/cure_crops/129/bottom/customer/129_bottom_5652.png,129__bottom,0.6125869154930115,0.7904906272888184,False
data/processed/cure_crops/129/bottom/customer/129_bottom_5653.png,129__bottom,0.625152587890625,0.7786456942558289,False
data/processed/cure_crops/129/bottom/customer/129_bottom_5654.png,129__bottom,0.6316004991531372,0.6721614599227905,False
data/processed/cure_crops/129/bottom/customer/129_bottom_5655.png,129__bottom,0.6851474046707153,0.8074718713760376,False
data/processed/cure_crops/129/bottom/customer/129_bottom_5656.png,129__bottom,0.7105777263641357,0.7571327090263367,False
data/processed/cure_crops/129/bottom/customer/129_bottom_5657.png,129__bottom,0.6603460311889648,0.7749475240707397,False
data/processed/cure_crops/129/bottom/customer/129_bottom_5658.png,129__bottom,0.7711395621299744,0.7784291505813599,False
data/processed/cure_crops/129/bottom/customer/129_bottom_5659.png,129__bottom,0.677885115146637,0.8225507736206055,False
data/processed/cure_crops/129/bottom/customer/129_bottom_5660.png,129__bottom,0.5950995087623596,0.6735999584197998,False
data/processed/cure_crops/129/bottom/customer/129_bottom_5661.png,129__bottom,0.586292028427124,0.8092396259307861,False
data/processed/cure_crops/129/bottom/customer/129_bottom_5662.png,129__bottom,0.6945427060127258,0.8065852522850037,False
data/processed/cure_crops/129/bottom/customer/129_bottom_5663.png,129__bottom,0.6945364475250244,0.8344715237617493,False
data/processed/cure_crops/129/bottom/customer/129_bottom_5664.png,129__bottom,0.8063017129898071,0.792316198348999,False
data/processed/cure_crops/129/bottom/customer/129_bottom_5665.png,129__bottom,0.7604410648345947,0.7345486283302307,False
data/processed/cure_crops/129/bottom/customer/129_bottom_5666.png,129__bottom,0.7005571126937866,0.7822958827018738,False
data/processed/cure_crops/129/bottom/customer/129_bottom_5667.png,129__bottom,0.48349887132644653,0.773808479309082,False
data/processed/cure_crops/129/bottom/customer/129_bottom_5668.png,129__bottom,0.7009402513504028,0.7926509380340576,False
data/processed/cure_crops/129/top/customer/129_top_5621.png,129__top,0.7479877471923828,0.7122594118118286,False
data/processed/cure_crops/129/top/customer/129_top_5622.png,129__top,0.7645118236541748,0.78504478931427,False
data/processed/cure_crops/129/top/customer/129_top_5623.png,129__top,0.6083906292915344,0.8279003500938416,False
data/processed/cure_crops/129/top/customer/129_top_5624.png,129__top,0.718570351600647,0.7660546898841858,False
data/processed/cure_crops/129/top/customer/129_top_5625.png,129__top,0.5993998646736145,0.8065230846405029,False
data/processed/cure_crops/129/top/customer/129_top_5626.png,129__top,0.6562317609786987,0.7215735912322998,False
data/processed/cure_crops/129/top/customer/129_top_5627.png,129__top,0.6636526584625244,0.6761956214904785,False
data/processed/cure_crops/129/top/customer/129_top_5628.png,129__top,0.5562946200370789,0.7462098598480225,False
data/processed/cure_crops/129/top/customer/129_top_5629.png,129__top,0.5938363671302795,0.7021816968917847,False
data/processed/cure_crops/129/top/customer/129_top_5630.png,129__top,0.717124879360199,0.7180983424186707,False
data/processed/cure_crops/129/top/customer/129_top_5631.png,129__top,0.649211049079895,0.7578746676445007,False
data/processed/cure_crops/129/top/customer/129_top_5632.png,129__top,0.6321732997894287,0.7773216962814331,False
data/processed/cure_crops/129/top/customer/129_top_5633.png,129__top,0.6242625713348389,0.6641722917556763,False
data/processed/cure_crops/129/top/customer/129_top_5634.png,129__top,0.8063565492630005,0.7799293398857117,False
data/processed/cure_crops/129/top/customer/129_top_5635.png,129__top,0.6212554574012756,0.7567629814147949,False
data/processed/cure_crops/129/top/customer/129_top_5636.png,129__top,0.6822752952575684,0.7253124713897705,False
data/processed/cure_crops/129/top/customer/129_top_5637.png,129__top,0.7160495519638062,0.744942307472229,False
data/processed/cure_crops/129/top/customer/129_top_5638.png,129__top,0.5905162692070007,0.6960858106613159,False
data/processed/cure_crops/129/top/customer/129_top_5639.png,129__top,0.690200924873352,0.7108030319213867,False
data/processed/cure_crops/129/top/customer/129_top_5640.png,129__top,0.621289849281311,0.6828740835189819,False
data/processed/cure_crops/129/top/customer/129_top_5641.png,129__top,0.6996268630027771,0.7656141519546509,False
data/processed/cure_crops/129/top/customer/129_top_5642.png,129__top,0.6989257335662842,0.727063775062561,False
data/processed/cure_crops/129/top/customer/129_top_5643.png,129__top,0.5960043668746948,0.736150324344635,False
data/processed/cure_crops/129/top/customer/129_top_5644.png,129__top,0.6813408136367798,0.7037738561630249,False
data/processed/cure_crops/129/top/customer/129_top_5645.png,129__top,0.7063080668449402,0.7629459500312805,False
data/processed/cure_crops/13/bottom/customer/13_bottom_587.png,13__bottom,0.5963456630706787,0.752642810344696,False
data/processed/cure_crops/13/bottom/customer/13_bottom_588.png,13__bottom,0.5377824306488037,0.6858993768692017,False
data/processed/cure_crops/13/bottom/customer/13_bottom_589.png,13__bottom,0.6225229501724243,0.6840593814849854,False
data/processed/cure_crops/13/bottom/customer/13_bottom_590.png,13__bottom,0.63978511095047,0.6885160207748413,False
data/processed/cure_crops/13/bottom/customer/13_bottom_591.png,13__bottom,0.53123539686203,0.6467752456665039,False
data/processed/cure_crops/13/bottom/customer/13_bottom_592.png,13__bottom,0.5705889463424683,0.7652993202209473,False
data/processed/cure_crops/13/bottom/customer/13_bottom_593.png,13__bottom,0.4830027222633362,0.5567768216133118,False
data/processed/cure_crops/13/bottom/customer/13_bottom_594.png,13__bottom,0.5460386276245117,0.4999969005584717,False
data/processed/cure_crops/13/bottom/customer/13_bottom_595.png,13__bottom,0.4664261043071747,0.5806339383125305,False
data/processed/cure_crops/13/bottom/customer/13_bottom_596.png,13__bottom,0.4539603590965271,0.48025059700012207,False
data/processed/cure_crops/13/bottom/customer/13_bottom_597.png,13__bottom,0.48236459493637085,0.6531941890716553,False
data/processed/cure_crops/13/bottom/customer/13_bottom_598.png,13__bottom,0.6046987771987915,0.578211784362793,False
data/processed/cure_crops/13/bottom/customer/13_bottom_599.png,13__bottom,0.6023575663566589,0.3663347661495209,False
data/processed/cure_crops/13/bottom/customer/13_bottom_600.png,13__bottom,0.6124904155731201,0.4807263910770416,False
data/processed/cure_crops/13/bottom/customer/13_bottom_601.png,13__bottom,0.6326931715011597,0.5633395314216614,False
data/processed/cure_crops/13/bottom/customer/13_bottom_602.png,13__bottom,0.5590372085571289,0.6517670154571533,False
data/processed/cure_crops/13/bottom/customer/13_bottom_603.png,13__bottom,0.5929743051528931,0.495445191860199,False
data/processed/cure_crops/13/bottom/customer/13_bottom_604.png,13__bottom,0.5927377939224243,0.608539342880249,False
data/processed/cure_crops/13/bottom/customer/13_bottom_605.png,13__bottom,0.6636457443237305,0.6646127700805664,False
data/processed/cure_crops/13/bottom/customer/13_bottom_606.png,13__bottom,0.6127622127532959,0.6334436535835266,False
data/processed/cure_crops/13/bottom/customer/13_bottom_607.png,13__bottom,0.6411205530166626,0.5883253216743469,False
data/processed/cure_crops/13/bottom/customer/13_bottom_608.png,13__bottom,0.5963204503059387,0.560034990310669,False
data/processed/cure_crops/13/bottom/customer/13_bottom_609.png,13__bottom,0.5845900774002075,0.49407750368118286,False
data/processed/cure_crops/13/bottom/customer/13_bottom_610.png,13__bottom,0.648906946182251,0.46450722217559814,False
data/processed/cure_crops/13/bottom/customer/13_bottom_611.png,13__bottom,0.6085056066513062,0.3443249464035034,False
data/processed/cure_crops/13/bottom/customer/13_bottom_612.png,13__bottom,0.6399102807044983,0.5612236857414246,False
data/processed/cure_crops/13/top/customer/13_top_562.png,13__top,0.7250304818153381,0.7475083470344543,False
data/processed/cure_crops/13/top/customer/13_top_563.png,13__top,0.7158671617507935,0.6894755363464355,False
data/processed/cure_crops/13/top/customer/13_top_564.png,13__top,0.6777023673057556,0.7778815031051636,False
data/processed/cure_crops/13/top/customer/13_top_565.png,13__top,0.8064536452293396,0.783970296382904,False
data/processed/cure_crops/13/top/customer/13_top_566.png,13__top,0.6504696607589722,0.718407928943634,False
data/processed/cure_crops/13/top/customer/13_top_567.png,13__top,0.6889277696609497,0.6888257265090942,False
data/processed/cure_crops/13/top/customer/13_top_568.png,13__top,0.6140660047531128,0.73869389295578,False
data/processed/cure_crops/13/top/customer/13_top_569.png,13__top,0.5696631669998169,0.6549984812736511,False
data/processed/cure_crops/13/top/customer/13_top_570.png,13__top,0.5878037214279175,0.6263645887374878,False
data/processed/cure_crops/13/top/customer/13_top_571.png,13__top,0.6061431765556335,0.6759555339813232,False
data/processed/cure_crops/13/top/customer/13_top_572.png,13__top,0.7333459854125977,0.5587515830993652,False
data/processed/cure_crops/13/top/customer/13_top_573.png,13__top,0.716127872467041,0.557526707649231,False
data/processed/cure_crops/13/top/customer/13_top_574.png,13__top,0.7389121055603027,0.6123850345611572,False
data/processed/cure_crops/13/top/customer/13_top_575.png,13__top,0.7207924723625183,0.5820131897926331,False
data/processed/cure_crops/13/top/customer/13_top_576.png,13__top,0.6948887705802917,0.7096751928329468,False
data/processed/cure_crops/13/top/customer/13_top_577.png,13__top,0.7023732662200928,0.5147748589515686,False
data/processed/cure_crops/13/top/customer/13_top_578.png,13__top,0.7149452567100525,0.5951647758483887,False
data/processed/cure_crops/13/top/customer/13_top_579.png,13__top,0.7439104318618774,0.6552077531814575,False
data/processed/cure_crops/13/top/customer/13_top_580.png,13__top,0.6986647844314575,0.6080362796783447,False
data/processed/cure_crops/13/top/customer/13_top_581.png,13__top,0.7418020367622375,0.6620546579360962,False
data/processed/cure_crops/13/top/customer/13_top_582.png,13__top,0.7553682923316956,0.6545775532722473,False
data/processed/cure_crops/13/top/customer/13_top_583.png,13__top,0.7188818454742432,0.5983899831771851,False
data/processed/cure_crops/13/top/customer/13_top_584.png,13__top,0.7386587858200073,0.5818343758583069,False
data/processed/cure_crops/13/top/customer/13_top_585.png,13__top,0.7480186223983765,0.7358380556106567,False
data/processed/cure_crops/13/top/customer/13_top_586.png,13__top,0.711748480796814,0.6029211282730103,False
data/processed/cure_crops/130/bottom/customer/130_bottom_5689.png,130__bottom,0.7582316994667053,0.8451336622238159,False
data/processed/cure_crops/130/bottom/customer/130_bottom_5690.png,130__bottom,0.6335456371307373,0.7376251220703125,False
data/processed/cure_crops/130/bottom/customer/130_bottom_5691.png,130__bottom,0.6693519949913025,0.6870004534721375,False
data/processed/cure_crops/130/bottom/customer/130_bottom_5692.png,130__bottom,0.7401418089866638,0.8688476085662842,False
data/processed/cure_crops/130/bottom/customer/130_bottom_5693.png,130__bottom,0.6126210689544678,0.5538265705108643,False
data/processed/cure_crops/130/bottom/customer/130_bottom_5694.png,130__bottom,0.6712015867233276,0.7426989078521729,False
data/processed/cure_crops/130/bottom/customer/130_bottom_5695.png,130__bottom,0.6347631216049194,0.7308304905891418,False
data/processed/cure_crops/130/bottom/customer/130_bottom_5696.png,130__bottom,0.7306150197982788,0.7695379853248596,False
data/processed/cure_crops/130/bottom/customer/130_bottom_5697.png,130__bottom,0.675575852394104,0.6676821708679199,False
data/processed/cure_crops/130/bottom/customer/130_bottom_5698.png,130__bottom,0.614227294921875,0.7658131718635559,False
data/processed/cure_crops/130/bottom/customer/130_bottom_5699.png,130__bottom,0.6614217758178711,0.5602883100509644,False
data/processed/cure_crops/130/bottom/customer/130_bottom_5700.png,130__bottom,0.7225055694580078,0.6164288520812988,False
data/processed/cure_crops/130/bottom/customer/130_bottom_5701.png,130__bottom,0.7472701072692871,0.5806797742843628,False
data/processed/cure_crops/130/bottom/customer/130_bottom_5702.png,130__bottom,0.7383701801300049,0.639153242111206,False
data/processed/cure_crops/130/bottom/customer/130_bottom_5703.png,130__bottom,0.6836808919906616,0.6699100732803345,False
data/processed/cure_crops/130/bottom/customer/130_bottom_5704.png,130__bottom,0.6826789975166321,0.6838936805725098,False
data/processed/cure_crops/130/bottom/customer/130_bottom_5705.png,130__bottom,0.7234413623809814,0.5654157400131226,False
data/processed/cure_crops/130/bottom/customer/130_bottom_5706.png,130__bottom,0.7672187089920044,0.7657637596130371,False
data/processed/cure_crops/130/bottom/customer/130_bottom_5707.png,130__bottom,0.7153997421264648,0.760857105255127,False
data/processed/cure_crops/130/bottom/customer/130_bottom_5708.png,130__bottom,0.7405163049697876,0.7804272770881653,False
data/processed/cure_crops/130/bottom/customer/130_bottom_5709.png,130__bottom,0.750537633895874,0.7029874920845032,False
data/processed/cure_crops/130/bottom/customer/130_bottom_5710.png,130__bottom,0.7112743854522705,0.7620844841003418,False
data/processed/cure_crops/130/top/customer/130_top_5669.png,130__top,0.679789125919342,0.6420373916625977,False
data/processed/cure_crops/130/top/customer/130_top_5670.png,130__top,0.7435355186462402,0.8213603496551514,False
data/processed/cure_crops/130/top/customer/130_top_5671.png,130__top,0.7496443390846252,0.8071804046630859,False
data/processed/cure_crops/130/top/customer/130_top_5672.png,130__top,0.6162543892860413,0.8555834889411926,False
data/processed/cure_crops/130/top/customer/130_top_5673.png,130__top,0.5684888958930969,0.7077721357345581,False
data/processed/cure_crops/130/top/customer/130_top_5674.png,130__top,0.5827391147613525,0.6746257543563843,False
data/processed/cure_crops/130/top/customer/130_top_5675.png,130__top,0.5937316417694092,0.7701963186264038,False
data/processed/cure_crops/130/top/customer/130_top_5676.png,130__top,0.5613981485366821,0.7766368389129639,False
data/processed/cure_crops/130/top/customer/130_top_5677.png,130__top,0.5047879219055176,0.6886076331138611,False
data/processed/cure_crops/130/top/customer/130_top_5678.png,130__top,0.5417762398719788,0.5986337661743164,False
data/processed/cure_crops/130/top/customer/130_top_5679.png,130__top,0.6731315851211548,0.7200567126274109,False
data/processed/cure_crops/130/top/customer/130_top_5680.png,130__top,0.6113501787185669,0.6882911920547485,False
data/processed/cure_crops/130/top/customer/130_top_5681.png,130__top,0.6143568754196167,0.7322320938110352,False
data/processed/cure_crops/130/top/customer/130_top_5682.png,130__top,0.6264293193817139,0.5985475778579712,False
data/processed/cure_crops/130/top/customer/130_top_5683.png,130__top,0.6717672348022461,0.6868936419487,False
data/processed/cure_crops/130/top/customer/130_top_5684.png,130__top,0.6372104287147522,0.6334681510925293,False
data/processed/cure_crops/130/top/customer/130_top_5685.png,130__top,0.6660961508750916,0.7863764762878418,False
data/processed/cure_crops/130/top/customer/130_top_5686.png,130__top,0.6782671213150024,0.7019448280334473,False
data/processed/cure_crops/130/top/customer/130_top_5687.png,130__top,0.5704860687255859,0.5857980847358704,False
data/processed/cure_crops/130/top/customer/130_top_5688.png,130__top,0.6128102540969849,0.702358603477478,False
data/processed/cure_crops/131/bottom/customer/131_bottom_5736.png,131__bottom,0.6918739080429077,0.5569290518760681,False
data/processed/cure_crops/131/bottom/customer/131_bottom_5738.png,131__bottom,0.18654155731201172,0.06330998241901398,False
data/processed/cure_crops/131/bottom/customer/131_bottom_5739.png,131__bottom,0.6766279339790344,0.6022800803184509,False
data/processed/cure_crops/131/bottom/customer/131_bottom_5740.png,131__bottom,0.7369375228881836,0.7230457067489624,False
data/processed/cure_crops/131/bottom/customer/131_bottom_5741.png,131__bottom,0.6449055075645447,0.6405421495437622,False
data/processed/cure_crops/131/bottom/customer/131_bottom_5742.png,131__bottom,0.7070032358169556,0.5758707523345947,False
data/processed/cure_crops/131/bottom/customer/131_bottom_5743.png,131__bottom,0.6988030672073364,0.6695122122764587,False
data/processed/cure_crops/131/bottom/customer/131_bottom_5744.png,131__bottom,0.7492631673812866,0.5933934450149536,False
data/processed/cure_crops/131/bottom/customer/131_bottom_5745.png,131__bottom,0.6869814395904541,0.5305957794189453,False
data/processed/cure_crops/131/bottom/customer/131_bottom_5746.png,131__bottom,0.6267178058624268,0.39300277829170227,False
data/processed/cure_crops/131/bottom/customer/131_bottom_5747.png,131__bottom,0.6195535659790039,0.522469699382782,False
data/processed/cure_crops/131/bottom/customer/131_bottom_5748.png,131__bottom,0.6699153184890747,0.5090292692184448,False
data/processed/cure_crops/131/bottom/customer/131_bottom_5749.png,131__bottom,0.5519681572914124,0.5532650947570801,False
data/processed/cure_crops/131/bottom/customer/131_bottom_5750.png,131__bottom,0.6584607362747192,0.5774244070053101,False
data/processed/cure_crops/131/bottom/customer/131_bottom_5751.png,131__bottom,0.761134147644043,0.4978015720844269,False
data/processed/cure_crops/131/bottom/customer/131_bottom_5752.png,131__bottom,0.5780690312385559,0.46064239740371704,False
data/processed/cure_crops/131/bottom/customer/131_bottom_5753.png,131__bottom,0.6151647567749023,0.5226268172264099,False
data/processed/cure_crops/131/bottom/customer/131_bottom_5754.png,131__bottom,0.6651732921600342,0.5736867189407349,False
data/processed/cure_crops/131/bottom/customer/131_bottom_5755.png,131__bottom,0.6412696242332458,0.577811598777771,False
data/processed/cure_crops/131/bottom/customer/131_bottom_5756.png,131__bottom,0.6457687616348267,0.5028479099273682,False
data/processed/cure_crops/131/bottom/customer/131_bottom_5757.png,131__bottom,0.34741705656051636,0.16317889094352722,False
data/processed/cure_crops/131/top/customer/131_top_5711.png,131__top,0.6647824048995972,0.7720985412597656,False
data/processed/cure_crops/131/top/customer/131_top_5712.png,131__top,0.7061907052993774,0.5641335844993591,False
data/processed/cure_crops/131/top/customer/131_top_5713.png,131__top,0.7598273158073425,0.6006607413291931,False
data/processed/cure_crops/131/top/customer/131_top_5714.png,131__top,0.7506062984466553,0.7608880996704102,False
data/processed/cure_crops/131/top/customer/131_top_5715.png,131__top,0.5892107486724854,0.5464234352111816,False
data/processed/cure_crops/131/top/customer/131_top_5716.png,131__top,0.5211676955223083,0.4882867932319641,False
data/processed/cure_crops/131/top/customer/131_top_5717.png,131__top,0.5979127287864685,0.6059209108352661,False
data/processed/cure_crops/131/top/customer/131_top_5718.png,131__top,0.6817781925201416,0.5774296522140503,False
data/processed/cure_crops/131/top/customer/131_top_5719.png,131__top,0.7378923296928406,0.651038408279419,False
data/processed/cure_crops/131/top/customer/131_top_5720.png,131__top,0.626512885093689,0.7731554508209229,False
data/processed/cure_crops/131/top/customer/131_top_5721.png,131__top,0.6632617712020874,0.6356073617935181,False
data/processed/cure_crops/131/top/customer/131_top_5722.png,131__top,0.7123599052429199,0.378884494304657,False
data/processed/cure_crops/131/top/customer/131_top_5723.png,131__top,0.7517763376235962,0.6273326873779297,False
data/processed/cure_crops/131/top/customer/131_top_5724.png,131__top,0.7501877546310425,0.7485894560813904,False
data/processed/cure_crops/131/top/customer/131_top_5725.png,131__top,0.7959294319152832,0.610625147819519,False
data/processed/cure_crops/131/top/customer/131_top_5726.png,131__top,0.679921567440033,0.6244587898254395,False
data/processed/cure_crops/131/top/customer/131_top_5727.png,131__top,0.731761634349823,0.6887105703353882,False
data/processed/cure_crops/131/top/customer/131_top_5728.png,131__top,0.760862410068512,0.6994879245758057,False
data/processed/cure_crops/131/top/customer/131_top_5729.png,131__top,0.6336815357208252,0.673831582069397,False
data/processed/cure_crops/131/top/customer/131_top_5730.png,131__top,0.6908637285232544,0.6264351010322571,False
data/processed/cure_crops/131/top/customer/131_top_5731.png,131__top,0.6701949238777161,0.6249614357948303,False
data/processed/cure_crops/131/top/customer/131_top_5732.png,131__top,0.7071628570556641,0.8034044504165649,False
data/processed/cure_crops/131/top/customer/131_top_5733.png,131__top,0.7226549386978149,0.5639979839324951,False
data/processed/cure_crops/131/top/customer/131_top_5734.png,131__top,0.6185581684112549,0.4356883764266968,False
data/processed/cure_crops/131/top/customer/131_top_5735.png,131__top,0.5660105347633362,0.6314021348953247,False
data/processed/cure_crops/132/bottom/customer/132_bottom_5782.png,132__bottom,0.8555212020874023,0.8344465494155884,False
data/processed/cure_crops/132/bottom/customer/132_bottom_5783.png,132__bottom,0.8193926811218262,0.7973553538322449,False
data/processed/cure_crops/132/bottom/customer/132_bottom_5784.png,132__bottom,0.5089864730834961,0.8047770857810974,False
data/processed/cure_crops/132/bottom/customer/132_bottom_5785.png,132__bottom,0.7766162157058716,0.8597562313079834,False
data/processed/cure_crops/132/bottom/customer/132_bottom_5786.png,132__bottom,0.4987991154193878,0.7048947215080261,False
data/processed/cure_crops/132/bottom/customer/132_bottom_5787.png,132__bottom,0.572216272354126,0.7628170847892761,False
data/processed/cure_crops/132/bottom/customer/132_bottom_5788.png,132__bottom,0.6963310837745667,0.7705302238464355,False
data/processed/cure_crops/132/bottom/customer/132_bottom_5789.png,132__bottom,0.5978161096572876,0.7440782189369202,False
data/processed/cure_crops/132/bottom/customer/132_bottom_5790.png,132__bottom,0.6820492148399353,0.7275373339653015,False
data/processed/cure_crops/132/bottom/customer/132_bottom_5791.png,132__bottom,0.6492277383804321,0.7265764474868774,False
data/processed/cure_crops/132/bottom/customer/132_bottom_5792.png,132__bottom,0.6548309326171875,0.6937766671180725,False
data/processed/cure_crops/132/bottom/customer/132_bottom_5793.png,132__bottom,0.6534337997436523,0.6455123424530029,False
data/processed/cure_crops/132/bottom/customer/132_bottom_5794.png,132__bottom,0.7177450060844421,0.7841123938560486,False
data/processed/cure_crops/132/bottom/customer/132_bottom_5795.png,132__bottom,0.7547542452812195,0.6131115555763245,False
data/processed/cure_crops/132/bottom/customer/132_bottom_5796.png,132__bottom,0.7225531339645386,0.7667266130447388,False
data/processed/cure_crops/132/bottom/customer/132_bottom_5797.png,132__bottom,0.5740052461624146,0.7434660196304321,False
data/processed/cure_crops/132/bottom/customer/132_bottom_5798.png,132__bottom,0.655067503452301,0.6779534220695496,False
data/processed/cure_crops/132/bottom/customer/132_bottom_5799.png,132__bottom,0.7102698087692261,0.7078951597213745,False
data/processed/cure_crops/132/bottom/customer/132_bottom_5800.png,132__bottom,0.7287308573722839,0.733493447303772,False
data/processed/cure_crops/132/bottom/customer/132_bottom_5801.png,132__bottom,0.7302427291870117,0.7903716564178467,False
data/processed/cure_crops/132/bottom/customer/132_bottom_5802.png,132__bottom,0.6041097044944763,0.6702635288238525,False
data/processed/cure_crops/132/bottom/customer/132_bottom_5803.png,132__bottom,0.7223411202430725,0.7513920068740845,False
data/processed/cure_crops/132/bottom/customer/132_bottom_5804.png,132__bottom,0.6263965368270874,0.7371699213981628,False
data/processed/cure_crops/132/bottom/customer/132_bottom_5805.png,132__bottom,0.7269816994667053,0.7698698043823242,False
data/processed/cure_crops/132/bottom/customer/132_bottom_5806.png,132__bottom,0.7028073072433472,0.6880855560302734,False
data/processed/cure_crops/132/top/customer/132_top_5758.png,132__top,0.748376727104187,0.7588064670562744,False
data/processed/cure_crops/132/top/customer/132_top_5759.png,132__top,0.7968055009841919,0.8998873233795166,False
data/processed/cure_crops/132/top/customer/132_top_5760.png,132__top,0.708777666091919,0.7511788606643677,False
data/processed/cure_crops/132/top/customer/132_top_5761.png,132__top,0.7818433046340942,0.8139840364456177,False
data/processed/cure_crops/132/top/customer/132_top_5762.png,132__top,0.5570605993270874,0.7133025527000427,False
data/processed/cure_crops/132/top/customer/132_top_5763.png,132__top,0.6492661237716675,0.7321016192436218,False
data/processed/cure_crops/132/top/customer/132_top_5764.png,132__top,0.7780448198318481,0.7856890559196472,False
data/processed/cure_crops/132/top/customer/132_top_5765.png,132__top,0.7620294094085693,0.7492588758468628,False
data/processed/cure_crops/132/top/customer/132_top_5766.png,132__top,0.741477370262146,0.7793371677398682,False
data/processed/cure_crops/132/top/customer/132_top_5767.png,132__top,0.6440340876579285,0.5414888858795166,False
data/processed/cure_crops/132/top/customer/132_top_5768.png,132__top,0.7227915525436401,0.6124643683433533,False
data/processed/cure_crops/132/top/customer/132_top_5769.png,132__top,0.7444000244140625,0.4951048493385315,False
data/processed/cure_crops/132/top/customer/132_top_5770.png,132__top,0.7390798330307007,0.5191125273704529,False
data/processed/cure_crops/132/top/customer/132_top_5771.png,132__top,0.7219816446304321,0.6218225955963135,False
data/processed/cure_crops/132/top/customer/132_top_5772.png,132__top,0.7568987607955933,0.6019402742385864,False
data/processed/cure_crops/132/top/customer/132_top_5773.png,132__top,0.7439613938331604,0.6317178010940552,False
data/processed/cure_crops/132/top/customer/132_top_5774.png,132__top,0.7121538519859314,0.5041777491569519,False
data/processed/cure_crops/132/top/customer/132_top_5775.png,132__top,0.7295305132865906,0.5392522215843201,False
data/processed/cure_crops/132/top/customer/132_top_5776.png,132__top,0.49320149421691895,0.09832626581192017,False
data/processed/cure_crops/132/top/customer/132_top_5777.png,132__top,0.777267575263977,0.585254430770874,False
data/processed/cure_crops/132/top/customer/132_top_5778.png,132__top,0.753940224647522,0.6164665222167969,False
data/processed/cure_crops/132/top/customer/132_top_5779.png,132__top,0.7268737554550171,0.4549812972545624,False
data/processed/cure_crops/132/top/customer/132_top_5780.png,132__top,0.7125740051269531,0.5134339332580566,False
data/processed/cure_crops/132/top/customer/132_top_5781.png,132__top,0.7764527797698975,0.5598905682563782,False
data/processed/cure_crops/133/bottom/customer/133_bottom_5830.png,133__bottom,0.8010163903236389,0.6924467086791992,False
data/processed/cure_crops/133/bottom/customer/133_bottom_5831.png,133__bottom,0.7481880187988281,0.7398223280906677,False
data/processed/cure_crops/133/bottom/customer/133_bottom_5832.png,133__bottom,0.7800278663635254,0.8626062870025635,False
data/processed/cure_crops/133/bottom/customer/133_bottom_5833.png,133__bottom,0.7579095363616943,0.8135217428207397,False
data/processed/cure_crops/133/bottom/customer/133_bottom_5834.png,133__bottom,0.7072308659553528,0.6959050297737122,False
data/processed/cure_crops/133/bottom/customer/133_bottom_5835.png,133__bottom,0.7075221538543701,0.6747868657112122,False
data/processed/cure_crops/133/bottom/customer/133_bottom_5836.png,133__bottom,0.7661012411117554,0.6220214366912842,False
data/processed/cure_crops/133/bottom/customer/133_bottom_5837.png,133__bottom,0.6638339757919312,0.6151995062828064,False
data/processed/cure_crops/133/bottom/customer/133_bottom_5838.png,133__bottom,0.6407188177108765,0.6291995644569397,False
data/processed/cure_crops/133/bottom/customer/133_bottom_5839.png,133__bottom,0.6319748163223267,0.6439144611358643,False
data/processed/cure_crops/133/bottom/customer/133_bottom_5840.png,133__bottom,0.6713375449180603,0.6489678621292114,False
data/processed/cure_crops/133/bottom/customer/133_bottom_5841.png,133__bottom,0.6431068181991577,0.6469748020172119,False
data/processed/cure_crops/133/bottom/customer/133_bottom_5842.png,133__bottom,0.6639918088912964,0.7140247821807861,False
data/processed/cure_crops/133/bottom/customer/133_bottom_5843.png,133__bottom,0.5820136666297913,0.6070617437362671,False
data/processed/cure_crops/133/bottom/customer/133_bottom_5844.png,133__bottom,0.6231430768966675,0.7111971378326416,False
data/processed/cure_crops/133/bottom/customer/133_bottom_5845.png,133__bottom,0.5729782581329346,0.6114057302474976,False
data/processed/cure_crops/133/bottom/customer/133_bottom_5846.png,133__bottom,0.6538002490997314,0.6633579134941101,False
data/processed/cure_crops/133/bottom/customer/133_bottom_5847.png,133__bottom,0.6023180484771729,0.6257799863815308,False
data/processed/cure_crops/133/bottom/customer/133_bottom_5848.png,133__bottom,0.5926582217216492,0.6507922410964966,False
data/processed/cure_crops/133/bottom/customer/133_bottom_5849.png,133__bottom,0.650435209274292,0.6258648633956909,False
data/processed/cure_crops/133/top/customer/133_top_5807.png,133__top,0.8981550335884094,0.8124111294746399,False
data/processed/cure_crops/133/top/customer/133_top_5808.png,133__top,0.754851758480072,0.7876684665679932,False
data/processed/cure_crops/133/top/customer/133_top_5809.png,133__top,0.7465823292732239,0.7519089579582214,False
data/processed/cure_crops/133/top/customer/133_top_5810.png,133__top,0.7153229117393494,0.6802948713302612,False
data/processed/cure_crops/133/top/customer/133_top_5811.png,133__top,0.668872594833374,0.5897176265716553,False
data/processed/cure_crops/133/top/customer/133_top_5812.png,133__top,0.5271706581115723,0.6111794710159302,False
data/processed/cure_crops/133/top/customer/133_top_5813.png,133__top,0.7377874255180359,0.48758578300476074,False
data/processed/cure_crops/133/top/customer/133_top_5814.png,133__top,0.7289534211158752,0.7373167276382446,False
data/processed/cure_crops/133/top/customer/133_top_5815.png,133__top,0.5787968635559082,0.7359253764152527,False
data/processed/cure_crops/133/top/customer/133_top_5816.png,133__top,0.6054003238677979,0.5813152194023132,False
data/processed/cure_crops/133/top/customer/133_top_5817.png,133__top,0.4683302938938141,0.5669916868209839,False
data/processed/cure_crops/133/top/customer/133_top_5818.png,133__top,0.6725742816925049,0.7739906311035156,False
data/processed/cure_crops/133/top/customer/133_top_5819.png,133__top,0.6808805465698242,0.7531267404556274,False
data/processed/cure_crops/133/top/customer/133_top_5820.png,133__top,0.6511027812957764,0.6694490313529968,False
data/processed/cure_crops/133/top/customer/133_top_5821.png,133__top,0.6703066825866699,0.706607460975647,False
data/processed/cure_crops/133/top/customer/133_top_5822.png,133__top,0.6150808334350586,0.6750915050506592,False
data/processed/cure_crops/133/top/customer/133_top_5823.png,133__top,0.6749085187911987,0.704660952091217,False
data/processed/cure_crops/133/top/customer/133_top_5824.png,133__top,0.7204854488372803,0.7631416320800781,False
data/processed/cure_crops/133/top/customer/133_top_5825.png,133__top,0.6733870506286621,0.6876668930053711,False
data/processed/cure_crops/133/top/customer/133_top_5826.png,133__top,0.696997344493866,0.7584218978881836,False
data/processed/cure_crops/133/top/customer/133_top_5827.png,133__top,0.667387843132019,0.6938992738723755,False
data/processed/cure_crops/133/top/customer/133_top_5828.png,133__top,0.5798057913780212,0.6638624668121338,False
data/processed/cure_crops/133/top/customer/133_top_5829.png,133__top,0.604350745677948,0.6467767357826233,False
data/processed/cure_crops/134/bottom/customer/134_bottom_5877.png,134__bottom,0.6407054662704468,0.6260503530502319,False
data/processed/cure_crops/134/bottom/customer/134_bottom_5878.png,134__bottom,0.6034939289093018,0.6061828136444092,False
data/processed/cure_crops/134/bottom/customer/134_bottom_5879.png,134__bottom,0.4823194742202759,0.6343669891357422,False
data/processed/cure_crops/134/bottom/customer/134_bottom_5880.png,134__bottom,0.660291850566864,0.7523149251937866,False
data/processed/cure_crops/134/bottom/customer/134_bottom_5881.png,134__bottom,0.44674795866012573,0.48694908618927,False
data/processed/cure_crops/134/bottom/customer/134_bottom_5882.png,134__bottom,0.5638466477394104,0.7048972249031067,False
data/processed/cure_crops/134/bottom/customer/134_bottom_5883.png,134__bottom,0.5263177752494812,0.6528840065002441,False
data/processed/cure_crops/134/bottom/customer/134_bottom_5884.png,134__bottom,0.4650890827178955,0.4881938695907593,False
data/processed/cure_crops/134/bottom/customer/134_bottom_5885.png,134__bottom,0.5289265513420105,0.5310196876525879,False
data/processed/cure_crops/134/bottom/customer/134_bottom_5886.png,134__bottom,0.5290799736976624,0.6244274973869324,False
data/processed/cure_crops/134/bottom/customer/134_bottom_5887.png,134__bottom,0.5598765015602112,0.4802759885787964,False
data/processed/cure_crops/134/bottom/customer/134_bottom_5888.png,134__bottom,0.6001909375190735,0.49829331040382385,False
data/processed/cure_crops/134/bottom/customer/134_bottom_5889.png,134__bottom,0.598772406578064,0.5771394371986389,False
data/processed/cure_crops/134/bottom/customer/134_bottom_5890.png,134__bottom,0.6076470017433167,0.5207751393318176,False
data/processed/cure_crops/134/bottom/customer/134_bottom_5891.png,134__bottom,0.658980667591095,0.594678521156311,False
data/processed/cure_crops/134/bottom/customer/134_bottom_5892.png,134__bottom,0.56057208776474,0.45983970165252686,False
data/processed/cure_crops/134/bottom/customer/134_bottom_5893.png,134__bottom,0.5112284421920776,0.5060737133026123,False
data/processed/cure_crops/134/bottom/customer/134_bottom_5894.png,134__bottom,0.6356673240661621,0.495456337928772,False
data/processed/cure_crops/134/bottom/customer/134_bottom_5895.png,134__bottom,0.6138551235198975,0.596571683883667,False
data/processed/cure_crops/134/bottom/customer/134_bottom_5896.png,134__bottom,0.6384949088096619,0.5105535984039307,False
data/processed/cure_crops/134/bottom/customer/134_bottom_5897.png,134__bottom,0.591144859790802,0.5551367998123169,False
data/processed/cure_crops/134/bottom/customer/134_bottom_5898.png,134__bottom,0.5309060215950012,0.5115559697151184,False
data/processed/cure_crops/134/bottom/customer/134_bottom_5899.png,134__bottom,0.593982458114624,0.5645002126693726,False
data/processed/cure_crops/134/bottom/customer/134_bottom_5900.png,134__bottom,0.6258822083473206,0.6274533867835999,False
data/processed/cure_crops/134/bottom/customer/134_bottom_5901.png,134__bottom,0.5573756694793701,0.5897752046585083,False
data/processed/cure_crops/134/bottom/customer/134_bottom_5902.png,134__bottom,0.6137346625328064,0.5454187989234924,False
data/processed/cure_crops/134/top/customer/134_top_5850.png,134__top,0.7135745286941528,0.7447981834411621,False
data/processed/cure_crops/134/top/customer/134_top_5852.png,134__top,0.7271897792816162,0.767332911491394,False
data/processed/cure_crops/134/top/customer/134_top_5853.png,134__top,0.6655063629150391,0.7629690170288086,False
data/processed/cure_crops/134/top/customer/134_top_5854.png,134__top,0.7677881717681885,0.8111628293991089,False
data/processed/cure_crops/134/top/customer/134_top_5855.png,134__top,0.6913359761238098,0.7323349714279175,False
data/processed/cure_crops/134/top/customer/134_top_5856.png,134__top,0.7079235315322876,0.6408206820487976,False
data/processed/cure_crops/134/top/customer/134_top_5857.png,134__top,0.6409415602684021,0.5478819608688354,False
data/processed/cure_crops/134/top/customer/134_top_5858.png,134__top,0.7135294675827026,0.6987213492393494,False
data/processed/cure_crops/134/top/customer/134_top_5859.png,134__top,0.6783067584037781,0.5852029323577881,False
data/processed/cure_crops/134/top/customer/134_top_5860.png,134__top,0.7416322231292725,0.6214472055435181,False
data/processed/cure_crops/134/top/customer/134_top_5861.png,134__top,0.5733009576797485,0.5399500131607056,False
data/processed/cure_crops/134/top/customer/134_top_5862.png,134__top,0.6861310005187988,0.4214068353176117,False
data/processed/cure_crops/134/top/customer/134_top_5863.png,134__top,0.7312188148498535,0.6485609412193298,False
data/processed/cure_crops/134/top/customer/134_top_5864.png,134__top,0.7215758562088013,0.6071197390556335,False
data/processed/cure_crops/134/top/customer/134_top_5865.png,134__top,0.7088444232940674,0.6477468013763428,False
data/processed/cure_crops/134/top/customer/134_top_5866.png,134__top,0.7236248254776001,0.5002566576004028,False
data/processed/cure_crops/134/top/customer/134_top_5867.png,134__top,0.7003095149993896,0.6483603715896606,False
data/processed/cure_crops/134/top/customer/134_top_5868.png,134__top,0.7257993221282959,0.6066812872886658,False
data/processed/cure_crops/134/top/customer/134_top_5869.png,134__top,0.7120135426521301,0.6669578552246094,False
data/processed/cure_crops/134/top/customer/134_top_5870.png,134__top,0.7233843803405762,0.597041666507721,False
data/processed/cure_crops/134/top/customer/134_top_5871.png,134__top,0.6874764561653137,0.5175964832305908,False
data/processed/cure_crops/134/top/customer/134_top_5872.png,134__top,0.7086316347122192,0.43684110045433044,False
data/processed/cure_crops/134/top/customer/134_top_5873.png,134__top,0.708937406539917,0.6294121742248535,False
data/processed/cure_crops/134/top/customer/134_top_5874.png,134__top,0.71111661195755,0.5796646475791931,False
data/processed/cure_crops/134/top/customer/134_top_5875.png,134__top,0.7206169366836548,0.5123287439346313,False
data/processed/cure_crops/134/top/customer/134_top_5876.png,134__top,0.6847718954086304,0.5688742399215698,False
data/processed/cure_crops/135/bottom/customer/135_bottom_5927.png,135__bottom,0.8587818145751953,0.7920536398887634,False
data/processed/cure_crops/135/bottom/customer/135_bottom_5928.png,135__bottom,0.7739424109458923,0.7461203336715698,False
data/processed/cure_crops/135/bottom/customer/135_bottom_5929.png,135__bottom,0.7842374444007874,0.8493056893348694,False
data/processed/cure_crops/135/bottom/customer/135_bottom_5930.png,135__bottom,0.7448304295539856,0.7726150751113892,False
data/processed/cure_crops/135/bottom/customer/135_bottom_5931.png,135__bottom,0.6672883629798889,0.7177976369857788,False
data/processed/cure_crops/135/bottom/customer/135_bottom_5932.png,135__bottom,0.617281436920166,0.6392430663108826,False
data/processed/cure_crops/135/bottom/customer/135_bottom_5933.png,135__bottom,0.7192375659942627,0.7007448077201843,False
data/processed/cure_crops/135/bottom/customer/135_bottom_5934.png,135__bottom,0.5974817276000977,0.5557622909545898,False
data/processed/cure_crops/135/bottom/customer/135_bottom_5935.png,135__bottom,0.6296875476837158,0.6275075674057007,False
data/processed/cure_crops/135/bottom/customer/135_bottom_5936.png,135__bottom,0.6793912649154663,0.7134835124015808,False
data/processed/cure_crops/135/bottom/customer/135_bottom_5937.png,135__bottom,0.7054193615913391,0.7331860065460205,False
data/processed/cure_crops/135/bottom/customer/135_bottom_5938.png,135__bottom,0.7287216186523438,0.758056640625,False
data/processed/cure_crops/135/bottom/customer/135_bottom_5939.png,135__bottom,0.7963716387748718,0.759026050567627,False
data/processed/cure_crops/135/bottom/customer/135_bottom_5940.png,135__bottom,0.6877901554107666,0.7674671411514282,False
data/processed/cure_crops/135/bottom/customer/135_bottom_5941.png,135__bottom,0.6643683314323425,0.6941414475440979,False
data/processed/cure_crops/135/bottom/customer/135_bottom_5942.png,135__bottom,0.7070136070251465,0.7560917139053345,False
data/processed/cure_crops/135/bottom/customer/135_bottom_5943.png,135__bottom,0.6487112045288086,0.7455817461013794,False
data/processed/cure_crops/135/bottom/customer/135_bottom_5944.png,135__bottom,0.6098597049713135,0.7181153297424316,False
data/processed/cure_crops/135/bottom/customer/135_bottom_5945.png,135__bottom,0.626725435256958,0.7240129113197327,False
data/processed/cure_crops/135/bottom/customer/135_bottom_5946.png,135__bottom,0.687625527381897,0.7336891889572144,False
data/processed/cure_crops/135/bottom/customer/135_bottom_5947.png,135__bottom,0.6272406578063965,0.6732189059257507,False
data/processed/cure_crops/135/bottom/customer/135_bottom_5948.png,135__bottom,0.7361710667610168,0.6534677743911743,False
data/processed/cure_crops/135/top/customer/135_top_5903.png,135__top,0.7032680511474609,0.739457368850708,False
data/processed/cure_crops/135/top/customer/135_top_5904.png,135__top,0.6613882780075073,0.7797224521636963,False
data/processed/cure_crops/135/top/customer/135_top_5905.png,135__top,0.6857702136039734,0.8801566362380981,False
data/processed/cure_crops/135/top/customer/135_top_5906.png,135__top,0.6571940183639526,0.8276987075805664,False
data/processed/cure_crops/135/top/customer/135_top_5907.png,135__top,0.5666309595108032,0.7033846378326416,False
data/processed/cure_crops/135/top/customer/135_top_5908.png,135__top,0.5528756380081177,0.7839432954788208,False
data/processed/cure_crops/135/top/customer/135_top_5909.png,135__top,0.7036134600639343,0.7526646852493286,False
data/processed/cure_crops/135/top/customer/135_top_5910.png,135__top,0.595848560333252,0.6517939567565918,False
data/processed/cure_crops/135/top/customer/135_top_5911.png,135__top,0.7195000648498535,0.6318826675415039,False
data/processed/cure_crops/135/top/customer/135_top_5912.png,135__top,0.6812769174575806,0.7133790254592896,False
data/processed/cure_crops/135/top/customer/135_top_5913.png,135__top,0.662041962146759,0.7344208359718323,False
data/processed/cure_crops/135/top/customer/135_top_5914.png,135__top,0.6190053224563599,0.4501805901527405,False
data/processed/cure_crops/135/top/customer/135_top_5915.png,135__top,0.7304098606109619,0.6238917112350464,False
data/processed/cure_crops/135/top/customer/135_top_5916.png,135__top,0.6777437925338745,0.5215038061141968,False
data/processed/cure_crops/135/top/customer/135_top_5917.png,135__top,0.6382519006729126,0.6236474514007568,False
data/processed/cure_crops/135/top/customer/135_top_5918.png,135__top,0.6819901466369629,0.5470466613769531,False
data/processed/cure_crops/135/top/customer/135_top_5919.png,135__top,0.6626280546188354,0.6230008006095886,False
data/processed/cure_crops/135/top/customer/135_top_5920.png,135__top,0.6637934446334839,0.6298803687095642,False
data/processed/cure_crops/135/top/customer/135_top_5921.png,135__top,0.6272457838058472,0.5448764562606812,False
data/processed/cure_crops/135/top/customer/135_top_5922.png,135__top,0.7234317064285278,0.5947526693344116,False
data/processed/cure_crops/135/top/customer/135_top_5923.png,135__top,0.6328420639038086,0.6064056158065796,False
data/processed/cure_crops/135/top/customer/135_top_5924.png,135__top,0.6905944347381592,0.6458435654640198,False
data/processed/cure_crops/135/top/customer/135_top_5925.png,135__top,0.6628618240356445,0.5863767266273499,False
data/processed/cure_crops/135/top/customer/135_top_5926.png,135__top,0.6993962526321411,0.6417367458343506,False
data/processed/cure_crops/136/bottom/customer/136_bottom_5974.png,136__bottom,0.7393903136253357,0.5998110771179199,False
data/processed/cure_crops/136/bottom/customer/136_bottom_5975.png,136__bottom,0.6456303596496582,0.5240403413772583,False
data/processed/cure_crops/136/bottom/customer/136_bottom_5976.png,136__bottom,0.6740193367004395,0.8254945278167725,False
data/processed/cure_crops/136/bottom/customer/136_bottom_5977.png,136__bottom,0.6769189834594727,0.7706577777862549,False
data/processed/cure_crops/136/bottom/customer/136_bottom_5978.png,136__bottom,0.6081122159957886,0.6082321405410767,False
data/processed/cure_crops/136/bottom/customer/136_bottom_5979.png,136__bottom,0.6208826303482056,0.5934023857116699,False
data/processed/cure_crops/136/bottom/customer/136_bottom_5980.png,136__bottom,0.658670961856842,0.7084363102912903,False
data/processed/cure_crops/136/bottom/customer/136_bottom_5981.png,136__bottom,0.6243467330932617,0.7257301807403564,False
data/processed/cure_crops/136/bottom/customer/136_bottom_5982.png,136__bottom,0.6501789689064026,0.6814272999763489,False
data/processed/cure_crops/136/bottom/customer/136_bottom_5983.png,136__bottom,0.5870609283447266,0.5814347863197327,False
data/processed/cure_crops/136/bottom/customer/136_bottom_5984.png,136__bottom,0.6131397485733032,0.4815702438354492,False
data/processed/cure_crops/136/bottom/customer/136_bottom_5985.png,136__bottom,0.6138970851898193,0.5523514151573181,False
data/processed/cure_crops/136/bottom/customer/136_bottom_5986.png,136__bottom,0.6006083488464355,0.4959043562412262,False
data/processed/cure_crops/136/bottom/customer/136_bottom_5987.png,136__bottom,0.6168362498283386,0.5120559930801392,False
data/processed/cure_crops/136/bottom/customer/136_bottom_5988.png,136__bottom,0.5907450914382935,0.5081492066383362,False
data/processed/cure_crops/136/bottom/customer/136_bottom_5989.png,136__bottom,0.6052370071411133,0.5338842272758484,False
data/processed/cure_crops/136/bottom/customer/136_bottom_5990.png,136__bottom,0.6320992112159729,0.5526540279388428,False
data/processed/cure_crops/136/bottom/customer/136_bottom_5991.png,136__bottom,0.573512852191925,0.4644945561885834,False
data/processed/cure_crops/136/bottom/customer/136_bottom_5992.png,136__bottom,0.594203531742096,0.462040513753891,False
data/processed/cure_crops/136/bottom/customer/136_bottom_5993.png,136__bottom,0.6084566712379456,0.4727265238761902,False
data/processed/cure_crops/136/bottom/customer/136_bottom_5994.png,136__bottom,0.6452476978302002,0.5284714698791504,False
data/processed/cure_crops/136/bottom/customer/136_bottom_5995.png,136__bottom,0.6095694303512573,0.4884876012802124,False
data/processed/cure_crops/136/bottom/customer/136_bottom_5996.png,136__bottom,0.6007289886474609,0.4932807981967926,False
data/processed/cure_crops/136/top/customer/136_top_5949.png,136__top,0.7090356945991516,0.64713454246521,False
data/processed/cure_crops/136/top/customer/136_top_5950.png,136__top,0.721136748790741,0.6550344228744507,False
data/processed/cure_crops/136/top/customer/136_top_5951.png,136__top,0.644402801990509,0.8127046227455139,False
data/processed/cure_crops/136/top/customer/136_top_5952.png,136__top,0.561573326587677,0.740186870098114,False
data/processed/cure_crops/136/top/customer/136_top_5953.png,136__top,0.6244614124298096,0.6281663179397583,False
data/processed/cure_crops/136/top/customer/136_top_5954.png,136__top,0.6156015992164612,0.6002848744392395,False
data/processed/cure_crops/136/top/customer/136_top_5955.png,136__top,0.651243269443512,0.6008872389793396,False
data/processed/cure_crops/136/top/customer/136_top_5956.png,136__top,0.6282880306243896,0.6809656620025635,False
data/processed/cure_crops/136/top/customer/136_top_5957.png,136__top,0.6700212955474854,0.6433677673339844,False
data/processed/cure_crops/136/top/customer/136_top_5958.png,136__top,0.6133935451507568,0.611881673336029,False
data/processed/cure_crops/136/top/customer/136_top_5959.png,136__top,0.6722846031188965,0.6396753787994385,False
data/processed/cure_crops/136/top/customer/136_top_5960.png,136__top,0.47982868552207947,0.4875621497631073,False
data/processed/cure_crops/136/top/customer/136_top_5961.png,136__top,0.5297204256057739,0.3738206624984741,False
data/processed/cure_crops/136/top/customer/136_top_5962.png,136__top,0.5509910583496094,0.49009257555007935,False
data/processed/cure_crops/136/top/customer/136_top_5963.png,136__top,0.41781044006347656,0.37490376830101013,False
data/processed/cure_crops/136/top/customer/136_top_5964.png,136__top,0.5723797082901001,0.5364394783973694,False
data/processed/cure_crops/136/top/customer/136_top_5965.png,136__top,0.5840799808502197,0.4727727174758911,False
data/processed/cure_crops/136/top/customer/136_top_5966.png,136__top,0.5271481871604919,0.38909074664115906,False
data/processed/cure_crops/136/top/customer/136_top_5967.png,136__top,0.5793976783752441,0.4522877335548401,False
data/processed/cure_crops/136/top/customer/136_top_5968.png,136__top,0.5836403369903564,0.40145859122276306,False
data/processed/cure_crops/136/top/customer/136_top_5969.png,136__top,0.5824258923530579,0.4438779354095459,False
data/processed/cure_crops/136/top/customer/136_top_5970.png,136__top,0.6085426211357117,0.48093611001968384,False
data/processed/cure_crops/136/top/customer/136_top_5971.png,136__top,0.6176140904426575,0.5359659790992737,False
data/processed/cure_crops/136/top/customer/136_top_5972.png,136__top,0.6611083745956421,0.47826704382896423,False
data/processed/cure_crops/136/top/customer/136_top_5973.png,136__top,0.6332757472991943,0.48363634943962097,False
data/processed/cure_crops/137/bottom/customer/137_bottom_6022.png,137__bottom,0.7052559852600098,0.7087910771369934,False
data/processed/cure_crops/137/bottom/customer/137_bottom_6023.png,137__bottom,0.7580642104148865,0.8450608253479004,False
data/processed/cure_crops/137/bottom/customer/137_bottom_6024.png,137__bottom,0.7026410698890686,0.8154667615890503,False
data/processed/cure_crops/137/bottom/customer/137_bottom_6025.png,137__bottom,0.7398292422294617,0.695833683013916,False
data/processed/cure_crops/137/bottom/customer/137_bottom_6026.png,137__bottom,0.6507108807563782,0.7700306177139282,False
data/processed/cure_crops/137/bottom/customer/137_bottom_6027.png,137__bottom,0.7416751980781555,0.7679178714752197,False
data/processed/cure_crops/137/bottom/customer/137_bottom_6028.png,137__bottom,0.563734769821167,0.6544592380523682,False
data/processed/cure_crops/137/bottom/customer/137_bottom_6029.png,137__bottom,0.5263183116912842,0.575498104095459,False
data/processed/cure_crops/137/bottom/customer/137_bottom_6030.png,137__bottom,0.6091465353965759,0.72257399559021,False
data/processed/cure_crops/137/bottom/customer/137_bottom_6031.png,137__bottom,0.5883674621582031,0.5573536157608032,False
data/processed/cure_crops/137/bottom/customer/137_bottom_6032.png,137__bottom,0.6121237277984619,0.5146416425704956,False
data/processed/cure_crops/137/bottom/customer/137_bottom_6033.png,137__bottom,0.5617152452468872,0.5316999554634094,False
data/processed/cure_crops/137/bottom/customer/137_bottom_6034.png,137__bottom,0.6560646295547485,0.534274697303772,False
data/processed/cure_crops/137/bottom/customer/137_bottom_6035.png,137__bottom,0.6410243511199951,0.5059270858764648,False
data/processed/cure_crops/137/bottom/customer/137_bottom_6036.png,137__bottom,0.6260998249053955,0.5650413036346436,False
data/processed/cure_crops/137/bottom/customer/137_bottom_6037.png,137__bottom,0.5668845772743225,0.4571615755558014,False
data/processed/cure_crops/137/bottom/customer/137_bottom_6038.png,137__bottom,0.6098960638046265,0.45376884937286377,False
data/processed/cure_crops/137/bottom/customer/137_bottom_6039.png,137__bottom,0.6412684917449951,0.5768482685089111,False
data/processed/cure_crops/137/bottom/customer/137_bottom_6040.png,137__bottom,0.6051661968231201,0.5245548486709595,False
data/processed/cure_crops/137/bottom/customer/137_bottom_6041.png,137__bottom,0.6402501463890076,0.6149787902832031,False
data/processed/cure_crops/137/bottom/customer/137_bottom_6042.png,137__bottom,0.680842399597168,0.646244466304779,False
data/processed/cure_crops/137/top/customer/137_top_5997.png,137__top,0.7149829864501953,0.8084377646446228,False
data/processed/cure_crops/137/top/customer/137_top_5998.png,137__top,0.7887523770332336,0.8556469082832336,False
data/processed/cure_crops/137/top/customer/137_top_5999.png,137__top,0.7228879928588867,0.868522047996521,False
data/processed/cure_crops/137/top/customer/137_top_6000.png,137__top,0.6793285608291626,0.8810627460479736,False
data/processed/cure_crops/137/top/customer/137_top_6001.png,137__top,0.7284008264541626,0.8980733156204224,False
data/processed/cure_crops/137/top/customer/137_top_6002.png,137__top,0.603886604309082,0.6998713612556458,False
data/processed/cure_crops/137/top/customer/137_top_6003.png,137__top,0.6546319127082825,0.818962574005127,False
data/processed/cure_crops/137/top/customer/137_top_6004.png,137__top,0.6607761383056641,0.8179258108139038,False
data/processed/cure_crops/137/top/customer/137_top_6005.png,137__top,0.6561463475227356,0.7755587100982666,False
data/processed/cure_crops/137/top/customer/137_top_6006.png,137__top,0.6354348659515381,0.8104132413864136,False
data/processed/cure_crops/137/top/customer/137_top_6007.png,137__top,0.5804834365844727,0.8287303447723389,False
data/processed/cure_crops/137/top/customer/137_top_6008.png,137__top,0.7251010537147522,0.7289053201675415,False
data/processed/cure_crops/137/top/customer/137_top_6009.png,137__top,0.6646746397018433,0.7609206438064575,False
data/processed/cure_crops/137/top/customer/137_top_6010.png,137__top,0.7388227581977844,0.8306430578231812,False
data/processed/cure_crops/137/top/customer/137_top_6011.png,137__top,0.679165244102478,0.6983892321586609,False
data/processed/cure_crops/137/top/customer/137_top_6012.png,137__top,0.7349611520767212,0.7250598073005676,False
data/processed/cure_crops/137/top/customer/137_top_6013.png,137__top,0.6757943034172058,0.8154132962226868,False
data/processed/cure_crops/137/top/customer/137_top_6014.png,137__top,0.7227078080177307,0.7315019369125366,False
data/processed/cure_crops/137/top/customer/137_top_6015.png,137__top,0.7079720497131348,0.774993896484375,False
data/processed/cure_crops/137/top/customer/137_top_6016.png,137__top,0.6223165988922119,0.7761845588684082,False
data/processed/cure_crops/137/top/customer/137_top_6017.png,137__top,0.647601842880249,0.6994017362594604,False
data/processed/cure_crops/137/top/customer/137_top_6018.png,137__top,0.6726503372192383,0.7130219340324402,False
data/processed/cure_crops/137/top/customer/137_top_6019.png,137__top,0.6398574113845825,0.7923322916030884,False
data/processed/cure_crops/137/top/customer/137_top_6020.png,137__top,0.7332988977432251,0.8125100135803223,False
data/processed/cure_crops/137/top/customer/137_top_6021.png,137__top,0.7607553601264954,0.8191366195678711,False
data/processed/cure_crops/138/bottom/customer/138_bottom_6067.png,138__bottom,0.4989641010761261,0.70188307762146,False
data/processed/cure_crops/138/bottom/customer/138_bottom_6068.png,138__bottom,0.5704092979431152,0.7395609021186829,False
data/processed/cure_crops/138/bottom/customer/138_bottom_6069.png,138__bottom,0.43350356817245483,0.7037705183029175,False
data/processed/cure_crops/138/bottom/customer/138_bottom_6070.png,138__bottom,0.5512601137161255,0.825372576713562,False
data/processed/cure_crops/138/bottom/customer/138_bottom_6071.png,138__bottom,0.43821167945861816,0.5021121501922607,False
data/processed/cure_crops/138/bottom/customer/138_bottom_6072.png,138__bottom,0.564122200012207,0.6190431714057922,False
data/processed/cure_crops/138/bottom/customer/138_bottom_6073.png,138__bottom,0.5878049731254578,0.5312967896461487,False
data/processed/cure_crops/138/bottom/customer/138_bottom_6074.png,138__bottom,0.5305356383323669,0.631144642829895,False
data/processed/cure_crops/138/bottom/customer/138_bottom_6075.png,138__bottom,0.4333084523677826,0.5932530760765076,False
data/processed/cure_crops/138/bottom/customer/138_bottom_6076.png,138__bottom,0.5622578859329224,0.6358075141906738,False
data/processed/cure_crops/138/bottom/customer/138_bottom_6077.png,138__bottom,0.5293581485748291,0.599984884262085,False
data/processed/cure_crops/138/bottom/customer/138_bottom_6078.png,138__bottom,0.5288683176040649,0.6675516366958618,False
data/processed/cure_crops/138/bottom/customer/138_bottom_6079.png,138__bottom,0.6178747415542603,0.6541376113891602,False
data/processed/cure_crops/138/bottom/customer/138_bottom_6080.png,138__bottom,0.5605339407920837,0.6321843862533569,False
data/processed/cure_crops/138/bottom/customer/138_bottom_6081.png,138__bottom,0.5200181007385254,0.5917432904243469,False
data/processed/cure_crops/138/bottom/customer/138_bottom_6082.png,138__bottom,0.5768203139305115,0.6596002578735352,False
data/processed/cure_crops/138/bottom/customer/138_bottom_6083.png,138__bottom,0.5376115441322327,0.5824949741363525,False
data/processed/cure_crops/138/bottom/customer/138_bottom_6084.png,138__bottom,0.5380071997642517,0.6364168524742126,False
data/processed/cure_crops/138/bottom/customer/138_bottom_6085.png,138__bottom,0.5495604276657104,0.6436799764633179,False
data/processed/cure_crops/138/bottom/customer/138_bottom_6086.png,138__bottom,0.574455201625824,0.6222139596939087,False
data/processed/cure_crops/138/bottom/customer/138_bottom_6087.png,138__bottom,0.5788722038269043,0.6792464852333069,False
data/processed/cure_crops/138/bottom/customer/138_bottom_6088.png,138__bottom,0.5478005409240723,0.6174142360687256,False
data/processed/cure_crops/138/bottom/customer/138_bottom_6089.png,138__bottom,0.633668839931488,0.73896723985672,False
data/processed/cure_crops/138/bottom/customer/138_bottom_6090.png,138__bottom,0.5668172836303711,0.6829812526702881,False
data/processed/cure_crops/138/top/customer/138_top_6043.png,138__top,0.830693244934082,0.7572498321533203,False
data/processed/cure_crops/138/top/customer/138_top_6044.png,138__top,0.8046858906745911,0.7372199296951294,False
data/processed/cure_crops/138/top/customer/138_top_6045.png,138__top,0.8379788994789124,0.6717759370803833,False
data/processed/cure_crops/138/top/customer/138_top_6046.png,138__top,0.7654537558555603,0.7348946332931519,False
data/processed/cure_crops/138/top/customer/138_top_6047.png,138__top,0.7279203534126282,0.7768170833587646,False
data/processed/cure_crops/138/top/customer/138_top_6048.png,138__top,0.6614980697631836,0.7063062787055969,False
data/processed/cure_crops/138/top/customer/138_top_6049.png,138__top,0.7679238319396973,0.8321666717529297,False
data/processed/cure_crops/138/top/customer/138_top_6050.png,138__top,0.6411950588226318,0.5490834712982178,False
data/processed/cure_crops/138/top/customer/138_top_6051.png,138__top,0.670873761177063,0.6118481159210205,False
data/processed/cure_crops/138/top/customer/138_top_6052.png,138__top,0.6836562752723694,0.6366586685180664,False
data/processed/cure_crops/138/top/customer/138_top_6053.png,138__top,0.7329881191253662,0.6403336524963379,False
data/processed/cure_crops/138/top/customer/138_top_6054.png,138__top,0.7720589637756348,0.7195507287979126,False
data/processed/cure_crops/138/top/customer/138_top_6055.png,138__top,0.6094143390655518,0.6693244576454163,False
data/processed/cure_crops/138/top/customer/138_top_6056.png,138__top,0.6485468149185181,0.7129349708557129,False
data/processed/cure_crops/138/top/customer/138_top_6057.png,138__top,0.6442399621009827,0.6052298545837402,False
data/processed/cure_crops/138/top/customer/138_top_6058.png,138__top,0.6068887710571289,0.5059494376182556,False
data/processed/cure_crops/138/top/customer/138_top_6059.png,138__top,0.5152525901794434,0.5683972835540771,False
data/processed/cure_crops/138/top/customer/138_top_6060.png,138__top,0.7493185997009277,0.648686408996582,False
data/processed/cure_crops/138/top/customer/138_top_6061.png,138__top,0.6687828898429871,0.7309067249298096,False
data/processed/cure_crops/138/top/customer/138_top_6062.png,138__top,0.6802287101745605,0.6409627199172974,False
data/processed/cure_crops/138/top/customer/138_top_6063.png,138__top,0.6393351554870605,0.663007915019989,False
data/processed/cure_crops/138/top/customer/138_top_6064.png,138__top,0.7287677526473999,0.7958692312240601,False
data/processed/cure_crops/138/top/customer/138_top_6065.png,138__top,0.6830759644508362,0.5768496990203857,False
data/processed/cure_crops/138/top/customer/138_top_6066.png,138__top,0.6176252961158752,0.592476487159729,False
data/processed/cure_crops/139/bottom/customer/139_bottom_6115.png,139__bottom,0.6555542945861816,0.6204724311828613,False
data/processed/cure_crops/139/bottom/customer/139_bottom_6116.png,139__bottom,0.7010482549667358,0.6589911580085754,False
data/processed/cure_crops/139/bottom/customer/139_bottom_6117.png,139__bottom,0.6775760650634766,0.6878591775894165,False
data/processed/cure_crops/139/bottom/customer/139_bottom_6118.png,139__bottom,0.6834397912025452,0.7185338735580444,False
data/processed/cure_crops/139/bottom/customer/139_bottom_6119.png,139__bottom,0.555744469165802,0.5659487247467041,False
data/processed/cure_crops/139/bottom/customer/139_bottom_6120.png,139__bottom,0.7193565964698792,0.585208535194397,False
data/processed/cure_crops/139/bottom/customer/139_bottom_6121.png,139__bottom,0.5323470234870911,0.5164265632629395,False
data/processed/cure_crops/139/bottom/customer/139_bottom_6122.png,139__bottom,0.6450110673904419,0.6558740735054016,False
data/processed/cure_crops/139/bottom/customer/139_bottom_6123.png,139__bottom,0.6320392489433289,0.7252240180969238,False
data/processed/cure_crops/139/bottom/customer/139_bottom_6124.png,139__bottom,0.7845023274421692,0.6530113220214844,False
data/processed/cure_crops/139/bottom/customer/139_bottom_6125.png,139__bottom,0.5763128995895386,0.5821870565414429,False
data/processed/cure_crops/139/bottom/customer/139_bottom_6126.png,139__bottom,0.6470328569412231,0.5959943532943726,False
data/processed/cure_crops/139/bottom/customer/139_bottom_6127.png,139__bottom,0.6370736956596375,0.5202732682228088,False
data/processed/cure_crops/139/bottom/customer/139_bottom_6128.png,139__bottom,0.6735565662384033,0.6148465871810913,False
data/processed/cure_crops/139/bottom/customer/139_bottom_6129.png,139__bottom,0.6148549318313599,0.6527490615844727,False
data/processed/cure_crops/139/bottom/customer/139_bottom_6130.png,139__bottom,0.6406869888305664,0.49829280376434326,False
data/processed/cure_crops/139/bottom/customer/139_bottom_6131.png,139__bottom,0.587404727935791,0.5538188219070435,False
data/processed/cure_crops/139/bottom/customer/139_bottom_6132.png,139__bottom,0.6008951663970947,0.6175200343132019,False
data/processed/cure_crops/139/bottom/customer/139_bottom_6133.png,139__bottom,0.5980677604675293,0.609268307685852,False
data/processed/cure_crops/139/bottom/customer/139_bottom_6134.png,139__bottom,0.642139732837677,0.6442928910255432,False
data/processed/cure_crops/139/bottom/customer/139_bottom_6135.png,139__bottom,0.5432530641555786,0.5807814002037048,False
data/processed/cure_crops/139/bottom/customer/139_bottom_6136.png,139__bottom,0.5182560086250305,0.5919334888458252,False
data/processed/cure_crops/139/bottom/customer/139_bottom_6137.png,139__bottom,0.600293755531311,0.7024753093719482,False
data/processed/cure_crops/139/top/customer/139_top_6091.png,139__top,0.6344476342201233,0.6314467787742615,False
data/processed/cure_crops/139/top/customer/139_top_6092.png,139__top,0.7896656394004822,0.6163150668144226,False
data/processed/cure_crops/139/top/customer/139_top_6093.png,139__top,0.560073733329773,0.6965453028678894,False
data/processed/cure_crops/139/top/customer/139_top_6094.png,139__top,0.6294041872024536,0.6698447465896606,False
data/processed/cure_crops/139/top/customer/139_top_6095.png,139__top,0.6363756656646729,0.6371861100196838,False
data/processed/cure_crops/139/top/customer/139_top_6096.png,139__top,0.6417354941368103,0.7130783796310425,False
data/processed/cure_crops/139/top/customer/139_top_6097.png,139__top,0.6381419897079468,0.7239443063735962,False
data/processed/cure_crops/139/top/customer/139_top_6098.png,139__top,0.6390773057937622,0.6723372936248779,False
data/processed/cure_crops/139/top/customer/139_top_6099.png,139__top,0.5945979952812195,0.6514907479286194,False
data/processed/cure_crops/139/top/customer/139_top_6100.png,139__top,0.5956568717956543,0.6586278676986694,False
data/processed/cure_crops/139/top/customer/139_top_6101.png,139__top,0.8339968323707581,0.7919846773147583,False
data/processed/cure_crops/139/top/customer/139_top_6102.png,139__top,0.6355746984481812,0.6630104780197144,False
data/processed/cure_crops/139/top/customer/139_top_6103.png,139__top,0.6074110269546509,0.6820535659790039,False
data/processed/cure_crops/139/top/customer/139_top_6104.png,139__top,0.6100698709487915,0.6502444744110107,False
data/processed/cure_crops/139/top/customer/139_top_6105.png,139__top,0.5930673480033875,0.6682239174842834,False
data/processed/cure_crops/139/top/customer/139_top_6106.png,139__top,0.5913326740264893,0.6963294744491577,False
data/processed/cure_crops/139/top/customer/139_top_6107.png,139__top,0.6139296293258667,0.7126750946044922,False
data/processed/cure_crops/139/top/customer/139_top_6108.png,139__top,0.5922468900680542,0.6577552556991577,False
data/processed/cure_crops/139/top/customer/139_top_6109.png,139__top,0.6072708368301392,0.6182940006256104,False
data/processed/cure_crops/139/top/customer/139_top_6110.png,139__top,0.6648757457733154,0.6929726600646973,False
data/processed/cure_crops/139/top/customer/139_top_6111.png,139__top,0.6053446531295776,0.6671652793884277,False
data/processed/cure_crops/139/top/customer/139_top_6112.png,139__top,0.5325839519500732,0.5521112680435181,False
data/processed/cure_crops/139/top/customer/139_top_6113.png,139__top,0.596541166305542,0.6950078010559082,False
data/processed/cure_crops/139/top/customer/139_top_6114.png,139__top,0.6257616281509399,0.6362074613571167,False
data/processed/cure_crops/14/bottom/customer/14_bottom_635.png,14__bottom,0.7655037641525269,0.8037381172180176,False
data/processed/cure_crops/14/bottom/customer/14_bottom_636.png,14__bottom,0.7533003091812134,0.7461673617362976,False
data/processed/cure_crops/14/bottom/customer/14_bottom_637.png,14__bottom,0.7880297899246216,0.8329499959945679,False
data/processed/cure_crops/14/bottom/customer/14_bottom_638.png,14__bottom,0.7745555639266968,0.7605473399162292,False
data/processed/cure_crops/14/bottom/customer/14_bottom_639.png,14__bottom,0.5384167432785034,0.6695592999458313,False
data/processed/cure_crops/14/bottom/customer/14_bottom_640.png,14__bottom,0.5662858486175537,0.7064550518989563,False
data/processed/cure_crops/14/bottom/customer/14_bottom_641.png,14__bottom,0.6763089299201965,0.6477503776550293,False
data/processed/cure_crops/14/bottom/customer/14_bottom_642.png,14__bottom,0.5857160091400146,0.6501622200012207,False
data/processed/cure_crops/14/bottom/customer/14_bottom_643.png,14__bottom,0.5880104899406433,0.6689794063568115,False
data/processed/cure_crops/14/bottom/customer/14_bottom_644.png,14__bottom,0.594343900680542,0.6529276371002197,False
data/processed/cure_crops/14/bottom/customer/14_bottom_645.png,14__bottom,0.7020767331123352,0.6263149976730347,False
data/processed/cure_crops/14/bottom/customer/14_bottom_646.png,14__bottom,0.7015107870101929,0.6000345945358276,False
data/processed/cure_crops/14/bottom/customer/14_bottom_647.png,14__bottom,0.7356362342834473,0.6083945035934448,False
data/processed/cure_crops/14/bottom/customer/14_bottom_648.png,14__bottom,0.7294594049453735,0.6153535842895508,False
data/processed/cure_crops/14/bottom/customer/14_bottom_649.png,14__bottom,0.6621377468109131,0.5920450091362,False
data/processed/cure_crops/14/bottom/customer/14_bottom_650.png,14__bottom,0.6563517451286316,0.45442306995391846,False
data/processed/cure_crops/14/bottom/customer/14_bottom_651.png,14__bottom,0.7284460067749023,0.5218356847763062,False
data/processed/cure_crops/14/bottom/customer/14_bottom_652.png,14__bottom,0.7349568605422974,0.6280240416526794,False
data/processed/cure_crops/14/bottom/customer/14_bottom_653.png,14__bottom,0.7398544549942017,0.5373349189758301,False
data/processed/cure_crops/14/bottom/customer/14_bottom_654.png,14__bottom,0.7409358024597168,0.6466845273971558,False
data/processed/cure_crops/14/bottom/customer/14_bottom_655.png,14__bottom,0.7285006642341614,0.6040036678314209,False
data/processed/cure_crops/14/bottom/customer/14_bottom_656.png,14__bottom,0.7211979627609253,0.610499918460846,False
data/processed/cure_crops/14/top/customer/14_top_613.png,14__top,0.7072042226791382,0.77946537733078,False
data/processed/cure_crops/14/top/customer/14_top_614.png,14__top,0.6879156231880188,0.828976571559906,False
data/processed/cure_crops/14/top/customer/14_top_615.png,14__top,0.7557673454284668,0.7451579570770264,False
data/processed/cure_crops/14/top/customer/14_top_616.png,14__top,0.8000500202178955,0.7907989025115967,False
data/processed/cure_crops/14/top/customer/14_top_617.png,14__top,0.7306163907051086,0.7452837228775024,False
data/processed/cure_crops/14/top/customer/14_top_618.png,14__top,0.7094254493713379,0.7662029266357422,False
data/processed/cure_crops/14/top/customer/14_top_619.png,14__top,0.7145456671714783,0.6770197153091431,False
data/processed/cure_crops/14/top/customer/14_top_620.png,14__top,0.6449317932128906,0.6719141602516174,False
data/processed/cure_crops/14/top/customer/14_top_621.png,14__top,0.6112269163131714,0.6668727397918701,False
data/processed/cure_crops/14/top/customer/14_top_622.png,14__top,0.63014817237854,0.6823292970657349,False
data/processed/cure_crops/14/top/customer/14_top_623.png,14__top,0.4031769335269928,0.3906390368938446,False
data/processed/cure_crops/14/top/customer/14_top_624.png,14__top,0.6530006527900696,0.601379930973053,False
data/processed/cure_crops/14/top/customer/14_top_625.png,14__top,0.6743449568748474,0.5255609154701233,False
data/processed/cure_crops/14/top/customer/14_top_626.png,14__top,0.7114609479904175,0.7780256271362305,False
data/processed/cure_crops/14/top/customer/14_top_627.png,14__top,0.6993932723999023,0.7247657775878906,False
data/processed/cure_crops/14/top/customer/14_top_628.png,14__top,0.6701489090919495,0.6639211177825928,False
data/processed/cure_crops/14/top/customer/14_top_629.png,14__top,0.6958420276641846,0.6114372611045837,False
data/processed/cure_crops/14/top/customer/14_top_630.png,14__top,0.7016860842704773,0.7144201397895813,False
data/processed/cure_crops/14/top/customer/14_top_631.png,14__top,0.6543582677841187,0.6108301877975464,False
data/processed/cure_crops/14/top/customer/14_top_632.png,14__top,0.466189980506897,0.4830014705657959,False
data/processed/cure_crops/14/top/customer/14_top_633.png,14__top,0.48028624057769775,0.4161686301231384,False
data/processed/cure_crops/14/top/customer/14_top_634.png,14__top,0.6541856527328491,0.663578987121582,False
data/processed/cure_crops/140/bottom/customer/140_bottom_6166.png,140__bottom,0.7876586318016052,0.7463226914405823,False
data/processed/cure_crops/140/bottom/customer/140_bottom_6167.png,140__bottom,0.6377624869346619,0.712864339351654,False
data/processed/cure_crops/140/bottom/customer/140_bottom_6168.png,140__bottom,0.7416524887084961,0.752658486366272,False
data/processed/cure_crops/140/bottom/customer/140_bottom_6169.png,140__bottom,0.7694995403289795,0.7726450562477112,False
data/processed/cure_crops/140/bottom/customer/140_bottom_6170.png,140__bottom,0.6151008605957031,0.6831234693527222,False
data/processed/cure_crops/140/bottom/customer/140_bottom_6171.png,140__bottom,0.6106728911399841,0.6466914415359497,False
data/processed/cure_crops/140/bottom/customer/140_bottom_6172.png,140__bottom,0.6840553283691406,0.6532595157623291,False
data/processed/cure_crops/140/bottom/customer/140_bottom_6173.png,140__bottom,0.7526540756225586,0.6085431575775146,False
data/processed/cure_crops/140/bottom/customer/140_bottom_6174.png,140__bottom,0.6660990118980408,0.7112312316894531,False
data/processed/cure_crops/140/bottom/customer/140_bottom_6175.png,140__bottom,0.6760406494140625,0.7267649173736572,False
data/processed/cure_crops/140/bottom/customer/140_bottom_6176.png,140__bottom,0.5982043743133545,0.6580064296722412,False
data/processed/cure_crops/140/bottom/customer/140_bottom_6177.png,140__bottom,0.7649698853492737,0.5930219888687134,False
data/processed/cure_crops/140/bottom/customer/140_bottom_6178.png,140__bottom,0.7924535274505615,0.6310116648674011,False
data/processed/cure_crops/140/bottom/customer/140_bottom_6179.png,140__bottom,0.6747068762779236,0.6049104928970337,False
data/processed/cure_crops/140/bottom/customer/140_bottom_6180.png,140__bottom,0.7578087449073792,0.6105726957321167,False
data/processed/cure_crops/140/bottom/customer/140_bottom_6181.png,140__bottom,0.7433341145515442,0.5964966416358948,False
data/processed/cure_crops/140/bottom/customer/140_bottom_6182.png,140__bottom,0.7497425079345703,0.6423006653785706,False
data/processed/cure_crops/140/bottom/customer/140_bottom_6183.png,140__bottom,0.7679299712181091,0.615256667137146,False
data/processed/cure_crops/140/bottom/customer/140_bottom_6184.png,140__bottom,0.7548643350601196,0.645726203918457,False
data/processed/cure_crops/140/bottom/customer/140_bottom_6185.png,140__bottom,0.6759212017059326,0.6620576977729797,False
data/processed/cure_crops/140/bottom/customer/140_bottom_6186.png,140__bottom,0.7692878246307373,0.6258040070533752,False
data/processed/cure_crops/140/bottom/customer/140_bottom_6187.png,140__bottom,0.8020185828208923,0.6848388910293579,False
data/processed/cure_crops/140/bottom/customer/140_bottom_6188.png,140__bottom,0.7427592873573303,0.5753999948501587,False
data/processed/cure_crops/140/bottom/customer/140_bottom_6189.png,140__bottom,0.6716209650039673,0.6626455187797546,False
data/processed/cure_crops/140/bottom/customer/140_bottom_6190.png,140__bottom,0.6988828182220459,0.6076304912567139,False
data/processed/cure_crops/140/bottom/customer/140_bottom_6191.png,140__bottom,0.7472127676010132,0.6115706562995911,False
data/processed/cure_crops/140/top/customer/140_top_6138.png,140__top,0.6029490232467651,0.7536858320236206,False
data/processed/cure_crops/140/top/customer/140_top_6139.png,140__top,0.5793062448501587,0.8143459558486938,False
data/processed/cure_crops/140/top/customer/140_top_6140.png,140__top,0.5919443368911743,0.8247312903404236,False
data/processed/cure_crops/140/top/customer/140_top_6141.png,140__top,0.6204521656036377,0.7441434860229492,False
data/processed/cure_crops/140/top/customer/140_top_6142.png,140__top,0.6268208026885986,0.7768816947937012,False
data/processed/cure_crops/140/top/customer/140_top_6143.png,140__top,0.611116886138916,0.7721471786499023,False
data/processed/cure_crops/140/top/customer/140_top_6144.png,140__top,0.6189819574356079,0.7611091136932373,False
data/processed/cure_crops/140/top/customer/140_top_6145.png,140__top,0.5294471979141235,0.7293543815612793,False
data/processed/cure_crops/140/top/customer/140_top_6146.png,140__top,0.6375465393066406,0.5842996835708618,False
data/processed/cure_crops/140/top/customer/140_top_6147.png,140__top,0.6457540392875671,0.6172097325325012,False
data/processed/cure_crops/140/top/customer/140_top_6148.png,140__top,0.5751105546951294,0.6456485986709595,False
data/processed/cure_crops/140/top/customer/140_top_6149.png,140__top,0.6765671372413635,0.7087487578392029,False
data/processed/cure_crops/140/top/customer/140_top_6150.png,140__top,0.646330714225769,0.7344493865966797,False
data/processed/cure_crops/140/top/customer/140_top_6151.png,140__top,0.625806987285614,0.7687400579452515,False
data/processed/cure_crops/140/top/customer/140_top_6152.png,140__top,0.5607377290725708,0.6586443185806274,False
data/processed/cure_crops/140/top/customer/140_top_6153.png,140__top,0.5548886060714722,0.6845114231109619,False
data/processed/cure_crops/140/top/customer/140_top_6154.png,140__top,0.7641500234603882,0.7796276807785034,False
data/processed/cure_crops/140/top/customer/140_top_6155.png,140__top,0.6138155460357666,0.7375361919403076,False
data/processed/cure_crops/140/top/customer/140_top_6156.png,140__top,0.6466367244720459,0.7664629220962524,False
data/processed/cure_crops/140/top/customer/140_top_6157.png,140__top,0.6201057434082031,0.7390932440757751,False
data/processed/cure_crops/140/top/customer/140_top_6158.png,140__top,0.6935873627662659,0.7014617919921875,False
data/processed/cure_crops/140/top/customer/140_top_6159.png,140__top,0.7346832752227783,0.7735031843185425,False
data/processed/cure_crops/140/top/customer/140_top_6160.png,140__top,0.6621426939964294,0.6621772646903992,False
data/processed/cure_crops/140/top/customer/140_top_6161.png,140__top,0.6686701774597168,0.7278006672859192,False
data/processed/cure_crops/140/top/customer/140_top_6162.png,140__top,0.7467213869094849,0.7176837921142578,False
data/processed/cure_crops/140/top/customer/140_top_6163.png,140__top,0.779377281665802,0.762304961681366,False
data/processed/cure_crops/140/top/customer/140_top_6164.png,140__top,0.5516295433044434,0.7049741744995117,False
data/processed/cure_crops/140/top/customer/140_top_6165.png,140__top,0.6832253932952881,0.6465715765953064,False
data/processed/cure_crops/141/bottom/customer/141_bottom_6217.png,141__bottom,0.6481342315673828,0.7027596235275269,False
data/processed/cure_crops/141/bottom/customer/141_bottom_6218.png,141__bottom,0.731438159942627,0.7504624128341675,False
data/processed/cure_crops/141/bottom/customer/141_bottom_6219.png,141__bottom,0.6629672050476074,0.6660912036895752,False
data/processed/cure_crops/141/bottom/customer/141_bottom_6220.png,141__bottom,0.6672258377075195,0.8467995524406433,False
data/processed/cure_crops/141/bottom/customer/141_bottom_6221.png,141__bottom,0.5853421092033386,0.6909777522087097,False
data/processed/cure_crops/141/bottom/customer/141_bottom_6222.png,141__bottom,0.6412527561187744,0.7765557765960693,False
data/processed/cure_crops/141/bottom/customer/141_bottom_6223.png,141__bottom,0.7161600589752197,0.7533756494522095,False
data/processed/cure_crops/141/bottom/customer/141_bottom_6224.png,141__bottom,0.643368661403656,0.713624119758606,False
data/processed/cure_crops/141/bottom/customer/141_bottom_6225.png,141__bottom,0.62087082862854,0.7597613334655762,False
data/processed/cure_crops/141/bottom/customer/141_bottom_6226.png,141__bottom,0.5504476428031921,0.7394647598266602,False
data/processed/cure_crops/141/bottom/customer/141_bottom_6227.png,141__bottom,0.6193625926971436,0.7090184688568115,False
data/processed/cure_crops/141/bottom/customer/141_bottom_6228.png,141__bottom,0.6859196424484253,0.6633396148681641,False
data/processed/cure_crops/141/bottom/customer/141_bottom_6229.png,141__bottom,0.6638102531433105,0.6552426815032959,False
data/processed/cure_crops/141/bottom/customer/141_bottom_6230.png,141__bottom,0.6676944494247437,0.6301649808883667,False
data/processed/cure_crops/141/bottom/customer/141_bottom_6231.png,141__bottom,0.7093689441680908,0.6614270210266113,False
data/processed/cure_crops/141/bottom/customer/141_bottom_6232.png,141__bottom,0.7169966101646423,0.6624681353569031,False
data/processed/cure_crops/141/bottom/customer/141_bottom_6233.png,141__bottom,0.7151602506637573,0.7218918800354004,False
data/processed/cure_crops/141/bottom/customer/141_bottom_6234.png,141__bottom,0.7341736555099487,0.706341564655304,False
data/processed/cure_crops/141/bottom/customer/141_bottom_6235.png,141__bottom,0.5953304171562195,0.713108479976654,False
data/processed/cure_crops/141/bottom/customer/141_bottom_6236.png,141__bottom,0.6590800881385803,0.7332078814506531,False
data/processed/cure_crops/141/bottom/customer/141_bottom_6237.png,141__bottom,0.6510624289512634,0.6403695940971375,False
data/processed/cure_crops/141/bottom/customer/141_bottom_6238.png,141__bottom,0.6990470290184021,0.5489604473114014,False
data/processed/cure_crops/141/bottom/customer/141_bottom_6239.png,141__bottom,0.6902742385864258,0.7050495743751526,False
data/processed/cure_crops/141/bottom/customer/141_bottom_6240.png,141__bottom,0.7123605012893677,0.6608492732048035,False
data/processed/cure_crops/141/bottom/customer/141_bottom_6241.png,141__bottom,0.6735634803771973,0.647998571395874,False
data/processed/cure_crops/141/bottom/customer/141_bottom_6242.png,141__bottom,0.6983704566955566,0.6450501680374146,False
data/processed/cure_crops/141/top/customer/141_top_6192.png,141__top,0.6936107277870178,0.6953968405723572,False
data/processed/cure_crops/141/top/customer/141_top_6193.png,141__top,0.7295442223548889,0.725142240524292,False
data/processed/cure_crops/141/top/customer/141_top_6194.png,141__top,0.6621330380439758,0.7718694806098938,False
data/processed/cure_crops/141/top/customer/141_top_6195.png,141__top,0.6522395610809326,0.825066328048706,False
data/processed/cure_crops/141/top/customer/141_top_6196.png,141__top,0.6150557994842529,0.6590518355369568,False
data/processed/cure_crops/141/top/customer/141_top_6197.png,141__top,0.6542544960975647,0.7491796612739563,False
data/processed/cure_crops/141/top/customer/141_top_6198.png,141__top,0.6346588730812073,0.6631857752799988,False
data/processed/cure_crops/141/top/customer/141_top_6199.png,141__top,0.6567758321762085,0.49944961071014404,False
data/processed/cure_crops/141/top/customer/141_top_6200.png,141__top,0.6419081687927246,0.7536575794219971,False
data/processed/cure_crops/141/top/customer/141_top_6201.png,141__top,0.6835780143737793,0.6075602769851685,False
data/processed/cure_crops/141/top/customer/141_top_6202.png,141__top,0.6254787445068359,0.5893102884292603,False
data/processed/cure_crops/141/top/customer/141_top_6203.png,141__top,0.6785775423049927,0.5837703347206116,False
data/processed/cure_crops/141/top/customer/141_top_6204.png,141__top,0.593264102935791,0.6335045099258423,False
data/processed/cure_crops/141/top/customer/141_top_6205.png,141__top,0.6366193294525146,0.6667546033859253,False
data/processed/cure_crops/141/top/customer/141_top_6206.png,141__top,0.6732906103134155,0.7608043551445007,False
data/processed/cure_crops/141/top/customer/141_top_6207.png,141__top,0.5765929818153381,0.7077093720436096,False
data/processed/cure_crops/141/top/customer/141_top_6208.png,141__top,0.6676602959632874,0.6799686551094055,False
data/processed/cure_crops/141/top/customer/141_top_6209.png,141__top,0.5644485354423523,0.6947437524795532,False
data/processed/cure_crops/141/top/customer/141_top_6210.png,141__top,0.606835126876831,0.6166955232620239,False
data/processed/cure_crops/141/top/customer/141_top_6211.png,141__top,0.563790500164032,0.6216965317726135,False
data/processed/cure_crops/141/top/customer/141_top_6212.png,141__top,0.6347979307174683,0.6491109728813171,False
data/processed/cure_crops/141/top/customer/141_top_6213.png,141__top,0.618280827999115,0.625088632106781,False
data/processed/cure_crops/141/top/customer/141_top_6214.png,141__top,0.6153804063796997,0.758540153503418,False
data/processed/cure_crops/141/top/customer/141_top_6215.png,141__top,0.6336422562599182,0.6812140941619873,False
data/processed/cure_crops/141/top/customer/141_top_6216.png,141__top,0.6188570857048035,0.652769923210144,False
data/processed/cure_crops/142/bottom/customer/142_bottom_6264.png,142__bottom,0.6888725757598877,0.8473625779151917,False
data/processed/cure_crops/142/bottom/customer/142_bottom_6265.png,142__bottom,0.8043740391731262,0.8765186667442322,False
data/processed/cure_crops/142/bottom/customer/142_bottom_6266.png,142__bottom,0.7759166359901428,0.921042263507843,False
data/processed/cure_crops/142/bottom/customer/142_bottom_6267.png,142__bottom,0.5607838034629822,0.8492679595947266,False
data/processed/cure_crops/142/bottom/customer/142_bottom_6268.png,142__bottom,0.6669096946716309,0.7407610416412354,False
data/processed/cure_crops/142/bottom/customer/142_bottom_6269.png,142__bottom,0.648993968963623,0.7908421158790588,False
data/processed/cure_crops/142/bottom/customer/142_bottom_6270.png,142__bottom,0.6120297908782959,0.8310725688934326,False
data/processed/cure_crops/142/bottom/customer/142_bottom_6271.png,142__bottom,0.6015167832374573,0.7130316495895386,False
data/processed/cure_crops/142/bottom/customer/142_bottom_6272.png,142__bottom,0.6617379784584045,0.7668495774269104,False
data/processed/cure_crops/142/bottom/customer/142_bottom_6273.png,142__bottom,0.6974613666534424,0.8625657558441162,False
data/processed/cure_crops/142/bottom/customer/142_bottom_6274.png,142__bottom,0.7732964158058167,0.7736355662345886,False
data/processed/cure_crops/142/bottom/customer/142_bottom_6275.png,142__bottom,0.5578775405883789,0.8437280654907227,False
data/processed/cure_crops/142/bottom/customer/142_bottom_6276.png,142__bottom,0.6621646881103516,0.9165529608726501,False
data/processed/cure_crops/142/bottom/customer/142_bottom_6277.png,142__bottom,0.5980091094970703,0.8703315258026123,False
data/processed/cure_crops/142/bottom/customer/142_bottom_6278.png,142__bottom,0.6223452687263489,0.8954653143882751,False
data/processed/cure_crops/142/bottom/customer/142_bottom_6279.png,142__bottom,0.608601987361908,0.884672999382019,False
data/processed/cure_crops/142/bottom/customer/142_bottom_6280.png,142__bottom,0.613359808921814,0.8582667112350464,False
data/processed/cure_crops/142/bottom/customer/142_bottom_6281.png,142__bottom,0.5420080423355103,0.8861638307571411,False
data/processed/cure_crops/142/bottom/customer/142_bottom_6282.png,142__bottom,0.5328090190887451,0.8802040219306946,False
data/processed/cure_crops/142/bottom/customer/142_bottom_6283.png,142__bottom,0.6667422652244568,0.8361444473266602,False
data/processed/cure_crops/142/bottom/customer/142_bottom_6284.png,142__bottom,0.6538538336753845,0.7591229677200317,False
data/processed/cure_crops/142/bottom/customer/142_bottom_6285.png,142__bottom,0.568946897983551,0.8666355609893799,False
data/processed/cure_crops/142/bottom/customer/142_bottom_6286.png,142__bottom,0.603131890296936,0.8913180828094482,False
data/processed/cure_crops/142/top/customer/142_top_6243.png,142__top,0.6484061479568481,0.669734001159668,False
data/processed/cure_crops/142/top/customer/142_top_6244.png,142__top,0.7124060392379761,0.7348772287368774,False
data/processed/cure_crops/142/top/customer/142_top_6245.png,142__top,0.6534748077392578,0.8735526204109192,False
data/processed/cure_crops/142/top/customer/142_top_6246.png,142__top,0.6706498861312866,0.8688284158706665,False
data/processed/cure_crops/142/top/customer/142_top_6247.png,142__top,0.6406253576278687,0.7288128137588501,False
data/processed/cure_crops/142/top/customer/142_top_6248.png,142__top,0.6576817035675049,0.813508927822113,False
data/processed/cure_crops/142/top/customer/142_top_6249.png,142__top,0.5083253383636475,0.6627989411354065,False
data/processed/cure_crops/142/top/customer/142_top_6250.png,142__top,0.6610820293426514,0.664110541343689,False
data/processed/cure_crops/142/top/customer/142_top_6251.png,142__top,0.6568847298622131,0.7669256329536438,False
data/processed/cure_crops/142/top/customer/142_top_6252.png,142__top,0.7202155590057373,0.8296899795532227,False
data/processed/cure_crops/142/top/customer/142_top_6253.png,142__top,0.6434378623962402,0.8146754503250122,False
data/processed/cure_crops/142/top/customer/142_top_6254.png,142__top,0.6893336772918701,0.8977971076965332,False
data/processed/cure_crops/142/top/customer/142_top_6255.png,142__top,0.7191920876502991,0.8923789262771606,False
data/processed/cure_crops/142/top/customer/142_top_6256.png,142__top,0.6848568916320801,0.8942710757255554,False
data/processed/cure_crops/142/top/customer/142_top_6257.png,142__top,0.7807761430740356,0.8842920064926147,False
data/processed/cure_crops/142/top/customer/142_top_6258.png,142__top,0.6859167218208313,0.8695803880691528,False
data/processed/cure_crops/142/top/customer/142_top_6259.png,142__top,0.7578049302101135,0.8466064929962158,False
data/processed/cure_crops/142/top/customer/142_top_6260.png,142__top,0.6702650189399719,0.8540623188018799,False
data/processed/cure_crops/142/top/customer/142_top_6261.png,142__top,0.7283093929290771,0.8453165292739868,False
data/processed/cure_crops/142/top/customer/142_top_6262.png,142__top,0.6605194807052612,0.8832143545150757,False
data/processed/cure_crops/142/top/customer/142_top_6263.png,142__top,0.598902702331543,0.8579161167144775,False
data/processed/cure_crops/143/bottom/customer/143_bottom_6316.png,143__bottom,0.7096010446548462,0.5500141382217407,False
data/processed/cure_crops/143/bottom/customer/143_bottom_6317.png,143__bottom,0.7015278935432434,0.5686360597610474,False
data/processed/cure_crops/143/bottom/customer/143_bottom_6318.png,143__bottom,0.6927144527435303,0.6113830804824829,False
data/processed/cure_crops/143/bottom/customer/143_bottom_6319.png,143__bottom,0.6175777912139893,0.635894775390625,False
data/processed/cure_crops/143/bottom/customer/143_bottom_6320.png,143__bottom,0.6715866327285767,0.5912492275238037,False
data/processed/cure_crops/143/bottom/customer/143_bottom_6321.png,143__bottom,0.573727011680603,0.5883044004440308,False
data/processed/cure_crops/143/bottom/customer/143_bottom_6322.png,143__bottom,0.6838910579681396,0.728668749332428,False
data/processed/cure_crops/143/bottom/customer/143_bottom_6323.png,143__bottom,0.7894248366355896,0.7655422687530518,False
data/processed/cure_crops/143/bottom/customer/143_bottom_6324.png,143__bottom,0.7384644746780396,0.5308637619018555,False
data/processed/cure_crops/143/bottom/customer/143_bottom_6325.png,143__bottom,0.729374885559082,0.3868978023529053,False
data/processed/cure_crops/143/bottom/customer/143_bottom_6326.png,143__bottom,0.7261675596237183,0.4786640405654907,False
data/processed/cure_crops/143/bottom/customer/143_bottom_6327.png,143__bottom,0.6867207288742065,0.5027604103088379,False
data/processed/cure_crops/143/bottom/customer/143_bottom_6328.png,143__bottom,0.7094426155090332,0.5690320134162903,False
data/processed/cure_crops/143/bottom/customer/143_bottom_6329.png,143__bottom,0.6263118982315063,0.5324221849441528,False
data/processed/cure_crops/143/bottom/customer/143_bottom_6330.png,143__bottom,0.6768441200256348,0.44366514682769775,False
data/processed/cure_crops/143/bottom/customer/143_bottom_6331.png,143__bottom,0.7379658222198486,0.5835971832275391,False
data/processed/cure_crops/143/bottom/customer/143_bottom_6332.png,143__bottom,0.6830605268478394,0.5676348209381104,False
data/processed/cure_crops/143/top/customer/143_top_6287.png,143__top,0.6673561334609985,0.6937188506126404,False
data/processed/cure_crops/143/top/customer/143_top_6288.png,143__top,0.6118986010551453,0.6452909111976624,False
data/processed/cure_crops/143/top/customer/143_top_6289.png,143__top,0.53733229637146,0.6884819269180298,False
data/processed/cure_crops/143/top/customer/143_top_6290.png,143__top,0.5436421632766724,0.7196716070175171,False
data/processed/cure_crops/143/top/customer/143_top_6291.png,143__top,0.559073805809021,0.6624360680580139,False
data/processed/cure_crops/143/top/customer/143_top_6292.png,143__top,0.6039117574691772,0.6471765041351318,False
data/processed/cure_crops/143/top/customer/143_top_6293.png,143__top,0.5371364951133728,0.6262615919113159,False
data/processed/cure_crops/143/top/customer/143_top_6294.png,143__top,0.5698549747467041,0.5151752233505249,False
data/processed/cure_crops/143/top/customer/143_top_6295.png,143__top,0.6122462749481201,0.5754021406173706,False
data/processed/cure_crops/143/top/customer/143_top_6296.png,143__top,0.6746968626976013,0.5650731325149536,False
data/processed/cure_crops/143/top/customer/143_top_6297.png,143__top,0.6164150238037109,0.6413264274597168,False
data/processed/cure_crops/143/top/customer/143_top_6298.png,143__top,0.6557829976081848,0.6022898554801941,False
data/processed/cure_crops/143/top/customer/143_top_6299.png,143__top,0.7001187205314636,0.5911471843719482,False
data/processed/cure_crops/143/top/customer/143_top_6300.png,143__top,0.7414727210998535,0.6527830958366394,False
data/processed/cure_crops/143/top/customer/143_top_6301.png,143__top,0.7414660453796387,0.6277998685836792,False
data/processed/cure_crops/143/top/customer/143_top_6302.png,143__top,0.6657055616378784,0.5230201482772827,False
data/processed/cure_crops/143/top/customer/143_top_6303.png,143__top,0.6576486229896545,0.553652286529541,False
data/processed/cure_crops/143/top/customer/143_top_6304.png,143__top,0.7331464290618896,0.6261464953422546,False
data/processed/cure_crops/143/top/customer/143_top_6305.png,143__top,0.7282626628875732,0.6148028373718262,False
data/processed/cure_crops/143/top/customer/143_top_6306.png,143__top,0.780768632888794,0.6555373668670654,False
data/processed/cure_crops/143/top/customer/143_top_6307.png,143__top,0.6729206442832947,0.5866882801055908,False
data/processed/cure_crops/143/top/customer/143_top_6308.png,143__top,0.6663087606430054,0.6470147371292114,False
data/processed/cure_crops/143/top/customer/143_top_6309.png,143__top,0.6844058632850647,0.6961210370063782,False
data/processed/cure_crops/143/top/customer/143_top_6310.png,143__top,0.6848113536834717,0.5568743944168091,False
data/processed/cure_crops/143/top/customer/143_top_6311.png,143__top,0.6502980589866638,0.5853168964385986,False
data/processed/cure_crops/143/top/customer/143_top_6312.png,143__top,0.6767418384552002,0.5389020442962646,False
data/processed/cure_crops/143/top/customer/143_top_6313.png,143__top,0.734006404876709,0.6273230314254761,False
data/processed/cure_crops/143/top/customer/143_top_6314.png,143__top,0.749992847442627,0.581212043762207,False
data/processed/cure_crops/143/top/customer/143_top_6315.png,143__top,0.6740763187408447,0.5672972202301025,False
data/processed/cure_crops/144/bottom/customer/144_bottom_6356.png,144__bottom,0.6530320048332214,0.7418097853660583,False
data/processed/cure_crops/144/bottom/customer/144_bottom_6357.png,144__bottom,0.5838038325309753,0.8045995831489563,False
data/processed/cure_crops/144/bottom/customer/144_bottom_6358.png,144__bottom,0.6066754460334778,0.8500690460205078,False
data/processed/cure_crops/144/bottom/customer/144_bottom_6359.png,144__bottom,0.6904491186141968,0.906578540802002,False
data/processed/cure_crops/144/bottom/customer/144_bottom_6360.png,144__bottom,0.6976528167724609,0.8145012855529785,False
data/processed/cure_crops/144/bottom/customer/144_bottom_6361.png,144__bottom,0.632038950920105,0.7594475746154785,False
data/processed/cure_crops/144/bottom/customer/144_bottom_6362.png,144__bottom,0.6168556809425354,0.710222601890564,False
data/processed/cure_crops/144/bottom/customer/144_bottom_6363.png,144__bottom,0.584789514541626,0.569916844367981,False
data/processed/cure_crops/144/bottom/customer/144_bottom_6364.png,144__bottom,0.5703883171081543,0.5807294845581055,False
data/processed/cure_crops/144/bottom/customer/144_bottom_6365.png,144__bottom,0.5749350786209106,0.6902298927307129,False
data/processed/cure_crops/144/bottom/customer/144_bottom_6366.png,144__bottom,0.5929296016693115,0.718760073184967,False
data/processed/cure_crops/144/bottom/customer/144_bottom_6367.png,144__bottom,0.5240213871002197,0.6427179574966431,False
data/processed/cure_crops/144/bottom/customer/144_bottom_6368.png,144__bottom,0.5527635812759399,0.6740870475769043,False
data/processed/cure_crops/144/bottom/customer/144_bottom_6369.png,144__bottom,0.6066429018974304,0.7465235590934753,False
data/processed/cure_crops/144/bottom/customer/144_bottom_6370.png,144__bottom,0.5896381735801697,0.6485254168510437,False
data/processed/cure_crops/144/bottom/customer/144_bottom_6371.png,144__bottom,0.5266714096069336,0.7443375587463379,False
data/processed/cure_crops/144/bottom/customer/144_bottom_6372.png,144__bottom,0.5218958854675293,0.7048305869102478,False
data/processed/cure_crops/144/bottom/customer/144_bottom_6373.png,144__bottom,0.5513195991516113,0.6882051229476929,False
data/processed/cure_crops/144/bottom/customer/144_bottom_6374.png,144__bottom,0.5717642903327942,0.6689625978469849,False
data/processed/cure_crops/144/bottom/customer/144_bottom_6375.png,144__bottom,0.5775307416915894,0.7324453592300415,False
data/processed/cure_crops/144/bottom/customer/144_bottom_6376.png,144__bottom,0.5621455907821655,0.7481787800788879,False
data/processed/cure_crops/144/bottom/customer/144_bottom_6377.png,144__bottom,0.6037729978561401,0.7721036672592163,False
data/processed/cure_crops/144/bottom/customer/144_bottom_6378.png,144__bottom,0.45295974612236023,0.6088923215866089,False
data/processed/cure_crops/144/bottom/customer/144_bottom_6379.png,144__bottom,0.568026602268219,0.8154443502426147,False
data/processed/cure_crops/144/bottom/customer/144_bottom_6380.png,144__bottom,0.5823092460632324,0.7554053068161011,False
data/processed/cure_crops/144/top/customer/144_top_6333.png,144__top,0.69688481092453,0.8121826648712158,False
data/processed/cure_crops/144/top/customer/144_top_6334.png,144__top,0.7046322822570801,0.8437811136245728,False
data/processed/cure_crops/144/top/customer/144_top_6335.png,144__top,0.7208579182624817,0.8677901029586792,False
data/processed/cure_crops/144/top/customer/144_top_6337.png,144__top,0.6542546153068542,0.8271329998970032,False
data/processed/cure_crops/144/top/customer/144_top_6338.png,144__top,0.6752492189407349,0.8568687438964844,False
data/processed/cure_crops/144/top/customer/144_top_6339.png,144__top,0.6077563762664795,0.8675239086151123,False
data/processed/cure_crops/144/top/customer/144_top_6340.png,144__top,0.6834364533424377,0.8122662305831909,False
data/processed/cure_crops/144/top/customer/144_top_6341.png,144__top,0.7023893594741821,0.5955893397331238,False
data/processed/cure_crops/144/top/customer/144_top_6342.png,144__top,0.7690178155899048,0.5664017200469971,False
data/processed/cure_crops/144/top/customer/144_top_6343.png,144__top,0.7382152080535889,0.7188018560409546,False
data/processed/cure_crops/144/top/customer/144_top_6344.png,144__top,0.7390178442001343,0.7661647200584412,False
data/processed/cure_crops/144/top/customer/144_top_6345.png,144__top,0.7206953763961792,0.6878013610839844,False
data/processed/cure_crops/144/top/customer/144_top_6346.png,144__top,0.6991126537322998,0.6809024810791016,False
data/processed/cure_crops/144/top/customer/144_top_6347.png,144__top,0.6922122240066528,0.828870952129364,False
data/processed/cure_crops/144/top/customer/144_top_6348.png,144__top,0.7767510414123535,0.7198594808578491,False
data/processed/cure_crops/144/top/customer/144_top_6349.png,144__top,0.7867708206176758,0.7130342721939087,False
data/processed/cure_crops/144/top/customer/144_top_6350.png,144__top,0.6479394435882568,0.6504132747650146,False
data/processed/cure_crops/144/top/customer/144_top_6351.png,144__top,0.6924638748168945,0.7708905935287476,False
data/processed/cure_crops/144/top/customer/144_top_6352.png,144__top,0.7415492534637451,0.6185844540596008,False
data/processed/cure_crops/144/top/customer/144_top_6353.png,144__top,0.800081729888916,0.7659498453140259,False
data/processed/cure_crops/144/top/customer/144_top_6354.png,144__top,0.7512600421905518,0.7125855684280396,False
data/processed/cure_crops/144/top/customer/144_top_6355.png,144__top,0.6600950360298157,0.7571015357971191,False
data/processed/cure_crops/145/bottom/customer/145_bottom_6403.png,145__bottom,0.6986829042434692,0.5441919565200806,False
data/processed/cure_crops/145/bottom/customer/145_bottom_6404.png,145__bottom,0.6995565891265869,0.5876145362854004,False
data/processed/cure_crops/145/bottom/customer/145_bottom_6405.png,145__bottom,0.6675597429275513,0.8240423202514648,False
data/processed/cure_crops/145/bottom/customer/145_bottom_6406.png,145__bottom,0.6528976559638977,0.6808310747146606,False
data/processed/cure_crops/145/bottom/customer/145_bottom_6407.png,145__bottom,0.666284441947937,0.8200875520706177,False
data/processed/cure_crops/145/bottom/customer/145_bottom_6408.png,145__bottom,0.7754453420639038,0.6487780809402466,False
data/processed/cure_crops/145/bottom/customer/145_bottom_6409.png,145__bottom,0.7513352632522583,0.7125856876373291,False
data/processed/cure_crops/145/bottom/customer/145_bottom_6410.png,145__bottom,0.6968660950660706,0.6323051452636719,False
data/processed/cure_crops/145/bottom/customer/145_bottom_6411.png,145__bottom,0.5860403180122375,0.509121298789978,False
data/processed/cure_crops/145/bottom/customer/145_bottom_6412.png,145__bottom,0.7679287195205688,0.6845253705978394,False
data/processed/cure_crops/145/bottom/customer/145_bottom_6413.png,145__bottom,0.7008088827133179,0.7068078517913818,False
data/processed/cure_crops/145/bottom/customer/145_bottom_6414.png,145__bottom,0.650130033493042,0.5736738443374634,False
data/processed/cure_crops/145/bottom/customer/145_bottom_6415.png,145__bottom,0.7693786025047302,0.7660654187202454,False
data/processed/cure_crops/145/bottom/customer/145_bottom_6416.png,145__bottom,0.7212204337120056,0.6141258478164673,False
data/processed/cure_crops/145/bottom/customer/145_bottom_6417.png,145__bottom,0.7470418214797974,0.6935973167419434,False
data/processed/cure_crops/145/bottom/customer/145_bottom_6418.png,145__bottom,0.7225304841995239,0.6365577578544617,False
data/processed/cure_crops/145/bottom/customer/145_bottom_6419.png,145__bottom,0.712027370929718,0.6627801656723022,False
data/processed/cure_crops/145/bottom/customer/145_bottom_6420.png,145__bottom,0.706396758556366,0.5779151916503906,False
data/processed/cure_crops/145/bottom/customer/145_bottom_6421.png,145__bottom,0.7183523178100586,0.5776754021644592,False
data/processed/cure_crops/145/bottom/customer/145_bottom_6422.png,145__bottom,0.7563312649726868,0.6421123743057251,False
data/processed/cure_crops/145/bottom/customer/145_bottom_6423.png,145__bottom,0.6742061376571655,0.7172704339027405,False
data/processed/cure_crops/145/bottom/customer/145_bottom_6424.png,145__bottom,0.6787734031677246,0.7071368098258972,False
data/processed/cure_crops/145/bottom/customer/145_bottom_6425.png,145__bottom,0.6803320646286011,0.5993778705596924,False
data/processed/cure_crops/145/top/customer/145_top_6381.png,145__top,0.555194616317749,0.6266438961029053,False
data/processed/cure_crops/145/top/customer/145_top_6382.png,145__top,0.6307525634765625,0.6053587794303894,False
data/processed/cure_crops/145/top/customer/145_top_6383.png,145__top,0.6800345182418823,0.7692955732345581,False
data/processed/cure_crops/145/top/customer/145_top_6384.png,145__top,0.6885493993759155,0.7889605760574341,False
data/processed/cure_crops/145/top/customer/145_top_6385.png,145__top,0.6581547260284424,0.5655773878097534,False
data/processed/cure_crops/145/top/customer/145_top_6386.png,145__top,0.7454705238342285,0.6855341792106628,False
data/processed/cure_crops/145/top/customer/145_top_6387.png,145__top,0.4780983328819275,0.46828779578208923,False
data/processed/cure_crops/145/top/customer/145_top_6388.png,145__top,0.7230260372161865,0.6787608861923218,False
data/processed/cure_crops/145/top/customer/145_top_6389.png,145__top,0.7195703983306885,0.7296363115310669,False
data/processed/cure_crops/145/top/customer/145_top_6390.png,145__top,0.6522761583328247,0.6720064282417297,False
data/processed/cure_crops/145/top/customer/145_top_6391.png,145__top,0.6826084852218628,0.5975273847579956,False
data/processed/cure_crops/145/top/customer/145_top_6392.png,145__top,0.6667702198028564,0.6217402219772339,False
data/processed/cure_crops/145/top/customer/145_top_6393.png,145__top,0.6313391923904419,0.6300462484359741,False
data/processed/cure_crops/145/top/customer/145_top_6394.png,145__top,0.7285583019256592,0.6610397100448608,False
data/processed/cure_crops/145/top/customer/145_top_6395.png,145__top,0.7146473526954651,0.664252758026123,False
data/processed/cure_crops/145/top/customer/145_top_6396.png,145__top,0.6379486322402954,0.6583186388015747,False
data/processed/cure_crops/145/top/customer/145_top_6397.png,145__top,0.7015626430511475,0.6329836845397949,False
data/processed/cure_crops/145/top/customer/145_top_6398.png,145__top,0.6495439410209656,0.5849432945251465,False
data/processed/cure_crops/145/top/customer/145_top_6399.png,145__top,0.7032045125961304,0.6542932987213135,False
data/processed/cure_crops/145/top/customer/145_top_6400.png,145__top,0.6778061389923096,0.6178520917892456,False
data/processed/cure_crops/145/top/customer/145_top_6401.png,145__top,0.6736983060836792,0.6778428554534912,False
data/processed/cure_crops/145/top/customer/145_top_6402.png,145__top,0.7166961431503296,0.6876024007797241,False
data/processed/cure_crops/146/bottom/customer/146_bottom_6449.png,146__bottom,0.7045471668243408,0.7627201080322266,False
data/processed/cure_crops/146/bottom/customer/146_bottom_6450.png,146__bottom,0.749191164970398,0.7912874221801758,False
data/processed/cure_crops/146/bottom/customer/146_bottom_6451.png,146__bottom,0.7029411792755127,0.8185054063796997,False
data/processed/cure_crops/146/bottom/customer/146_bottom_6452.png,146__bottom,0.7162560224533081,0.8084069490432739,False
data/processed/cure_crops/146/bottom/customer/146_bottom_6453.png,146__bottom,0.6426535844802856,0.7193211913108826,False
data/processed/cure_crops/146/bottom/customer/146_bottom_6454.png,146__bottom,0.6906802654266357,0.8338413238525391,False
data/processed/cure_crops/146/bottom/customer/146_bottom_6455.png,146__bottom,0.5833701491355896,0.548542320728302,False
data/processed/cure_crops/146/bottom/customer/146_bottom_6456.png,146__bottom,0.5747370719909668,0.6709648966789246,False
data/processed/cure_crops/146/bottom/customer/146_bottom_6457.png,146__bottom,0.5878851413726807,0.5584151744842529,False
data/processed/cure_crops/146/bottom/customer/146_bottom_6458.png,146__bottom,0.6764158010482788,0.733898401260376,False
data/processed/cure_crops/146/bottom/customer/146_bottom_6459.png,146__bottom,0.6499057412147522,0.7456896901130676,False
data/processed/cure_crops/146/bottom/customer/146_bottom_6460.png,146__bottom,0.5625196099281311,0.7681584358215332,False
data/processed/cure_crops/146/bottom/customer/146_bottom_6461.png,146__bottom,0.5861443281173706,0.6487510800361633,False
data/processed/cure_crops/146/bottom/customer/146_bottom_6462.png,146__bottom,0.5440548062324524,0.6672366261482239,False
data/processed/cure_crops/146/bottom/customer/146_bottom_6463.png,146__bottom,0.5786833763122559,0.7287642955780029,False
data/processed/cure_crops/146/bottom/customer/146_bottom_6464.png,146__bottom,0.48497065901756287,0.6161608099937439,False
data/processed/cure_crops/146/bottom/customer/146_bottom_6465.png,146__bottom,0.6163514852523804,0.7664204239845276,False
data/processed/cure_crops/146/bottom/customer/146_bottom_6466.png,146__bottom,0.647318959236145,0.762494683265686,False
data/processed/cure_crops/146/bottom/customer/146_bottom_6467.png,146__bottom,0.4762471914291382,0.692156195640564,False
data/processed/cure_crops/146/bottom/customer/146_bottom_6468.png,146__bottom,0.6396830081939697,0.8048753142356873,False
data/processed/cure_crops/146/bottom/customer/146_bottom_6469.png,146__bottom,0.6044120788574219,0.764306902885437,False
data/processed/cure_crops/146/bottom/customer/146_bottom_6470.png,146__bottom,0.5987524390220642,0.8080413341522217,False
data/processed/cure_crops/146/top/customer/146_top_6426.png,146__top,0.61589115858078,0.7367919683456421,False
data/processed/cure_crops/146/top/customer/146_top_6427.png,146__top,0.5573270320892334,0.6758468151092529,False
data/processed/cure_crops/146/top/customer/146_top_6428.png,146__top,0.5149296522140503,0.8066397309303284,False
data/processed/cure_crops/146/top/customer/146_top_6429.png,146__top,0.48157525062561035,0.7746188640594482,False
data/processed/cure_crops/146/top/customer/146_top_6430.png,146__top,0.523543119430542,0.7156421542167664,False
data/processed/cure_crops/146/top/customer/146_top_6431.png,146__top,0.5667259097099304,0.69181889295578,False
data/processed/cure_crops/146/top/customer/146_top_6432.png,146__top,0.6622139811515808,0.7771260142326355,False
data/processed/cure_crops/146/top/customer/146_top_6433.png,146__top,0.6511553525924683,0.6683796048164368,False
data/processed/cure_crops/146/top/customer/146_top_6434.png,146__top,0.6835991740226746,0.7166328430175781,False
data/processed/cure_crops/146/top/customer/146_top_6435.png,146__top,0.6971645355224609,0.7222530841827393,False
data/processed/cure_crops/146/top/customer/146_top_6436.png,146__top,0.545848548412323,0.7773668766021729,False
data/processed/cure_crops/146/top/customer/146_top_6437.png,146__top,0.516229510307312,0.6645931005477905,False
data/processed/cure_crops/146/top/customer/146_top_6438.png,146__top,0.5250873565673828,0.6939104795455933,False
data/processed/cure_crops/146/top/customer/146_top_6439.png,146__top,0.513379693031311,0.773622453212738,False
data/processed/cure_crops/146/top/customer/146_top_6440.png,146__top,0.5580548048019409,0.7273171544075012,False
data/processed/cure_crops/146/top/customer/146_top_6441.png,146__top,0.5189255475997925,0.6855216026306152,False
data/processed/cure_crops/146/top/customer/146_top_6442.png,146__top,0.6303053498268127,0.7838737964630127,False
data/processed/cure_crops/146/top/customer/146_top_6443.png,146__top,0.5662967562675476,0.8123682737350464,False
data/processed/cure_crops/146/top/customer/146_top_6444.png,146__top,0.5978946685791016,0.7943325042724609,False
data/processed/cure_crops/146/top/customer/146_top_6445.png,146__top,0.49809783697128296,0.7645631432533264,False
data/processed/cure_crops/146/top/customer/146_top_6446.png,146__top,0.4943343997001648,0.7145099639892578,False
data/processed/cure_crops/146/top/customer/146_top_6447.png,146__top,0.49583694338798523,0.6941941380500793,False
data/processed/cure_crops/146/top/customer/146_top_6448.png,146__top,0.5279746055603027,0.7164625525474548,False
data/processed/cure_crops/147/bottom/customer/147_bottom_6496.png,147__bottom,0.6995371580123901,0.8320447206497192,False
data/processed/cure_crops/147/bottom/customer/147_bottom_6497.png,147__bottom,0.7893831729888916,0.849632978439331,False
data/processed/cure_crops/147/bottom/customer/147_bottom_6498.png,147__bottom,0.6791621446609497,0.7967197895050049,False
data/processed/cure_crops/147/bottom/customer/147_bottom_6499.png,147__bottom,0.8695526123046875,0.8985316157341003,False
data/processed/cure_crops/147/bottom/customer/147_bottom_6500.png,147__bottom,0.5945419669151306,0.7192966341972351,False
data/processed/cure_crops/147/bottom/customer/147_bottom_6501.png,147__bottom,0.6680648326873779,0.8214542865753174,False
data/processed/cure_crops/147/bottom/customer/147_bottom_6502.png,147__bottom,0.7582046985626221,0.7194361090660095,False
data/processed/cure_crops/147/bottom/customer/147_bottom_6503.png,147__bottom,0.702229380607605,0.7406282424926758,False
data/processed/cure_crops/147/bottom/customer/147_bottom_6504.png,147__bottom,0.6478111743927002,0.7509698271751404,False
data/processed/cure_crops/147/bottom/customer/147_bottom_6505.png,147__bottom,0.6934084892272949,0.6901737451553345,False
data/processed/cure_crops/147/bottom/customer/147_bottom_6506.png,147__bottom,0.6753377914428711,0.6105436086654663,False
data/processed/cure_crops/147/bottom/customer/147_bottom_6507.png,147__bottom,0.6908423900604248,0.7584044337272644,False
data/processed/cure_crops/147/bottom/customer/147_bottom_6508.png,147__bottom,0.7107913494110107,0.6875239014625549,False
data/processed/cure_crops/147/bottom/customer/147_bottom_6509.png,147__bottom,0.7660791873931885,0.78155517578125,False
data/processed/cure_crops/147/bottom/customer/147_bottom_6510.png,147__bottom,0.7607722282409668,0.7488762736320496,False
data/processed/cure_crops/147/bottom/customer/147_bottom_6511.png,147__bottom,0.7823915481567383,0.7524320483207703,False
data/processed/cure_crops/147/bottom/customer/147_bottom_6512.png,147__bottom,0.7951297760009766,0.78038090467453,False
data/processed/cure_crops/147/bottom/customer/147_bottom_6513.png,147__bottom,0.762847363948822,0.7848472595214844,False
data/processed/cure_crops/147/bottom/customer/147_bottom_6514.png,147__bottom,0.6951206922531128,0.7676433324813843,False
data/processed/cure_crops/147/bottom/customer/147_bottom_6515.png,147__bottom,0.7425035238265991,0.743366003036499,False
data/processed/cure_crops/147/bottom/customer/147_bottom_6516.png,147__bottom,0.7548909783363342,0.7935764789581299,False
data/processed/cure_crops/147/bottom/customer/147_bottom_6517.png,147__bottom,0.6889702081680298,0.7760389447212219,False
data/processed/cure_crops/147/bottom/customer/147_bottom_6518.png,147__bottom,0.6863753199577332,0.7840148210525513,False
data/processed/cure_crops/147/bottom/customer/147_bottom_6519.png,147__bottom,0.6254721879959106,0.6700100898742676,False
data/processed/cure_crops/147/top/customer/147_top_6471.png,147__top,0.7382071018218994,0.8216637372970581,False
data/processed/cure_crops/147/top/customer/147_top_6472.png,147__top,0.8572169542312622,0.8319591283798218,False
data/processed/cure_crops/147/top/customer/147_top_6473.png,147__top,0.7307421565055847,0.7967285513877869,False
data/processed/cure_crops/147/top/customer/147_top_6474.png,147__top,0.778843879699707,0.8986135125160217,False
data/processed/cure_crops/147/top/customer/147_top_6475.png,147__top,0.7310994863510132,0.8610864877700806,False
data/processed/cure_crops/147/top/customer/147_top_6476.png,147__top,0.7033396363258362,0.7419487237930298,False
data/processed/cure_crops/147/top/customer/147_top_6477.png,147__top,0.6723200082778931,0.7540444135665894,False
data/processed/cure_crops/147/top/customer/147_top_6478.png,147__top,0.6929399967193604,0.6435339450836182,False
data/processed/cure_crops/147/top/customer/147_top_6479.png,147__top,0.8401919603347778,0.7736243605613708,False
data/processed/cure_crops/147/top/customer/147_top_6480.png,147__top,0.7386404275894165,0.5145878791809082,False
data/processed/cure_crops/147/top/customer/147_top_6481.png,147__top,0.5967042446136475,0.6737293004989624,False
data/processed/cure_crops/147/top/customer/147_top_6482.png,147__top,0.7266438007354736,0.7225523591041565,False
data/processed/cure_crops/147/top/customer/147_top_6483.png,147__top,0.6871426701545715,0.7109489440917969,False
data/processed/cure_crops/147/top/customer/147_top_6484.png,147__top,0.6558961272239685,0.8120218515396118,False
data/processed/cure_crops/147/top/customer/147_top_6485.png,147__top,0.6435456871986389,0.7497211694717407,False
data/processed/cure_crops/147/top/customer/147_top_6486.png,147__top,0.6775047779083252,0.6975431442260742,False
data/processed/cure_crops/147/top/customer/147_top_6487.png,147__top,0.6837759613990784,0.7315787076950073,False
data/processed/cure_crops/147/top/customer/147_top_6488.png,147__top,0.6528434157371521,0.7114812135696411,False
data/processed/cure_crops/147/top/customer/147_top_6489.png,147__top,0.6821565628051758,0.5633631944656372,False
data/processed/cure_crops/147/top/customer/147_top_6490.png,147__top,0.6803497076034546,0.7968116402626038,False
data/processed/cure_crops/147/top/customer/147_top_6491.png,147__top,0.6923662424087524,0.7872742414474487,False
data/processed/cure_crops/147/top/customer/147_top_6492.png,147__top,0.639779806137085,0.771403968334198,False
data/processed/cure_crops/147/top/customer/147_top_6493.png,147__top,0.6803125143051147,0.7087181806564331,False
data/processed/cure_crops/147/top/customer/147_top_6494.png,147__top,0.6372115612030029,0.5582478046417236,False
data/processed/cure_crops/147/top/customer/147_top_6495.png,147__top,0.640893280506134,0.7007034420967102,False
data/processed/cure_crops/148/bottom/customer/148_bottom_6549.png,148__bottom,0.7357741594314575,0.861733078956604,False
data/processed/cure_crops/148/bottom/customer/148_bottom_6550.png,148__bottom,0.7501838207244873,0.9130561351776123,False
data/processed/cure_crops/148/bottom/customer/148_bottom_6551.png,148__bottom,0.7133207321166992,0.8826303482055664,False
data/processed/cure_crops/148/bottom/customer/148_bottom_6552.png,148__bottom,0.6348443627357483,0.831169605255127,False
data/processed/cure_crops/148/bottom/customer/148_bottom_6553.png,148__bottom,0.5145020484924316,0.8653392791748047,False
data/processed/cure_crops/148/bottom/customer/148_bottom_6554.png,148__bottom,0.2968108654022217,0.25754040479660034,False
data/processed/cure_crops/148/bottom/customer/148_bottom_6555.png,148__bottom,0.46639999747276306,0.3394610285758972,False
data/processed/cure_crops/148/bottom/customer/148_bottom_6556.png,148__bottom,0.3540734350681305,0.42539894580841064,False
data/processed/cure_crops/148/bottom/customer/148_bottom_6557.png,148__bottom,0.42022860050201416,0.5011937022209167,False
data/processed/cure_crops/148/bottom/customer/148_bottom_6558.png,148__bottom,0.8026281595230103,0.9245518445968628,False
data/processed/cure_crops/148/bottom/customer/148_bottom_6559.png,148__bottom,0.7359387874603271,0.8847495317459106,False
data/processed/cure_crops/148/bottom/customer/148_bottom_6560.png,148__bottom,0.8184405565261841,0.9160012006759644,False
data/processed/cure_crops/148/bottom/customer/148_bottom_6561.png,148__bottom,0.8126714825630188,0.9171054363250732,False
data/processed/cure_crops/148/bottom/customer/148_bottom_6562.png,148__bottom,0.79924476146698,0.9120447635650635,False
data/processed/cure_crops/148/bottom/customer/148_bottom_6563.png,148__bottom,0.8020741939544678,0.8801741600036621,False
data/processed/cure_crops/148/bottom/customer/148_bottom_6564.png,148__bottom,0.7691881656646729,0.9007079601287842,False
data/processed/cure_crops/148/bottom/customer/148_bottom_6565.png,148__bottom,0.4537431299686432,0.5185210704803467,False
data/processed/cure_crops/148/bottom/customer/148_bottom_6566.png,148__bottom,0.820630669593811,0.8603552579879761,False
data/processed/cure_crops/148/bottom/customer/148_bottom_6567.png,148__bottom,0.8230456113815308,0.8688039779663086,False
data/processed/cure_crops/148/bottom/customer/148_bottom_6568.png,148__bottom,0.784904420375824,0.912018895149231,False
data/processed/cure_crops/148/bottom/customer/148_bottom_6569.png,148__bottom,0.7969803810119629,0.8410482406616211,False
data/processed/cure_crops/148/bottom/customer/148_bottom_6570.png,148__bottom,0.8146265745162964,0.8742700815200806,False
data/processed/cure_crops/148/bottom/customer/148_bottom_6571.png,148__bottom,0.833562970161438,0.8603134155273438,False
data/processed/cure_crops/148/bottom/customer/148_bottom_6572.png,148__bottom,0.8086371421813965,0.9233185052871704,False
data/processed/cure_crops/148/bottom/customer/148_bottom_6573.png,148__bottom,0.8100742101669312,0.8964208364486694,False
data/processed/cure_crops/148/bottom/customer/148_bottom_6574.png,148__bottom,0.6881285309791565,0.8175748586654663,False
data/processed/cure_crops/148/top/customer/148_top_6520.png,148__top,0.519307017326355,0.8897674679756165,False
data/processed/cure_crops/148/top/customer/148_top_6521.png,148__top,0.5715385675430298,0.8869996666908264,False
data/processed/cure_crops/148/top/customer/148_top_6522.png,148__top,0.6490803956985474,0.8899060487747192,False
data/processed/cure_crops/148/top/customer/148_top_6523.png,148__top,0.6627334952354431,0.8749909996986389,False
data/processed/cure_crops/148/top/customer/148_top_6524.png,148__top,0.7047030925750732,0.8897664546966553,False
data/processed/cure_crops/148/top/customer/148_top_6525.png,148__top,0.6954380869865417,0.8610989451408386,False
data/processed/cure_crops/148/top/customer/148_top_6526.png,148__top,0.7548498511314392,0.8249301910400391,False
data/processed/cure_crops/148/top/customer/148_top_6527.png,148__top,0.6870825290679932,0.8244592547416687,False
data/processed/cure_crops/148/top/customer/148_top_6528.png,148__top,0.8036162853240967,0.9035465121269226,False
data/processed/cure_crops/148/top/customer/148_top_6529.png,148__top,0.6202528476715088,0.7934972047805786,False
data/processed/cure_crops/148/top/customer/148_top_6530.png,148__top,0.5583828091621399,0.8317744731903076,False
data/processed/cure_crops/148/top/customer/148_top_6531.png,148__top,0.5645527243614197,0.8345437049865723,False
data/processed/cure_crops/148/top/customer/148_top_6532.png,148__top,0.6088523268699646,0.879716157913208,False
data/processed/cure_crops/148/top/customer/148_top_6533.png,148__top,0.5987690687179565,0.8779377937316895,False
data/processed/cure_crops/148/top/customer/148_top_6534.png,148__top,0.5588235855102539,0.863543689250946,False
data/processed/cure_crops/148/top/customer/148_top_6535.png,148__top,0.6385110020637512,0.854851484298706,False
data/processed/cure_crops/148/top/customer/148_top_6536.png,148__top,0.5817103385925293,0.8802049160003662,False
data/processed/cure_crops/148/top/customer/148_top_6537.png,148__top,0.5628424882888794,0.879482626914978,False
data/processed/cure_crops/148/top/customer/148_top_6538.png,148__top,0.63579261302948,0.8909963965415955,False
data/processed/cure_crops/148/top/customer/148_top_6539.png,148__top,0.5864583253860474,0.8740653395652771,False
data/processed/cure_crops/148/top/customer/148_top_6540.png,148__top,0.569568395614624,0.8884769082069397,False
data/processed/cure_crops/148/top/customer/148_top_6541.png,148__top,0.617316484451294,0.8755796551704407,False
data/processed/cure_crops/148/top/customer/148_top_6542.png,148__top,0.5726299285888672,0.8418736457824707,False
data/processed/cure_crops/148/top/customer/148_top_6543.png,148__top,0.6397055387496948,0.8869709372520447,False
data/processed/cure_crops/148/top/customer/148_top_6544.png,148__top,0.5569056868553162,0.8536114692687988,False
data/processed/cure_crops/148/top/customer/148_top_6545.png,148__top,0.5085974931716919,0.8633863925933838,False
data/processed/cure_crops/148/top/customer/148_top_6546.png,148__top,0.6111767292022705,0.8609392642974854,False
data/processed/cure_crops/148/top/customer/148_top_6547.png,148__top,0.581055223941803,0.8957523107528687,False
data/processed/cure_crops/148/top/customer/148_top_6548.png,148__top,0.5732024908065796,0.8999608755111694,False
data/processed/cure_crops/149/bottom/customer/149_bottom_6601.png,149__bottom,0.5022847652435303,0.7776709794998169,False
data/processed/cure_crops/149/bottom/customer/149_bottom_6602.png,149__bottom,0.5302371978759766,0.797499418258667,False
data/processed/cure_crops/149/bottom/customer/149_bottom_6603.png,149__bottom,0.4590965509414673,0.778903603553772,False
data/processed/cure_crops/149/bottom/customer/149_bottom_6604.png,149__bottom,0.5217472314834595,0.739385724067688,False
data/processed/cure_crops/149/bottom/customer/149_bottom_6605.png,149__bottom,0.6831420063972473,0.6593419313430786,False
data/processed/cure_crops/149/bottom/customer/149_bottom_6606.png,149__bottom,0.6167844533920288,0.7520414590835571,False
data/processed/cure_crops/149/bottom/customer/149_bottom_6607.png,149__bottom,0.44834452867507935,0.6436014175415039,False
data/processed/cure_crops/149/bottom/customer/149_bottom_6608.png,149__bottom,0.5937719345092773,0.6048383712768555,False
data/processed/cure_crops/149/bottom/customer/149_bottom_6609.png,149__bottom,0.6554163694381714,0.6888824701309204,False
data/processed/cure_crops/149/bottom/customer/149_bottom_6610.png,149__bottom,0.4301695227622986,0.7037671804428101,False
data/processed/cure_crops/149/bottom/customer/149_bottom_6611.png,149__bottom,0.5157573819160461,0.7424753904342651,False
data/processed/cure_crops/149/bottom/customer/149_bottom_6612.png,149__bottom,0.6155657172203064,0.818679928779602,False
data/processed/cure_crops/149/bottom/customer/149_bottom_6613.png,149__bottom,0.6777811050415039,0.7727879881858826,False
data/processed/cure_crops/149/bottom/customer/149_bottom_6614.png,149__bottom,0.5770171284675598,0.8007339239120483,False
data/processed/cure_crops/149/bottom/customer/149_bottom_6615.png,149__bottom,0.6051913499832153,0.801886260509491,False
data/processed/cure_crops/149/bottom/customer/149_bottom_6616.png,149__bottom,0.5556932687759399,0.8045925498008728,False
data/processed/cure_crops/149/bottom/customer/149_bottom_6617.png,149__bottom,0.5643584728240967,0.8011614084243774,False
data/processed/cure_crops/149/bottom/customer/149_bottom_6618.png,149__bottom,0.5307201147079468,0.7574602961540222,False
data/processed/cure_crops/149/bottom/customer/149_bottom_6619.png,149__bottom,0.6021191477775574,0.8107441663742065,False
data/processed/cure_crops/149/bottom/customer/149_bottom_6620.png,149__bottom,0.5451648235321045,0.8150084018707275,False
data/processed/cure_crops/149/bottom/customer/149_bottom_6621.png,149__bottom,0.5431694388389587,0.8107002377510071,False
data/processed/cure_crops/149/bottom/customer/149_bottom_6622.png,149__bottom,0.5807651877403259,0.8298096656799316,False
data/processed/cure_crops/149/bottom/customer/149_bottom_6623.png,149__bottom,0.5328757762908936,0.7360891699790955,False
data/processed/cure_crops/149/bottom/customer/149_bottom_6624.png,149__bottom,0.5224505662918091,0.7007981538772583,False
data/processed/cure_crops/149/top/customer/149_top_6575.png,149__top,0.7081059217453003,0.787208080291748,False
data/processed/cure_crops/149/top/customer/149_top_6576.png,149__top,0.7205114364624023,0.7467204332351685,False
data/processed/cure_crops/149/top/customer/149_top_6577.png,149__top,0.7372819185256958,0.8808242082595825,False
data/processed/cure_crops/149/top/customer/149_top_6578.png,149__top,0.7593563795089722,0.8637862205505371,False
data/processed/cure_crops/149/top/customer/149_top_6579.png,149__top,0.6295238733291626,0.6208685040473938,False
data/processed/cure_crops/149/top/customer/149_top_6580.png,149__top,0.6364359259605408,0.7479801177978516,False
data/processed/cure_crops/149/top/customer/149_top_6581.png,149__top,0.6449404954910278,0.7267410755157471,False
data/processed/cure_crops/149/top/customer/149_top_6582.png,149__top,0.6862177848815918,0.7894841432571411,False
data/processed/cure_crops/149/top/customer/149_top_6583.png,149__top,0.6421692371368408,0.7756789922714233,False
data/processed/cure_crops/149/top/customer/149_top_6584.png,149__top,0.700061559677124,0.7992181777954102,False
data/processed/cure_crops/149/top/customer/149_top_6585.png,149__top,0.7714255452156067,0.820690393447876,False
data/processed/cure_crops/149/top/customer/149_top_6586.png,149__top,0.7483707666397095,0.8160977959632874,False
data/processed/cure_crops/149/top/customer/149_top_6587.png,149__top,0.7946144342422485,0.8333513140678406,False
data/processed/cure_crops/149/top/customer/149_top_6588.png,149__top,0.7252984046936035,0.7781069278717041,False
data/processed/cure_crops/149/top/customer/149_top_6589.png,149__top,0.7244656682014465,0.7912264466285706,False
data/processed/cure_crops/149/top/customer/149_top_6590.png,149__top,0.7064259052276611,0.7123631238937378,False
data/processed/cure_crops/149/top/customer/149_top_6591.png,149__top,0.7391530275344849,0.7847986221313477,False
data/processed/cure_crops/149/top/customer/149_top_6592.png,149__top,0.7637245655059814,0.8852263689041138,False
data/processed/cure_crops/149/top/customer/149_top_6593.png,149__top,0.7199389338493347,0.7825435400009155,False
data/processed/cure_crops/149/top/customer/149_top_6594.png,149__top,0.7960284948348999,0.8595795631408691,False
data/processed/cure_crops/149/top/customer/149_top_6595.png,149__top,0.8007396459579468,0.8168436288833618,False
data/processed/cure_crops/149/top/customer/149_top_6596.png,149__top,0.7272911071777344,0.8338015079498291,False
data/processed/cure_crops/149/top/customer/149_top_6597.png,149__top,0.7099953889846802,0.7777217626571655,False
data/processed/cure_crops/149/top/customer/149_top_6598.png,149__top,0.7954145073890686,0.8484854698181152,False
data/processed/cure_crops/149/top/customer/149_top_6599.png,149__top,0.7535625696182251,0.8123454451560974,False
data/processed/cure_crops/149/top/customer/149_top_6600.png,149__top,0.7559555768966675,0.7631595730781555,False
data/processed/cure_crops/15/bottom/customer/15_bottom_678.png,15__bottom,0.6287541389465332,0.6389611959457397,False
data/processed/cure_crops/15/bottom/customer/15_bottom_679.png,15__bottom,0.6084346771240234,0.6555320620536804,False
data/processed/cure_crops/15/bottom/customer/15_bottom_680.png,15__bottom,0.6521734595298767,0.6437327861785889,False
data/processed/cure_crops/15/bottom/customer/15_bottom_681.png,15__bottom,0.6274563074111938,0.6408303380012512,False
data/processed/cure_crops/15/bottom/customer/15_bottom_682.png,15__bottom,0.626684308052063,0.6514666080474854,False
data/processed/cure_crops/15/bottom/customer/15_bottom_683.png,15__bottom,0.6323072910308838,0.5577124357223511,False
data/processed/cure_crops/15/bottom/customer/15_bottom_684.png,15__bottom,0.5814840793609619,0.6006250977516174,False
data/processed/cure_crops/15/bottom/customer/15_bottom_685.png,15__bottom,0.5627530813217163,0.4589475691318512,False
data/processed/cure_crops/15/bottom/customer/15_bottom_686.png,15__bottom,0.5524855852127075,0.45568913221359253,False
data/processed/cure_crops/15/bottom/customer/15_bottom_687.png,15__bottom,0.5417079925537109,0.44115883111953735,False
data/processed/cure_crops/15/bottom/customer/15_bottom_688.png,15__bottom,0.576958417892456,0.6114557981491089,False
data/processed/cure_crops/15/bottom/customer/15_bottom_689.png,15__bottom,0.6339380741119385,0.5402939319610596,False
data/processed/cure_crops/15/bottom/customer/15_bottom_690.png,15__bottom,0.6525654792785645,0.6354383230209351,False
data/processed/cure_crops/15/bottom/customer/15_bottom_691.png,15__bottom,0.6516337990760803,0.6751034259796143,False
data/processed/cure_crops/15/bottom/customer/15_bottom_692.png,15__bottom,0.6604411005973816,0.5300992727279663,False
data/processed/cure_crops/15/bottom/customer/15_bottom_693.png,15__bottom,0.644241213798523,0.5472050905227661,False
data/processed/cure_crops/15/bottom/customer/15_bottom_694.png,15__bottom,0.6635324954986572,0.5267050266265869,False
data/processed/cure_crops/15/bottom/customer/15_bottom_695.png,15__bottom,0.5649732947349548,0.5450038909912109,False
data/processed/cure_crops/15/bottom/customer/15_bottom_696.png,15__bottom,0.660129964351654,0.5192602872848511,False
data/processed/cure_crops/15/bottom/customer/15_bottom_697.png,15__bottom,0.5546231269836426,0.5527982115745544,False
data/processed/cure_crops/15/top/customer/15_top_657.png,15__top,0.7166035771369934,0.7041645050048828,False
data/processed/cure_crops/15/top/customer/15_top_658.png,15__top,0.6460163593292236,0.6629255414009094,False
data/processed/cure_crops/15/top/customer/15_top_659.png,15__top,0.6909826993942261,0.6301416754722595,False
data/processed/cure_crops/15/top/customer/15_top_660.png,15__top,0.7129900455474854,0.657192587852478,False
data/processed/cure_crops/15/top/customer/15_top_661.png,15__top,0.6710348725318909,0.6604670286178589,False
data/processed/cure_crops/15/top/customer/15_top_662.png,15__top,0.6773713827133179,0.6811286211013794,False
data/processed/cure_crops/15/top/customer/15_top_663.png,15__top,0.6035158634185791,0.5942888259887695,False
data/processed/cure_crops/15/top/customer/15_top_664.png,15__top,0.5710312724113464,0.603424072265625,False
data/processed/cure_crops/15/top/customer/15_top_665.png,15__top,0.5458734035491943,0.644328236579895,False
data/processed/cure_crops/15/top/customer/15_top_666.png,15__top,0.5984448194503784,0.6609688401222229,False
data/processed/cure_crops/15/top/customer/15_top_667.png,15__top,0.6430814862251282,0.6190985441207886,False
data/processed/cure_crops/15/top/customer/15_top_668.png,15__top,0.6543316841125488,0.5873485803604126,False
data/processed/cure_crops/15/top/customer/15_top_669.png,15__top,0.6809340715408325,0.6887316703796387,False
data/processed/cure_crops/15/top/customer/15_top_670.png,15__top,0.6932587027549744,0.706384003162384,False
data/processed/cure_crops/15/top/customer/15_top_671.png,15__top,0.4921683669090271,0.4391011595726013,False
data/processed/cure_crops/15/top/customer/15_top_672.png,15__top,0.6005211472511292,0.38895946741104126,False
data/processed/cure_crops/15/top/customer/15_top_673.png,15__top,0.6848782300949097,0.6726000308990479,False
data/processed/cure_crops/15/top/customer/15_top_674.png,15__top,0.43500757217407227,0.24948956072330475,False
data/processed/cure_crops/15/top/customer/15_top_675.png,15__top,0.6638305187225342,0.6198199987411499,False
data/processed/cure_crops/15/top/customer/15_top_676.png,15__top,0.5075588822364807,0.40776973962783813,False
data/processed/cure_crops/15/top/customer/15_top_677.png,15__top,0.6749093532562256,0.6875370740890503,False
data/processed/cure_crops/150/bottom/customer/150_bottom_6634.png,150__bottom,0.5848358869552612,0.5523311495780945,False
data/processed/cure_crops/150/bottom/customer/150_bottom_6635.png,150__bottom,0.7319477796554565,0.5016626715660095,False
data/processed/cure_crops/150/bottom/customer/150_bottom_6636.png,150__bottom,0.6297767758369446,0.642358660697937,False
data/processed/cure_crops/150/bottom/customer/150_bottom_6637.png,150__bottom,0.7748788595199585,0.7790613174438477,False
data/processed/cure_crops/150/bottom/customer/150_bottom_6638.png,150__bottom,0.7061924934387207,0.7061673998832703,False
data/processed/cure_crops/150/bottom/customer/150_bottom_6639.png,150__bottom,0.7566397190093994,0.8250160217285156,False
data/processed/cure_crops/150/bottom/customer/150_bottom_6640.png,150__bottom,0.671714186668396,0.5751361846923828,False
data/processed/cure_crops/150/bottom/customer/150_bottom_6641.png,150__bottom,0.6909894347190857,0.5222368240356445,False
data/processed/cure_crops/150/bottom/customer/150_bottom_6642.png,150__bottom,0.6768888235092163,0.7225230932235718,False
data/processed/cure_crops/150/top/customer/150_top_6625.png,150__top,0.765862762928009,0.7184000015258789,False
data/processed/cure_crops/150/top/customer/150_top_6626.png,150__top,0.6559388637542725,0.5999600887298584,False
data/processed/cure_crops/150/top/customer/150_top_6627.png,150__top,0.6520421504974365,0.7725130915641785,False
data/processed/cure_crops/150/top/customer/150_top_6628.png,150__top,0.797890305519104,0.8087602257728577,False
data/processed/cure_crops/150/top/customer/150_top_6629.png,150__top,0.8604168891906738,0.7596513032913208,False
data/processed/cure_crops/150/top/customer/150_top_6630.png,150__top,0.5466008186340332,0.798256516456604,False
data/processed/cure_crops/150/top/customer/150_top_6631.png,150__top,0.6220700740814209,0.7204521894454956,False
data/processed/cure_crops/150/top/customer/150_top_6632.png,150__top,0.6251383423805237,0.686083972454071,False
data/processed/cure_crops/150/top/customer/150_top_6633.png,150__top,0.6039708256721497,0.7858704924583435,False
data/processed/cure_crops/151/bottom/customer/151_bottom_6652.png,151__bottom,0.5772843360900879,0.5026490688323975,False
data/processed/cure_crops/151/bottom/customer/151_bottom_6653.png,151__bottom,0.6810847520828247,0.5172882676124573,False
data/processed/cure_crops/151/bottom/customer/151_bottom_6654.png,151__bottom,0.6957650184631348,0.5513920187950134,False
data/processed/cure_crops/151/bottom/customer/151_bottom_6655.png,151__bottom,0.6143577098846436,0.5079549551010132,False
data/processed/cure_crops/151/bottom/customer/151_bottom_6656.png,151__bottom,0.6349566578865051,0.6012179851531982,False
data/processed/cure_crops/151/bottom/customer/151_bottom_6657.png,151__bottom,0.546562910079956,0.63064044713974,False
data/processed/cure_crops/151/bottom/customer/151_bottom_6658.png,151__bottom,0.48417699337005615,0.43774235248565674,False
data/processed/cure_crops/151/bottom/customer/151_bottom_6659.png,151__bottom,0.5192581415176392,0.4209705591201782,False
data/processed/cure_crops/151/bottom/customer/151_bottom_6660.png,151__bottom,0.5099092125892639,0.4178446829319,False
data/processed/cure_crops/151/top/customer/151_top_6643.png,151__top,0.5204588770866394,0.40331584215164185,False
data/processed/cure_crops/151/top/customer/151_top_6644.png,151__top,0.5008869171142578,0.3945847749710083,False
data/processed/cure_crops/151/top/customer/151_top_6645.png,151__top,0.5700554847717285,0.4472038745880127,False
data/processed/cure_crops/151/top/customer/151_top_6646.png,151__top,0.42564159631729126,0.4680037200450897,False
data/processed/cure_crops/151/top/customer/151_top_6647.png,151__top,0.45783185958862305,0.5044882297515869,False
data/processed/cure_crops/151/top/customer/151_top_6648.png,151__top,0.5201252102851868,0.567952573299408,False
data/processed/cure_crops/151/top/customer/151_top_6649.png,151__top,0.5722382664680481,0.4324691891670227,False
data/processed/cure_crops/151/top/customer/151_top_6650.png,151__top,0.4754785895347595,0.41669976711273193,False
data/processed/cure_crops/151/top/customer/151_top_6651.png,151__top,0.49842971563339233,0.39552396535873413,False
data/processed/cure_crops/152/bottom/customer/152_bottom_6681.png,152__bottom,0.6262176632881165,0.5246288776397705,False
data/processed/cure_crops/152/bottom/customer/152_bottom_6682.png,152__bottom,0.5725438594818115,0.509253740310669,False
data/processed/cure_crops/152/bottom/customer/152_bottom_6683.png,152__bottom,0.6340265870094299,0.6755056381225586,False
data/processed/cure_crops/152/bottom/customer/152_bottom_6684.png,152__bottom,0.5437014698982239,0.6677793264389038,False
data/processed/cure_crops/152/bottom/customer/152_bottom_6685.png,152__bottom,0.6511622667312622,0.6339370012283325,False
data/processed/cure_crops/152/bottom/customer/152_bottom_6686.png,152__bottom,0.6243978142738342,0.6379996538162231,False
data/processed/cure_crops/152/bottom/customer/152_bottom_6687.png,152__bottom,0.7126872539520264,0.7988147139549255,False
data/processed/cure_crops/152/bottom/customer/152_bottom_6688.png,152__bottom,0.7369471788406372,0.8673505187034607,False
data/processed/cure_crops/152/bottom/customer/152_bottom_6689.png,152__bottom,0.723188042640686,0.6569921374320984,False
data/processed/cure_crops/152/bottom/customer/152_bottom_6690.png,152__bottom,0.6751048564910889,0.597845733165741,False
data/processed/cure_crops/152/bottom/customer/152_bottom_6691.png,152__bottom,0.6725559234619141,0.5728534460067749,False
data/processed/cure_crops/152/bottom/customer/152_bottom_6692.png,152__bottom,0.6383293271064758,0.5794690847396851,False
data/processed/cure_crops/152/bottom/customer/152_bottom_6693.png,152__bottom,0.6478208899497986,0.5900965929031372,False
data/processed/cure_crops/152/bottom/customer/152_bottom_6694.png,152__bottom,0.644687294960022,0.5138442516326904,False
data/processed/cure_crops/152/bottom/customer/152_bottom_6695.png,152__bottom,0.647698163986206,0.6422419548034668,False
data/processed/cure_crops/152/bottom/customer/152_bottom_6696.png,152__bottom,0.6440966129302979,0.5470536351203918,False
data/processed/cure_crops/152/bottom/customer/152_bottom_6697.png,152__bottom,0.6540089845657349,0.5644831657409668,False
data/processed/cure_crops/152/bottom/customer/152_bottom_6698.png,152__bottom,0.6245428323745728,0.6345331072807312,False
data/processed/cure_crops/152/top/customer/152_top_6661.png,152__top,0.6290268898010254,0.5899204611778259,False
data/processed/cure_crops/152/top/customer/152_top_6662.png,152__top,0.6276755332946777,0.6847467422485352,False
data/processed/cure_crops/152/top/customer/152_top_6663.png,152__top,0.6302030086517334,0.6518690586090088,False
data/processed/cure_crops/152/top/customer/152_top_6664.png,152__top,0.5563846826553345,0.5102716088294983,False
data/processed/cure_crops/152/top/customer/152_top_6665.png,152__top,0.590359091758728,0.6128343343734741,False
data/processed/cure_crops/152/top/customer/152_top_6666.png,152__top,0.48243874311447144,0.6742900609970093,False
data/processed/cure_crops/152/top/customer/152_top_6667.png,152__top,0.5951408743858337,0.6438003778457642,False
data/processed/cure_crops/152/top/customer/152_top_6668.png,152__top,0.5170919895172119,0.6824964880943298,False
data/processed/cure_crops/152/top/customer/152_top_6669.png,152__top,0.5042740702629089,0.6850840449333191,False
data/processed/cure_crops/152/top/customer/152_top_6670.png,152__top,0.5093130469322205,0.7139348387718201,False
data/processed/cure_crops/152/top/customer/152_top_6671.png,152__top,0.5345853567123413,0.6491914987564087,False
data/processed/cure_crops/152/top/customer/152_top_6672.png,152__top,0.5551267862319946,0.5643815994262695,False
data/processed/cure_crops/152/top/customer/152_top_6673.png,152__top,0.5916622877120972,0.5511525869369507,False
data/processed/cure_crops/152/top/customer/152_top_6674.png,152__top,0.5895034074783325,0.5482702851295471,False
data/processed/cure_crops/152/top/customer/152_top_6675.png,152__top,0.6023870706558228,0.580596387386322,False
data/processed/cure_crops/152/top/customer/152_top_6676.png,152__top,0.5851460099220276,0.47967529296875,False
data/processed/cure_crops/152/top/customer/152_top_6677.png,152__top,0.565846860408783,0.5519495010375977,False
data/processed/cure_crops/152/top/customer/152_top_6678.png,152__top,0.534949541091919,0.5554963946342468,False
data/processed/cure_crops/152/top/customer/152_top_6679.png,152__top,0.5726345181465149,0.5866618156433105,False
data/processed/cure_crops/152/top/customer/152_top_6680.png,152__top,0.5867959856987,0.5679256916046143,False
data/processed/cure_crops/153/bottom/customer/153_bottom_6719.png,153__bottom,0.6850221753120422,0.6530189514160156,False
data/processed/cure_crops/153/bottom/customer/153_bottom_6720.png,153__bottom,0.6477491855621338,0.6210349798202515,False
data/processed/cure_crops/153/bottom/customer/153_bottom_6721.png,153__bottom,0.5858491659164429,0.6066539883613586,False
data/processed/cure_crops/153/bottom/customer/153_bottom_6722.png,153__bottom,0.6576747298240662,0.5963247418403625,False
data/processed/cure_crops/153/bottom/customer/153_bottom_6723.png,153__bottom,0.674053430557251,0.5800222158432007,False
data/processed/cure_crops/153/bottom/customer/153_bottom_6724.png,153__bottom,0.6393663883209229,0.6412631869316101,False
data/processed/cure_crops/153/bottom/customer/153_bottom_6725.png,153__bottom,0.7226203083992004,0.7118995189666748,False
data/processed/cure_crops/153/bottom/customer/153_bottom_6726.png,153__bottom,0.7519563436508179,0.744948148727417,False
data/processed/cure_crops/153/bottom/customer/153_bottom_6727.png,153__bottom,0.5849422216415405,0.6875070333480835,False
data/processed/cure_crops/153/bottom/customer/153_bottom_6728.png,153__bottom,0.6565361022949219,0.5364326238632202,False
data/processed/cure_crops/153/bottom/customer/153_bottom_6729.png,153__bottom,0.6647930145263672,0.5529673099517822,False
data/processed/cure_crops/153/bottom/customer/153_bottom_6730.png,153__bottom,0.6630321145057678,0.5870718955993652,False
data/processed/cure_crops/153/bottom/customer/153_bottom_6731.png,153__bottom,0.6682479381561279,0.5515590310096741,False
data/processed/cure_crops/153/bottom/customer/153_bottom_6732.png,153__bottom,0.6408469080924988,0.5446880459785461,False
data/processed/cure_crops/153/bottom/customer/153_bottom_6733.png,153__bottom,0.6740713119506836,0.6958575248718262,False
data/processed/cure_crops/153/bottom/customer/153_bottom_6734.png,153__bottom,0.6556279063224792,0.609557569026947,False
data/processed/cure_crops/153/bottom/customer/153_bottom_6735.png,153__bottom,0.675916314125061,0.5445139408111572,False
data/processed/cure_crops/153/bottom/customer/153_bottom_6736.png,153__bottom,0.6986587643623352,0.7099864482879639,False
data/processed/cure_crops/153/bottom/customer/153_bottom_6737.png,153__bottom,0.682917594909668,0.5234777331352234,False
data/processed/cure_crops/153/bottom/customer/153_bottom_6738.png,153__bottom,0.7120120525360107,0.7133424878120422,False
data/processed/cure_crops/153/bottom/customer/153_bottom_6739.png,153__bottom,0.6864075660705566,0.6518356800079346,False
data/processed/cure_crops/153/bottom/customer/153_bottom_6740.png,153__bottom,0.6515200138092041,0.6683799028396606,False
data/processed/cure_crops/153/top/customer/153_top_6699.png,153__top,0.6552442312240601,0.7957770824432373,False
data/processed/cure_crops/153/top/customer/153_top_6700.png,153__top,0.6885895729064941,0.7952947020530701,False
data/processed/cure_crops/153/top/customer/153_top_6701.png,153__top,0.6734568476676941,0.7497261166572571,False
data/processed/cure_crops/153/top/customer/153_top_6702.png,153__top,0.6814596652984619,0.7805379033088684,False
data/processed/cure_crops/153/top/customer/153_top_6703.png,153__top,0.6350926160812378,0.7380646467208862,False
data/processed/cure_crops/153/top/customer/153_top_6704.png,153__top,0.6867507696151733,0.7592973709106445,False
data/processed/cure_crops/153/top/customer/153_top_6705.png,153__top,0.7690045237541199,0.7815119028091431,False
data/processed/cure_crops/153/top/customer/153_top_6706.png,153__top,0.7781767845153809,0.789752721786499,False
data/processed/cure_crops/153/top/customer/153_top_6707.png,153__top,0.642571210861206,0.6773555278778076,False
data/processed/cure_crops/153/top/customer/153_top_6708.png,153__top,0.7049694061279297,0.6653074622154236,False
data/processed/cure_crops/153/top/customer/153_top_6709.png,153__top,0.7411571741104126,0.525919497013092,False
data/processed/cure_crops/153/top/customer/153_top_6710.png,153__top,0.717024028301239,0.7308847904205322,False
data/processed/cure_crops/153/top/customer/153_top_6711.png,153__top,0.6927658915519714,0.5688856840133667,False
data/processed/cure_crops/153/top/customer/153_top_6712.png,153__top,0.7625826597213745,0.6878147125244141,False
data/processed/cure_crops/153/top/customer/153_top_6713.png,153__top,0.7073869705200195,0.6807399988174438,False
data/processed/cure_crops/153/top/customer/153_top_6714.png,153__top,0.7230771780014038,0.6176517009735107,False
data/processed/cure_crops/153/top/customer/153_top_6715.png,153__top,0.7296505570411682,0.7260407209396362,False
data/processed/cure_crops/153/top/customer/153_top_6716.png,153__top,0.7060295343399048,0.494282066822052,False
data/processed/cure_crops/153/top/customer/153_top_6717.png,153__top,0.7374569773674011,0.7174671292304993,False
data/processed/cure_crops/153/top/customer/153_top_6718.png,153__top,0.6962175369262695,0.6169495582580566,False
data/processed/cure_crops/154/bottom/customer/154_bottom_6764.png,154__bottom,0.7637577652931213,0.8409970998764038,False
data/processed/cure_crops/154/bottom/customer/154_bottom_6765.png,154__bottom,0.729701578617096,0.8138484954833984,False
data/processed/cure_crops/154/bottom/customer/154_bottom_6766.png,154__bottom,0.773747444152832,0.8204148411750793,False
data/processed/cure_crops/154/bottom/customer/154_bottom_6767.png,154__bottom,0.5425957441329956,0.737554669380188,False
data/processed/cure_crops/154/bottom/customer/154_bottom_6768.png,154__bottom,0.5768649578094482,0.7306472659111023,False
data/processed/cure_crops/154/bottom/customer/154_bottom_6769.png,154__bottom,0.5352885127067566,0.7228315472602844,False
data/processed/cure_crops/154/bottom/customer/154_bottom_6770.png,154__bottom,0.6699798107147217,0.8305155038833618,False
data/processed/cure_crops/154/bottom/customer/154_bottom_6771.png,154__bottom,0.5858451128005981,0.7272617816925049,False
data/processed/cure_crops/154/bottom/customer/154_bottom_6772.png,154__bottom,0.6631157398223877,0.8408704400062561,False
data/processed/cure_crops/154/bottom/customer/154_bottom_6773.png,154__bottom,0.7271221280097961,0.7509586215019226,False
data/processed/cure_crops/154/bottom/customer/154_bottom_6774.png,154__bottom,0.7129526138305664,0.6598499417304993,False
data/processed/cure_crops/154/bottom/customer/154_bottom_6775.png,154__bottom,0.6922221779823303,0.5814303755760193,False
data/processed/cure_crops/154/bottom/customer/154_bottom_6776.png,154__bottom,0.6911014914512634,0.5373603701591492,False
data/processed/cure_crops/154/bottom/customer/154_bottom_6777.png,154__bottom,0.6212332248687744,0.5621615648269653,False
data/processed/cure_crops/154/bottom/customer/154_bottom_6778.png,154__bottom,0.736995279788971,0.692733645439148,False
data/processed/cure_crops/154/bottom/customer/154_bottom_6779.png,154__bottom,0.7157195210456848,0.6622827053070068,False
data/processed/cure_crops/154/bottom/customer/154_bottom_6780.png,154__bottom,0.710921049118042,0.5302276611328125,False
data/processed/cure_crops/154/bottom/customer/154_bottom_6781.png,154__bottom,0.730908215045929,0.6397055983543396,False
data/processed/cure_crops/154/bottom/customer/154_bottom_6782.png,154__bottom,0.7116085290908813,0.7205427885055542,False
data/processed/cure_crops/154/bottom/customer/154_bottom_6783.png,154__bottom,0.7298165559768677,0.7801477909088135,False
data/processed/cure_crops/154/bottom/customer/154_bottom_6784.png,154__bottom,0.7471026182174683,0.7376835346221924,False
data/processed/cure_crops/154/bottom/customer/154_bottom_6785.png,154__bottom,0.7465085983276367,0.7894316911697388,False
data/processed/cure_crops/154/bottom/customer/154_bottom_6786.png,154__bottom,0.7211230397224426,0.623448371887207,False
data/processed/cure_crops/154/bottom/customer/154_bottom_6787.png,154__bottom,0.6897022128105164,0.5712335109710693,False
data/processed/cure_crops/154/bottom/customer/154_bottom_6788.png,154__bottom,0.7237969636917114,0.6167827844619751,False
data/processed/cure_crops/154/bottom/customer/154_bottom_6789.png,154__bottom,0.709732174873352,0.5623243451118469,False
data/processed/cure_crops/154/bottom/customer/154_bottom_6790.png,154__bottom,0.7202321290969849,0.7253421545028687,False
data/processed/cure_crops/154/bottom/customer/154_bottom_6791.png,154__bottom,0.7238876223564148,0.7627722024917603,False
data/processed/cure_crops/154/bottom/customer/154_bottom_6792.png,154__bottom,0.7242923974990845,0.752484917640686,False
data/processed/cure_crops/154/bottom/customer/154_bottom_6793.png,154__bottom,0.7139686346054077,0.5773727893829346,False
data/processed/cure_crops/154/bottom/customer/154_bottom_6794.png,154__bottom,0.682652473449707,0.5373861193656921,False
data/processed/cure_crops/154/bottom/customer/154_bottom_6795.png,154__bottom,0.6856518983840942,0.5839909911155701,False
data/processed/cure_crops/154/top/customer/154_top_6741.png,154__top,0.8086837530136108,0.8346235156059265,False
data/processed/cure_crops/154/top/customer/154_top_6742.png,154__top,0.8205409049987793,0.8219311237335205,False
data/processed/cure_crops/154/top/customer/154_top_6743.png,154__top,0.8197187781333923,0.8351626396179199,False
data/processed/cure_crops/154/top/customer/154_top_6744.png,154__top,0.6405879259109497,0.7503625154495239,False
data/processed/cure_crops/154/top/customer/154_top_6745.png,154__top,0.6494889259338379,0.7018219232559204,False
data/processed/cure_crops/154/top/customer/154_top_6746.png,154__top,0.6762622594833374,0.706031084060669,False
data/processed/cure_crops/154/top/customer/154_top_6747.png,154__top,0.681913435459137,0.7466080188751221,False
data/processed/cure_crops/154/top/customer/154_top_6748.png,154__top,0.6582750678062439,0.7281672954559326,False
data/processed/cure_crops/154/top/customer/154_top_6749.png,154__top,0.6686716079711914,0.7689640522003174,False
data/processed/cure_crops/154/top/customer/154_top_6750.png,154__top,0.7429434061050415,0.7438218593597412,False
data/processed/cure_crops/154/top/customer/154_top_6751.png,154__top,0.7092103362083435,0.7086303234100342,False
data/processed/cure_crops/154/top/customer/154_top_6752.png,154__top,0.7311086654663086,0.7036757469177246,False
data/processed/cure_crops/154/top/customer/154_top_6753.png,154__top,0.7287102937698364,0.6759820580482483,False
data/processed/cure_crops/154/top/customer/154_top_6754.png,154__top,0.6525514721870422,0.6734013557434082,False
data/processed/cure_crops/154/top/customer/154_top_6755.png,154__top,0.49689745903015137,0.5771874189376831,False
data/processed/cure_crops/154/top/customer/154_top_6756.png,154__top,0.7437101006507874,0.7603493332862854,False
data/processed/cure_crops/154/top/customer/154_top_6757.png,154__top,0.7396324872970581,0.6835672855377197,False
data/processed/cure_crops/154/top/customer/154_top_6758.png,154__top,0.7237797975540161,0.6863709092140198,False
data/processed/cure_crops/154/top/customer/154_top_6759.png,154__top,0.725380003452301,0.7641434669494629,False
data/processed/cure_crops/154/top/customer/154_top_6760.png,154__top,0.7427419424057007,0.7917564511299133,False
data/processed/cure_crops/154/top/customer/154_top_6761.png,154__top,0.7142585515975952,0.6819697022438049,False
data/processed/cure_crops/154/top/customer/154_top_6762.png,154__top,0.7559264898300171,0.6540447473526001,False
data/processed/cure_crops/154/top/customer/154_top_6763.png,154__top,0.7409732341766357,0.7638153433799744,False
data/processed/cure_crops/155/bottom/customer/155_bottom_6824.png,155__bottom,0.5145165920257568,0.5394734144210815,False
data/processed/cure_crops/155/bottom/customer/155_bottom_6825.png,155__bottom,0.5891118049621582,0.49379292130470276,False
data/processed/cure_crops/155/bottom/customer/155_bottom_6826.png,155__bottom,0.6966149806976318,0.741718590259552,False
data/processed/cure_crops/155/bottom/customer/155_bottom_6827.png,155__bottom,0.7594514489173889,0.641694188117981,False
data/processed/cure_crops/155/bottom/customer/155_bottom_6828.png,155__bottom,0.8436530828475952,0.8432319164276123,False
data/processed/cure_crops/155/bottom/customer/155_bottom_6829.png,155__bottom,0.7997081279754639,0.7850844860076904,False
data/processed/cure_crops/155/bottom/customer/155_bottom_6830.png,155__bottom,0.7203149795532227,0.7050096392631531,False
data/processed/cure_crops/155/bottom/customer/155_bottom_6831.png,155__bottom,0.6748964190483093,0.6538481712341309,False
data/processed/cure_crops/155/bottom/customer/155_bottom_6832.png,155__bottom,0.6579040288925171,0.6792217493057251,False
data/processed/cure_crops/155/bottom/customer/155_bottom_6833.png,155__bottom,0.5005495548248291,0.5907970070838928,False
data/processed/cure_crops/155/bottom/customer/155_bottom_6834.png,155__bottom,0.5843170285224915,0.6061447858810425,False
data/processed/cure_crops/155/bottom/customer/155_bottom_6835.png,155__bottom,0.622073769569397,0.6782373189926147,False
data/processed/cure_crops/155/bottom/customer/155_bottom_6836.png,155__bottom,0.6410040855407715,0.6551722884178162,False
data/processed/cure_crops/155/bottom/customer/155_bottom_6837.png,155__bottom,0.6285607814788818,0.7018672227859497,False
data/processed/cure_crops/155/bottom/customer/155_bottom_6838.png,155__bottom,0.6045307517051697,0.6370540857315063,False
data/processed/cure_crops/155/bottom/customer/155_bottom_6839.png,155__bottom,0.6310061812400818,0.6121722459793091,False
data/processed/cure_crops/155/bottom/customer/155_bottom_6840.png,155__bottom,0.5827682614326477,0.6654664278030396,False
data/processed/cure_crops/155/bottom/customer/155_bottom_6841.png,155__bottom,0.5863714218139648,0.6793419718742371,False
data/processed/cure_crops/155/bottom/customer/155_bottom_6842.png,155__bottom,0.5771961212158203,0.6227185726165771,False
data/processed/cure_crops/155/bottom/customer/155_bottom_6843.png,155__bottom,0.5075422525405884,0.5906078815460205,False
data/processed/cure_crops/155/bottom/customer/155_bottom_6844.png,155__bottom,0.6191081404685974,0.6658310890197754,False
data/processed/cure_crops/155/bottom/customer/155_bottom_6845.png,155__bottom,0.5943220853805542,0.6611329913139343,False
data/processed/cure_crops/155/bottom/customer/155_bottom_6846.png,155__bottom,0.6103599071502686,0.6598589420318604,False
data/processed/cure_crops/155/bottom/customer/155_bottom_6847.png,155__bottom,0.5636860132217407,0.5890696048736572,False
data/processed/cure_crops/155/bottom/customer/155_bottom_6848.png,155__bottom,0.5684899091720581,0.6735328435897827,False
data/processed/cure_crops/155/bottom/customer/155_bottom_6849.png,155__bottom,0.6563600301742554,0.6570923328399658,False
data/processed/cure_crops/155/top/customer/155_top_6796.png,155__top,0.7665076851844788,0.7451866269111633,False
data/processed/cure_crops/155/top/customer/155_top_6797.png,155__top,0.7050279378890991,0.6837018728256226,False
data/processed/cure_crops/155/top/customer/155_top_6798.png,155__top,0.8142304420471191,0.7620052099227905,False
data/processed/cure_crops/155/top/customer/155_top_6799.png,155__top,0.7223104238510132,0.7368404269218445,False
data/processed/cure_crops/155/top/customer/155_top_6800.png,155__top,0.5649142861366272,0.6475765109062195,False
data/processed/cure_crops/155/top/customer/155_top_6801.png,155__top,0.813158392906189,0.7072333097457886,False
data/processed/cure_crops/155/top/customer/155_top_6802.png,155__top,0.7830226421356201,0.6922827959060669,False
data/processed/cure_crops/155/top/customer/155_top_6803.png,155__top,0.7992095947265625,0.6654224991798401,False
data/processed/cure_crops/155/top/customer/155_top_6804.png,155__top,0.8009157180786133,0.7019797563552856,False
data/processed/cure_crops/155/top/customer/155_top_6805.png,155__top,0.8081329464912415,0.694415271282196,False
data/processed/cure_crops/155/top/customer/155_top_6806.png,155__top,0.6531504988670349,0.7187096476554871,False
data/processed/cure_crops/155/top/customer/155_top_6807.png,155__top,0.585882842540741,0.6741702556610107,False
data/processed/cure_crops/155/top/customer/155_top_6808.png,155__top,0.6091721057891846,0.6395858526229858,False
data/processed/cure_crops/155/top/customer/155_top_6809.png,155__top,0.5857436656951904,0.6028693914413452,False
data/processed/cure_crops/155/top/customer/155_top_6810.png,155__top,0.6400484442710876,0.5997331142425537,False
data/processed/cure_crops/155/top/customer/155_top_6811.png,155__top,0.6094093322753906,0.6772217750549316,False
data/processed/cure_crops/155/top/customer/155_top_6812.png,155__top,0.5986155271530151,0.6019899845123291,False
data/processed/cure_crops/155/top/customer/155_top_6813.png,155__top,0.64842689037323,0.6605662107467651,False
data/processed/cure_crops/155/top/customer/155_top_6814.png,155__top,0.6099904775619507,0.5820848941802979,False
data/processed/cure_crops/155/top/customer/155_top_6815.png,155__top,0.5660994648933411,0.6127005815505981,False
data/processed/cure_crops/155/top/customer/155_top_6816.png,155__top,0.6018610000610352,0.6731754541397095,False
data/processed/cure_crops/155/top/customer/155_top_6817.png,155__top,0.6536087989807129,0.632561206817627,False
data/processed/cure_crops/155/top/customer/155_top_6818.png,155__top,0.6450520157814026,0.6790027022361755,False
data/processed/cure_crops/155/top/customer/155_top_6819.png,155__top,0.6259620189666748,0.685177743434906,False
data/processed/cure_crops/155/top/customer/155_top_6820.png,155__top,0.5407633185386658,0.6662005186080933,False
data/processed/cure_crops/155/top/customer/155_top_6821.png,155__top,0.5693450570106506,0.6592528820037842,False
data/processed/cure_crops/155/top/customer/155_top_6822.png,155__top,0.6148306727409363,0.6226052641868591,False
data/processed/cure_crops/155/top/customer/155_top_6823.png,155__top,0.6553179025650024,0.6702386736869812,False
data/processed/cure_crops/156/bottom/customer/156_bottom_6871.png,156__bottom,0.7443535327911377,0.7189237475395203,False
data/processed/cure_crops/156/bottom/customer/156_bottom_6872.png,156__bottom,0.7339154481887817,0.6988186836242676,False
data/processed/cure_crops/156/bottom/customer/156_bottom_6873.png,156__bottom,0.7645514011383057,0.6992988586425781,False
data/processed/cure_crops/156/bottom/customer/156_bottom_6874.png,156__bottom,0.6853786110877991,0.6456490755081177,False
data/processed/cure_crops/156/bottom/customer/156_bottom_6875.png,156__bottom,0.6074209213256836,0.6674222946166992,False
data/processed/cure_crops/156/bottom/customer/156_bottom_6876.png,156__bottom,0.6539701223373413,0.7121238708496094,False
data/processed/cure_crops/156/bottom/customer/156_bottom_6877.png,156__bottom,0.6650749444961548,0.6593472957611084,False
data/processed/cure_crops/156/bottom/customer/156_bottom_6878.png,156__bottom,0.6497679948806763,0.7204399704933167,False
data/processed/cure_crops/156/bottom/customer/156_bottom_6879.png,156__bottom,0.6720218658447266,0.7099323272705078,False
data/processed/cure_crops/156/bottom/customer/156_bottom_6880.png,156__bottom,0.642562747001648,0.6526965498924255,False
data/processed/cure_crops/156/bottom/customer/156_bottom_6881.png,156__bottom,0.6287164688110352,0.609368085861206,False
data/processed/cure_crops/156/bottom/customer/156_bottom_6882.png,156__bottom,0.6364845037460327,0.6402119994163513,False
data/processed/cure_crops/156/bottom/customer/156_bottom_6883.png,156__bottom,0.6330820322036743,0.5937983989715576,False
data/processed/cure_crops/156/bottom/customer/156_bottom_6884.png,156__bottom,0.637040376663208,0.6594032049179077,False
data/processed/cure_crops/156/bottom/customer/156_bottom_6885.png,156__bottom,0.6218019723892212,0.6323537230491638,False
data/processed/cure_crops/156/bottom/customer/156_bottom_6886.png,156__bottom,0.6232550144195557,0.7107846736907959,False
data/processed/cure_crops/156/bottom/customer/156_bottom_6887.png,156__bottom,0.6203985214233398,0.6453094482421875,False
data/processed/cure_crops/156/bottom/customer/156_bottom_6888.png,156__bottom,0.6307999491691589,0.6245331764221191,False
data/processed/cure_crops/156/top/customer/156_top_6850.png,156__top,0.6956948041915894,0.6513177752494812,False
data/processed/cure_crops/156/top/customer/156_top_6851.png,156__top,0.755724310874939,0.7255449295043945,False
data/processed/cure_crops/156/top/customer/156_top_6852.png,156__top,0.7036130428314209,0.7900788187980652,False
data/processed/cure_crops/156/top/customer/156_top_6853.png,156__top,0.6151900887489319,0.6949111223220825,False
data/processed/cure_crops/156/top/customer/156_top_6854.png,156__top,0.6226975917816162,0.6852143406867981,False
data/processed/cure_crops/156/top/customer/156_top_6855.png,156__top,0.6701313257217407,0.6335124969482422,False
data/processed/cure_crops/156/top/customer/156_top_6856.png,156__top,0.7344385385513306,0.6473314166069031,False
data/processed/cure_crops/156/top/customer/156_top_6857.png,156__top,0.7121415138244629,0.67875075340271,False
data/processed/cure_crops/156/top/customer/156_top_6858.png,156__top,0.6597131490707397,0.6931785345077515,False
data/processed/cure_crops/156/top/customer/156_top_6859.png,156__top,0.6799122095108032,0.6441240906715393,False
data/processed/cure_crops/156/top/customer/156_top_6860.png,156__top,0.6723588705062866,0.5770587921142578,False
data/processed/cure_crops/156/top/customer/156_top_6861.png,156__top,0.6457090973854065,0.6026139259338379,False
data/processed/cure_crops/156/top/customer/156_top_6862.png,156__top,0.6697841882705688,0.5851950645446777,False
data/processed/cure_crops/156/top/customer/156_top_6863.png,156__top,0.6701298952102661,0.5754765272140503,False
data/processed/cure_crops/156/top/customer/156_top_6864.png,156__top,0.6262530088424683,0.6673592329025269,False
data/processed/cure_crops/156/top/customer/156_top_6865.png,156__top,0.7051323652267456,0.6397270560264587,False
data/processed/cure_crops/156/top/customer/156_top_6866.png,156__top,0.6986658573150635,0.6523051857948303,False
data/processed/cure_crops/156/top/customer/156_top_6867.png,156__top,0.682105541229248,0.6524989604949951,False
data/processed/cure_crops/156/top/customer/156_top_6868.png,156__top,0.7164953947067261,0.6847208738327026,False
data/processed/cure_crops/156/top/customer/156_top_6869.png,156__top,0.6849424839019775,0.587583065032959,False
data/processed/cure_crops/156/top/customer/156_top_6870.png,156__top,0.6892468929290771,0.6491283178329468,False
data/processed/cure_crops/157/bottom/customer/157_bottom_6914.png,157__bottom,0.7804597616195679,0.7074605226516724,False
data/processed/cure_crops/157/bottom/customer/157_bottom_6915.png,157__bottom,0.7257348299026489,0.6236705183982849,False
data/processed/cure_crops/157/bottom/customer/157_bottom_6916.png,157__bottom,0.7536615133285522,0.659516453742981,False
data/processed/cure_crops/157/bottom/customer/157_bottom_6917.png,157__bottom,0.8103601932525635,0.7801941633224487,False
data/processed/cure_crops/157/bottom/customer/157_bottom_6918.png,157__bottom,0.7909355163574219,0.8104945421218872,False
data/processed/cure_crops/157/bottom/customer/157_bottom_6919.png,157__bottom,0.6567587852478027,0.7659791707992554,False
data/processed/cure_crops/157/bottom/customer/157_bottom_6920.png,157__bottom,0.7302728295326233,0.7449474334716797,False
data/processed/cure_crops/157/bottom/customer/157_bottom_6921.png,157__bottom,0.7064418792724609,0.6101754903793335,False
data/processed/cure_crops/157/bottom/customer/157_bottom_6922.png,157__bottom,0.7223659157752991,0.7032374143600464,False
data/processed/cure_crops/157/bottom/customer/157_bottom_6923.png,157__bottom,0.5964733362197876,0.701574981212616,False
data/processed/cure_crops/157/bottom/customer/157_bottom_6924.png,157__bottom,0.5734113454818726,0.5887696743011475,False
data/processed/cure_crops/157/bottom/customer/157_bottom_6925.png,157__bottom,0.638269305229187,0.7010678648948669,False
data/processed/cure_crops/157/bottom/customer/157_bottom_6926.png,157__bottom,0.6265453100204468,0.7063130140304565,False
data/processed/cure_crops/157/bottom/customer/157_bottom_6927.png,157__bottom,0.6058419346809387,0.6994680166244507,False
data/processed/cure_crops/157/bottom/customer/157_bottom_6928.png,157__bottom,0.6552190780639648,0.6641592383384705,False
data/processed/cure_crops/157/bottom/customer/157_bottom_6929.png,157__bottom,0.6523205041885376,0.6607978940010071,False
data/processed/cure_crops/157/bottom/customer/157_bottom_6930.png,157__bottom,0.595976710319519,0.5805007219314575,False
data/processed/cure_crops/157/bottom/customer/157_bottom_6931.png,157__bottom,0.4801899194717407,0.6056399941444397,False
data/processed/cure_crops/157/bottom/customer/157_bottom_6932.png,157__bottom,0.6387952566146851,0.5980733633041382,False
data/processed/cure_crops/157/bottom/customer/157_bottom_6933.png,157__bottom,0.6436852812767029,0.6667889952659607,False
data/processed/cure_crops/157/bottom/customer/157_bottom_6934.png,157__bottom,0.6566169261932373,0.7018400430679321,False
data/processed/cure_crops/157/top/customer/157_top_6889.png,157__top,0.678020715713501,0.6439403891563416,False
data/processed/cure_crops/157/top/customer/157_top_6890.png,157__top,0.7348300814628601,0.6645940542221069,False
data/processed/cure_crops/157/top/customer/157_top_6891.png,157__top,0.6178538799285889,0.6238583922386169,False
data/processed/cure_crops/157/top/customer/157_top_6892.png,157__top,0.7966490983963013,0.7434266805648804,False
data/processed/cure_crops/157/top/customer/157_top_6893.png,157__top,0.5909076929092407,0.607304573059082,False
data/processed/cure_crops/157/top/customer/157_top_6894.png,157__top,0.6999260783195496,0.6351662874221802,False
data/processed/cure_crops/157/top/customer/157_top_6895.png,157__top,0.7499682903289795,0.5941228866577148,False
data/processed/cure_crops/157/top/customer/157_top_6896.png,157__top,0.7133262157440186,0.639026403427124,False
data/processed/cure_crops/157/top/customer/157_top_6897.png,157__top,0.7903409004211426,0.6214373111724854,False
data/processed/cure_crops/157/top/customer/157_top_6898.png,157__top,0.6383951902389526,0.4499683380126953,False
data/processed/cure_crops/157/top/customer/157_top_6899.png,157__top,0.7242685556411743,0.5788910388946533,False
data/processed/cure_crops/157/top/customer/157_top_6900.png,157__top,0.7161386013031006,0.5053476095199585,False
data/processed/cure_crops/157/top/customer/157_top_6901.png,157__top,0.6645965576171875,0.5607743263244629,False
data/processed/cure_crops/157/top/customer/157_top_6902.png,157__top,0.6331968307495117,0.4586833417415619,False
data/processed/cure_crops/157/top/customer/157_top_6903.png,157__top,0.677324652671814,0.40872275829315186,False
data/processed/cure_crops/157/top/customer/157_top_6904.png,157__top,0.7175339460372925,0.576384425163269,False
data/processed/cure_crops/157/top/customer/157_top_6905.png,157__top,0.5547487139701843,0.3780919909477234,False
data/processed/cure_crops/157/top/customer/157_top_6906.png,157__top,0.6628047227859497,0.5616487264633179,False
data/processed/cure_crops/157/top/customer/157_top_6907.png,157__top,0.7176597118377686,0.5626268982887268,False
data/processed/cure_crops/157/top/customer/157_top_6908.png,157__top,0.7222298383712769,0.5287796258926392,False
data/processed/cure_crops/157/top/customer/157_top_6909.png,157__top,0.7184714674949646,0.46972745656967163,False
data/processed/cure_crops/157/top/customer/157_top_6910.png,157__top,0.7345267534255981,0.5754556655883789,False
data/processed/cure_crops/157/top/customer/157_top_6911.png,157__top,0.6553391218185425,0.4336336851119995,False
data/processed/cure_crops/157/top/customer/157_top_6912.png,157__top,0.6527992486953735,0.5186258554458618,False
data/processed/cure_crops/157/top/customer/157_top_6913.png,157__top,0.6554229259490967,0.4881017208099365,False
data/processed/cure_crops/158/bottom/customer/158_bottom_6957.png,158__bottom,0.6965465545654297,0.6478267908096313,False
data/processed/cure_crops/158/bottom/customer/158_bottom_6958.png,158__bottom,0.6645174026489258,0.6822364926338196,False
data/processed/cure_crops/158/bottom/customer/158_bottom_6959.png,158__bottom,0.7012726068496704,0.7170296907424927,False
data/processed/cure_crops/158/bottom/customer/158_bottom_6960.png,158__bottom,0.6494686603546143,0.564594566822052,False
data/processed/cure_crops/158/bottom/customer/158_bottom_6961.png,158__bottom,0.6499876976013184,0.6164125204086304,False
data/processed/cure_crops/158/bottom/customer/158_bottom_6962.png,158__bottom,0.39120379090309143,0.4473205506801605,False
data/processed/cure_crops/158/bottom/customer/158_bottom_6963.png,158__bottom,0.6280306577682495,0.44862449169158936,False
data/processed/cure_crops/158/bottom/customer/158_bottom_6964.png,158__bottom,0.6713041067123413,0.6054617166519165,False
data/processed/cure_crops/158/bottom/customer/158_bottom_6965.png,158__bottom,0.6036593914031982,0.4460880160331726,False
data/processed/cure_crops/158/bottom/customer/158_bottom_6966.png,158__bottom,0.5659547448158264,0.5168356895446777,False
data/processed/cure_crops/158/bottom/customer/158_bottom_6967.png,158__bottom,0.5387349128723145,0.4223204255104065,False
data/processed/cure_crops/158/bottom/customer/158_bottom_6968.png,158__bottom,0.5292928814888,0.40420499444007874,False
data/processed/cure_crops/158/bottom/customer/158_bottom_6969.png,158__bottom,0.6267517805099487,0.42837321758270264,False
data/processed/cure_crops/158/bottom/customer/158_bottom_6970.png,158__bottom,0.667367696762085,0.4882729649543762,False
data/processed/cure_crops/158/bottom/customer/158_bottom_6971.png,158__bottom,0.5666221380233765,0.5571043491363525,False
data/processed/cure_crops/158/bottom/customer/158_bottom_6972.png,158__bottom,0.6035710573196411,0.43203961849212646,False
data/processed/cure_crops/158/bottom/customer/158_bottom_6973.png,158__bottom,0.6282638311386108,0.47137969732284546,False
data/processed/cure_crops/158/bottom/customer/158_bottom_6974.png,158__bottom,0.5813056230545044,0.5260793566703796,False
data/processed/cure_crops/158/bottom/customer/158_bottom_6975.png,158__bottom,0.6145532727241516,0.5174729228019714,False
data/processed/cure_crops/158/bottom/customer/158_bottom_6976.png,158__bottom,0.5272353887557983,0.5086586475372314,False
data/processed/cure_crops/158/bottom/customer/158_bottom_6977.png,158__bottom,0.5536043643951416,0.5090380907058716,False
data/processed/cure_crops/158/bottom/customer/158_bottom_6978.png,158__bottom,0.6395418047904968,0.43639785051345825,False
data/processed/cure_crops/158/bottom/customer/158_bottom_6979.png,158__bottom,0.6065121293067932,0.5172015428543091,False
data/processed/cure_crops/158/top/customer/158_top_6935.png,158__top,0.5978155732154846,0.442344605922699,False
data/processed/cure_crops/158/top/customer/158_top_6936.png,158__top,0.7023195028305054,0.6449441909790039,False
data/processed/cure_crops/158/top/customer/158_top_6937.png,158__top,0.6200095415115356,0.6430684328079224,False
data/processed/cure_crops/158/top/customer/158_top_6938.png,158__top,0.7050431966781616,0.5943393707275391,False
data/processed/cure_crops/158/top/customer/158_top_6939.png,158__top,0.6135398149490356,0.5634164810180664,False
data/processed/cure_crops/158/top/customer/158_top_6940.png,158__top,0.444829523563385,0.3475147485733032,False
data/processed/cure_crops/158/top/customer/158_top_6941.png,158__top,0.5758812427520752,0.5053117275238037,False
data/processed/cure_crops/158/top/customer/158_top_6942.png,158__top,0.5803025960922241,0.4535271227359772,False
data/processed/cure_crops/158/top/customer/158_top_6943.png,158__top,0.6409993171691895,0.5382395386695862,False
data/processed/cure_crops/158/top/customer/158_top_6944.png,158__top,0.6757029294967651,0.7253473997116089,False
data/processed/cure_crops/158/top/customer/158_top_6945.png,158__top,0.5953391790390015,0.43668118119239807,False
data/processed/cure_crops/158/top/customer/158_top_6946.png,158__top,0.5830997228622437,0.5153123140335083,False
data/processed/cure_crops/158/top/customer/158_top_6947.png,158__top,0.6006565093994141,0.5423070192337036,False
data/processed/cure_crops/158/top/customer/158_top_6948.png,158__top,0.6086301803588867,0.557072639465332,False
data/processed/cure_crops/158/top/customer/158_top_6949.png,158__top,0.5013294219970703,0.5437660217285156,False
data/processed/cure_crops/158/top/customer/158_top_6950.png,158__top,0.564039945602417,0.376381516456604,False
data/processed/cure_crops/158/top/customer/158_top_6951.png,158__top,0.5698586106300354,0.5500948429107666,False
data/processed/cure_crops/158/top/customer/158_top_6952.png,158__top,0.5478509664535522,0.4660989046096802,False
data/processed/cure_crops/158/top/customer/158_top_6953.png,158__top,0.5900102853775024,0.5014746189117432,False
data/processed/cure_crops/158/top/customer/158_top_6954.png,158__top,0.5895178914070129,0.47059035301208496,False
data/processed/cure_crops/158/top/customer/158_top_6955.png,158__top,0.6003699898719788,0.5186472535133362,False
data/processed/cure_crops/158/top/customer/158_top_6956.png,158__top,0.5784063339233398,0.5204240679740906,False
data/processed/cure_crops/159/bottom/customer/159_bottom_7000.png,159__bottom,0.6574084758758545,0.5708180069923401,False
data/processed/cure_crops/159/bottom/customer/159_bottom_7001.png,159__bottom,0.7203242778778076,0.6717214584350586,False
data/processed/cure_crops/159/bottom/customer/159_bottom_7002.png,159__bottom,0.7297602891921997,0.6252698302268982,False
data/processed/cure_crops/159/bottom/customer/159_bottom_7003.png,159__bottom,0.6695242524147034,0.5866356492042542,False
data/processed/cure_crops/159/bottom/customer/159_bottom_7004.png,159__bottom,0.6720574498176575,0.5673558712005615,False
data/processed/cure_crops/159/bottom/customer/159_bottom_7005.png,159__bottom,0.7571777701377869,0.6333591938018799,False
data/processed/cure_crops/159/bottom/customer/159_bottom_7006.png,159__bottom,0.7706018090248108,0.6986377239227295,False
data/processed/cure_crops/159/bottom/customer/159_bottom_7007.png,159__bottom,0.7838807106018066,0.7773877382278442,False
data/processed/cure_crops/159/bottom/customer/159_bottom_7008.png,159__bottom,0.779374897480011,0.7265419960021973,False
data/processed/cure_crops/159/bottom/customer/159_bottom_7009.png,159__bottom,0.7323609590530396,0.6487302184104919,False
data/processed/cure_crops/159/bottom/customer/159_bottom_7010.png,159__bottom,0.6890213489532471,0.7304110527038574,False
data/processed/cure_crops/159/bottom/customer/159_bottom_7011.png,159__bottom,0.6754440069198608,0.5684415102005005,False
data/processed/cure_crops/159/bottom/customer/159_bottom_7012.png,159__bottom,0.7152770161628723,0.6475332975387573,False
data/processed/cure_crops/159/bottom/customer/159_bottom_7013.png,159__bottom,0.6767247319221497,0.7017307281494141,False
data/processed/cure_crops/159/bottom/customer/159_bottom_7014.png,159__bottom,0.7052353620529175,0.7014329433441162,False
data/processed/cure_crops/159/bottom/customer/159_bottom_7015.png,159__bottom,0.6704485416412354,0.5643091797828674,False
data/processed/cure_crops/159/bottom/customer/159_bottom_7016.png,159__bottom,0.6503246426582336,0.7071167230606079,False
data/processed/cure_crops/159/bottom/customer/159_bottom_7017.png,159__bottom,0.6580056548118591,0.6623283624649048,False
data/processed/cure_crops/159/bottom/customer/159_bottom_7018.png,159__bottom,0.6835116744041443,0.7302430272102356,False
data/processed/cure_crops/159/top/customer/159_top_6980.png,159__top,0.7010917067527771,0.7102800607681274,False
data/processed/cure_crops/159/top/customer/159_top_6981.png,159__top,0.8349466919898987,0.7760732173919678,False
data/processed/cure_crops/159/top/customer/159_top_6982.png,159__top,0.7007910013198853,0.7266932725906372,False
data/processed/cure_crops/159/top/customer/159_top_6983.png,159__top,0.8324534893035889,0.8607144355773926,False
data/processed/cure_crops/159/top/customer/159_top_6984.png,159__top,0.6966147422790527,0.8315045833587646,False
data/processed/cure_crops/159/top/customer/159_top_6985.png,159__top,0.62825608253479,0.7705652117729187,False
data/processed/cure_crops/159/top/customer/159_top_6986.png,159__top,0.8468047380447388,0.7930229902267456,False
data/processed/cure_crops/159/top/customer/159_top_6987.png,159__top,0.666690468788147,0.7518844604492188,False
data/processed/cure_crops/159/top/customer/159_top_6988.png,159__top,0.7838289141654968,0.7337392568588257,False
data/processed/cure_crops/159/top/customer/159_top_6989.png,159__top,0.5447161197662354,0.7874721884727478,False
data/processed/cure_crops/159/top/customer/159_top_6990.png,159__top,0.48952338099479675,0.7284523844718933,False
data/processed/cure_crops/159/top/customer/159_top_6991.png,159__top,0.5812952518463135,0.7584776878356934,False
data/processed/cure_crops/159/top/customer/159_top_6992.png,159__top,0.5825390815734863,0.7404406666755676,False
data/processed/cure_crops/159/top/customer/159_top_6993.png,159__top,0.5555928945541382,0.7700067758560181,False
data/processed/cure_crops/159/top/customer/159_top_6994.png,159__top,0.58782559633255,0.6905484199523926,False
data/processed/cure_crops/159/top/customer/159_top_6995.png,159__top,0.49727314710617065,0.7537627220153809,False
data/processed/cure_crops/159/top/customer/159_top_6996.png,159__top,0.5661634206771851,0.7649338841438293,False
data/processed/cure_crops/159/top/customer/159_top_6997.png,159__top,0.5719294548034668,0.7737223505973816,False
data/processed/cure_crops/159/top/customer/159_top_6998.png,159__top,0.5547580122947693,0.7727819681167603,False
data/processed/cure_crops/159/top/customer/159_top_6999.png,159__top,0.6143217086791992,0.7882228493690491,False
data/processed/cure_crops/16/bottom/customer/16_bottom_719.png,16__bottom,0.790809154510498,0.8370752930641174,False
data/processed/cure_crops/16/bottom/customer/16_bottom_720.png,16__bottom,0.6776854395866394,0.7826160788536072,False
data/processed/cure_crops/16/bottom/customer/16_bottom_721.png,16__bottom,0.6796181201934814,0.7907007932662964,False
data/processed/cure_crops/16/bottom/customer/16_bottom_722.png,16__bottom,0.7211779356002808,0.8017913699150085,False
data/processed/cure_crops/16/bottom/customer/16_bottom_723.png,16__bottom,0.6991637945175171,0.7406263947486877,False
data/processed/cure_crops/16/bottom/customer/16_bottom_724.png,16__bottom,0.6795127987861633,0.7109856009483337,False
data/processed/cure_crops/16/bottom/customer/16_bottom_725.png,16__bottom,0.6659008860588074,0.7230072021484375,False
data/processed/cure_crops/16/bottom/customer/16_bottom_726.png,16__bottom,0.50721275806427,0.6714951395988464,False
data/processed/cure_crops/16/bottom/customer/16_bottom_727.png,16__bottom,0.5595162510871887,0.6839535236358643,False
data/processed/cure_crops/16/bottom/customer/16_bottom_728.png,16__bottom,0.5408480167388916,0.718141496181488,False
data/processed/cure_crops/16/bottom/customer/16_bottom_729.png,16__bottom,0.7858226299285889,0.7300814390182495,False
data/processed/cure_crops/16/bottom/customer/16_bottom_730.png,16__bottom,0.6838122010231018,0.6935857534408569,False
data/processed/cure_crops/16/bottom/customer/16_bottom_731.png,16__bottom,0.769292414188385,0.6199002265930176,False
data/processed/cure_crops/16/bottom/customer/16_bottom_732.png,16__bottom,0.7753064632415771,0.6555602550506592,False
data/processed/cure_crops/16/bottom/customer/16_bottom_733.png,16__bottom,0.7614654302597046,0.5409203171730042,False
data/processed/cure_crops/16/bottom/customer/16_bottom_734.png,16__bottom,0.7858521938323975,0.6533764600753784,False
data/processed/cure_crops/16/bottom/customer/16_bottom_735.png,16__bottom,0.6384282112121582,0.6813672780990601,False
data/processed/cure_crops/16/bottom/customer/16_bottom_736.png,16__bottom,0.7760009765625,0.7116975784301758,False
data/processed/cure_crops/16/bottom/customer/16_bottom_737.png,16__bottom,0.6628571152687073,0.7425017356872559,False
data/processed/cure_crops/16/bottom/customer/16_bottom_738.png,16__bottom,0.7605181932449341,0.6117984056472778,False
data/processed/cure_crops/16/top/customer/16_top_698.png,16__top,0.850435197353363,0.8494523167610168,False
data/processed/cure_crops/16/top/customer/16_top_699.png,16__top,0.8059132695198059,0.8523485660552979,False
data/processed/cure_crops/16/top/customer/16_top_700.png,16__top,0.7942779064178467,0.8207693099975586,False
data/processed/cure_crops/16/top/customer/16_top_701.png,16__top,0.8364949226379395,0.8368204832077026,False
data/processed/cure_crops/16/top/customer/16_top_702.png,16__top,0.7920810580253601,0.8235940933227539,False
data/processed/cure_crops/16/top/customer/16_top_703.png,16__top,0.7890551686286926,0.826125979423523,False
data/processed/cure_crops/16/top/customer/16_top_704.png,16__top,0.7961016297340393,0.7798974514007568,False
data/processed/cure_crops/16/top/customer/16_top_705.png,16__top,0.669106125831604,0.7484846115112305,False
data/processed/cure_crops/16/top/customer/16_top_706.png,16__top,0.6199849843978882,0.7558485865592957,False
data/processed/cure_crops/16/top/customer/16_top_707.png,16__top,0.659806489944458,0.7476263642311096,False
data/processed/cure_crops/16/top/customer/16_top_708.png,16__top,0.861174464225769,0.7576276659965515,False
data/processed/cure_crops/16/top/customer/16_top_709.png,16__top,0.8444420695304871,0.7286757230758667,False
data/processed/cure_crops/16/top/customer/16_top_710.png,16__top,0.8310304880142212,0.637097954750061,False
data/processed/cure_crops/16/top/customer/16_top_711.png,16__top,0.8151605129241943,0.7209850549697876,False
data/processed/cure_crops/16/top/customer/16_top_712.png,16__top,0.8555291295051575,0.6159517168998718,False
data/processed/cure_crops/16/top/customer/16_top_713.png,16__top,0.7711396217346191,0.6671047806739807,False
data/processed/cure_crops/16/top/customer/16_top_714.png,16__top,0.815672755241394,0.6847493648529053,False
data/processed/cure_crops/16/top/customer/16_top_715.png,16__top,0.7600827217102051,0.7055374383926392,False
data/processed/cure_crops/16/top/customer/16_top_716.png,16__top,0.8600190281867981,0.7535381317138672,False
data/processed/cure_crops/16/top/customer/16_top_717.png,16__top,0.8402104377746582,0.5980673432350159,False
data/processed/cure_crops/16/top/customer/16_top_718.png,16__top,0.7901196479797363,0.633787989616394,False
data/processed/cure_crops/160/bottom/customer/160_bottom_7040.png,160__bottom,0.769878625869751,0.656897783279419,False
data/processed/cure_crops/160/bottom/customer/160_bottom_7041.png,160__bottom,0.719681441783905,0.5738699436187744,False
data/processed/cure_crops/160/bottom/customer/160_bottom_7042.png,160__bottom,0.7491886615753174,0.7052907943725586,False
data/processed/cure_crops/160/bottom/customer/160_bottom_7043.png,160__bottom,0.6900712251663208,0.5506334900856018,False
data/processed/cure_crops/160/bottom/customer/160_bottom_7044.png,160__bottom,0.699926495552063,0.6798417568206787,False
data/processed/cure_crops/160/bottom/customer/160_bottom_7045.png,160__bottom,0.7077284455299377,0.6978380680084229,False
data/processed/cure_crops/160/bottom/customer/160_bottom_7046.png,160__bottom,0.6774731278419495,0.7493032813072205,False
data/processed/cure_crops/160/bottom/customer/160_bottom_7047.png,160__bottom,0.7918881177902222,0.7732913494110107,False
data/processed/cure_crops/160/bottom/customer/160_bottom_7048.png,160__bottom,0.8061295747756958,0.7903743982315063,False
data/processed/cure_crops/160/bottom/customer/160_bottom_7049.png,160__bottom,0.7206969261169434,0.7125543355941772,False
data/processed/cure_crops/160/bottom/customer/160_bottom_7050.png,160__bottom,0.6860445141792297,0.6840070486068726,False
data/processed/cure_crops/160/bottom/customer/160_bottom_7051.png,160__bottom,0.673005998134613,0.7091453671455383,False
data/processed/cure_crops/160/bottom/customer/160_bottom_7052.png,160__bottom,0.6812410354614258,0.6522363424301147,False
data/processed/cure_crops/160/bottom/customer/160_bottom_7053.png,160__bottom,0.6539589762687683,0.7144767045974731,False
data/processed/cure_crops/160/bottom/customer/160_bottom_7054.png,160__bottom,0.6847057342529297,0.6762053966522217,False
data/processed/cure_crops/160/bottom/customer/160_bottom_7055.png,160__bottom,0.7018579244613647,0.7446166276931763,False
data/processed/cure_crops/160/bottom/customer/160_bottom_7056.png,160__bottom,0.6127560138702393,0.7278180718421936,False
data/processed/cure_crops/160/top/customer/160_top_7019.png,160__top,0.725517988204956,0.7753589749336243,False
data/processed/cure_crops/160/top/customer/160_top_7020.png,160__top,0.8172873854637146,0.872386634349823,False
data/processed/cure_crops/160/top/customer/160_top_7021.png,160__top,0.5220608711242676,0.6667883396148682,False
data/processed/cure_crops/160/top/customer/160_top_7022.png,160__top,0.6802537441253662,0.752605676651001,False
data/processed/cure_crops/160/top/customer/160_top_7023.png,160__top,0.6720232963562012,0.6782559156417847,False
data/processed/cure_crops/160/top/customer/160_top_7024.png,160__top,0.6676317453384399,0.7344736456871033,False
data/processed/cure_crops/160/top/customer/160_top_7025.png,160__top,0.6647136211395264,0.7194290161132812,False
data/processed/cure_crops/160/top/customer/160_top_7026.png,160__top,0.7038838863372803,0.8096103668212891,False
data/processed/cure_crops/160/top/customer/160_top_7027.png,160__top,0.6951658725738525,0.7269347906112671,False
data/processed/cure_crops/160/top/customer/160_top_7028.png,160__top,0.5374829769134521,0.5942298173904419,False
data/processed/cure_crops/160/top/customer/160_top_7029.png,160__top,0.5569146275520325,0.5966195464134216,False
data/processed/cure_crops/160/top/customer/160_top_7030.png,160__top,0.49434226751327515,0.37341687083244324,False
data/processed/cure_crops/160/top/customer/160_top_7031.png,160__top,0.49738481640815735,0.44754084944725037,False
data/processed/cure_crops/160/top/customer/160_top_7032.png,160__top,0.5776647329330444,0.629241943359375,False
data/processed/cure_crops/160/top/customer/160_top_7033.png,160__top,0.4202122688293457,0.5098117589950562,False
data/processed/cure_crops/160/top/customer/160_top_7034.png,160__top,0.5884436964988708,0.6064653992652893,False
data/processed/cure_crops/160/top/customer/160_top_7035.png,160__top,0.5862551927566528,0.6486167907714844,False
data/processed/cure_crops/160/top/customer/160_top_7036.png,160__top,0.49821823835372925,0.5814824104309082,False
data/processed/cure_crops/160/top/customer/160_top_7037.png,160__top,0.5085639953613281,0.6014785766601562,False
data/processed/cure_crops/160/top/customer/160_top_7038.png,160__top,0.5793285369873047,0.6318506002426147,False
data/processed/cure_crops/160/top/customer/160_top_7039.png,160__top,0.5606998205184937,0.5520617961883545,False
data/processed/cure_crops/161/bottom/customer/161_bottom_7079.png,161__bottom,0.7959038019180298,0.6500102281570435,False
data/processed/cure_crops/161/bottom/customer/161_bottom_7080.png,161__bottom,0.7741140723228455,0.6483913660049438,False
data/processed/cure_crops/161/bottom/customer/161_bottom_7081.png,161__bottom,0.7797942161560059,0.7316972017288208,False
data/processed/cure_crops/161/bottom/customer/161_bottom_7082.png,161__bottom,0.6797152161598206,0.64544278383255,False
data/processed/cure_crops/161/bottom/customer/161_bottom_7083.png,161__bottom,0.5478931665420532,0.6354758739471436,False
data/processed/cure_crops/161/bottom/customer/161_bottom_7084.png,161__bottom,0.5542168617248535,0.6017169952392578,False
data/processed/cure_crops/161/bottom/customer/161_bottom_7085.png,161__bottom,0.7643032073974609,0.7746846079826355,False
data/processed/cure_crops/161/bottom/customer/161_bottom_7086.png,161__bottom,0.6997425556182861,0.8695288896560669,False
data/processed/cure_crops/161/bottom/customer/161_bottom_7087.png,161__bottom,0.7767328023910522,0.7865660786628723,False
data/processed/cure_crops/161/bottom/customer/161_bottom_7088.png,161__bottom,0.758145272731781,0.7437168955802917,False
data/processed/cure_crops/161/bottom/customer/161_bottom_7089.png,161__bottom,0.7554793357849121,0.7258868217468262,False
data/processed/cure_crops/161/bottom/customer/161_bottom_7090.png,161__bottom,0.7573809027671814,0.7834433317184448,False
data/processed/cure_crops/161/bottom/customer/161_bottom_7091.png,161__bottom,0.7345857620239258,0.681663990020752,False
data/processed/cure_crops/161/bottom/customer/161_bottom_7092.png,161__bottom,0.7735949158668518,0.7940478324890137,False
data/processed/cure_crops/161/bottom/customer/161_bottom_7093.png,161__bottom,0.7347552180290222,0.7668026685714722,False
data/processed/cure_crops/161/bottom/customer/161_bottom_7094.png,161__bottom,0.7270569205284119,0.6823260188102722,False
data/processed/cure_crops/161/bottom/customer/161_bottom_7095.png,161__bottom,0.7167329788208008,0.6712449789047241,False
data/processed/cure_crops/161/bottom/customer/161_bottom_7096.png,161__bottom,0.7283693552017212,0.7622848749160767,False
data/processed/cure_crops/161/bottom/customer/161_bottom_7097.png,161__bottom,0.6944336891174316,0.7310889959335327,False
data/processed/cure_crops/161/bottom/customer/161_bottom_7098.png,161__bottom,0.7781354784965515,0.7940608263015747,False
data/processed/cure_crops/161/top/customer/161_top_7057.png,161__top,0.7000797390937805,0.6568446159362793,False
data/processed/cure_crops/161/top/customer/161_top_7058.png,161__top,0.5631988048553467,0.5691307783126831,False
data/processed/cure_crops/161/top/customer/161_top_7059.png,161__top,0.6734351515769958,0.6804938316345215,False
data/processed/cure_crops/161/top/customer/161_top_7060.png,161__top,0.678412675857544,0.572938084602356,False
data/processed/cure_crops/161/top/customer/161_top_7061.png,161__top,0.5742719173431396,0.589464545249939,False
data/processed/cure_crops/161/top/customer/161_top_7062.png,161__top,0.6314889788627625,0.6305088996887207,False
data/processed/cure_crops/161/top/customer/161_top_7063.png,161__top,0.6272861361503601,0.6170546412467957,False
data/processed/cure_crops/161/top/customer/161_top_7064.png,161__top,0.7073661088943481,0.660559356212616,False
data/processed/cure_crops/161/top/customer/161_top_7065.png,161__top,0.6654360890388489,0.6367881298065186,False
data/processed/cure_crops/161/top/customer/161_top_7066.png,161__top,0.490560919046402,0.5197335481643677,False
data/processed/cure_crops/161/top/customer/161_top_7067.png,161__top,0.515303909778595,0.5761955976486206,False
data/processed/cure_crops/161/top/customer/161_top_7068.png,161__top,0.521929919719696,0.607367753982544,False
data/processed/cure_crops/161/top/customer/161_top_7069.png,161__top,0.5239371657371521,0.5821348428726196,False
data/processed/cure_crops/161/top/customer/161_top_7070.png,161__top,0.5103702545166016,0.5222039222717285,False
data/processed/cure_crops/161/top/customer/161_top_7071.png,161__top,0.4911312162876129,0.6061455011367798,False
data/processed/cure_crops/161/top/customer/161_top_7072.png,161__top,0.5178281664848328,0.5458953380584717,False
data/processed/cure_crops/161/top/customer/161_top_7073.png,161__top,0.5480194091796875,0.5582458972930908,False
data/processed/cure_crops/161/top/customer/161_top_7074.png,161__top,0.5327760577201843,0.5289525985717773,False
data/processed/cure_crops/161/top/customer/161_top_7075.png,161__top,0.4784957468509674,0.48116642236709595,False
data/processed/cure_crops/161/top/customer/161_top_7076.png,161__top,0.5300977230072021,0.5510390996932983,False
data/processed/cure_crops/161/top/customer/161_top_7077.png,161__top,0.49207788705825806,0.4621657133102417,False
data/processed/cure_crops/161/top/customer/161_top_7078.png,161__top,0.5448743104934692,0.5746676325798035,False
data/processed/cure_crops/162/bottom/customer/162_bottom_7120.png,162__bottom,0.6723777055740356,0.6632941961288452,False
data/processed/cure_crops/162/bottom/customer/162_bottom_7121.png,162__bottom,0.6640801429748535,0.7042064070701599,False
data/processed/cure_crops/162/bottom/customer/162_bottom_7122.png,162__bottom,0.6136927008628845,0.6731324791908264,False
data/processed/cure_crops/162/bottom/customer/162_bottom_7123.png,162__bottom,0.6506782174110413,0.7180875539779663,False
data/processed/cure_crops/162/bottom/customer/162_bottom_7124.png,162__bottom,0.6480536460876465,0.6763583421707153,False
data/processed/cure_crops/162/bottom/customer/162_bottom_7125.png,162__bottom,0.7073211073875427,0.720134973526001,False
data/processed/cure_crops/162/bottom/customer/162_bottom_7126.png,162__bottom,0.7041693329811096,0.6684300899505615,False
data/processed/cure_crops/162/bottom/customer/162_bottom_7127.png,162__bottom,0.8616312742233276,0.8471889495849609,False
data/processed/cure_crops/162/bottom/customer/162_bottom_7128.png,162__bottom,0.7391102910041809,0.7423096895217896,False
data/processed/cure_crops/162/bottom/customer/162_bottom_7129.png,162__bottom,0.7081383466720581,0.632439374923706,False
data/processed/cure_crops/162/bottom/customer/162_bottom_7130.png,162__bottom,0.7141386270523071,0.6309426426887512,False
data/processed/cure_crops/162/bottom/customer/162_bottom_7131.png,162__bottom,0.7012076377868652,0.6466227769851685,False
data/processed/cure_crops/162/bottom/customer/162_bottom_7132.png,162__bottom,0.672252893447876,0.6318484544754028,False
data/processed/cure_crops/162/bottom/customer/162_bottom_7133.png,162__bottom,0.6537523865699768,0.6442334055900574,False
data/processed/cure_crops/162/bottom/customer/162_bottom_7134.png,162__bottom,0.5831751823425293,0.5466635227203369,False
data/processed/cure_crops/162/bottom/customer/162_bottom_7135.png,162__bottom,0.6967126131057739,0.6412824392318726,False
data/processed/cure_crops/162/bottom/customer/162_bottom_7136.png,162__bottom,0.7126436233520508,0.7031737565994263,False
data/processed/cure_crops/162/bottom/customer/162_bottom_7137.png,162__bottom,0.658202052116394,0.6136265397071838,False
data/processed/cure_crops/162/bottom/customer/162_bottom_7138.png,162__bottom,0.7198957204818726,0.7058407068252563,False
data/processed/cure_crops/162/top/customer/162_top_7099.png,162__top,0.7661055326461792,0.8148601055145264,False
data/processed/cure_crops/162/top/customer/162_top_7100.png,162__top,0.665339469909668,0.7349289655685425,False
data/processed/cure_crops/162/top/customer/162_top_7101.png,162__top,0.7833077907562256,0.8007339239120483,False
data/processed/cure_crops/162/top/customer/162_top_7102.png,162__top,0.6416352987289429,0.731360912322998,False
data/processed/cure_crops/162/top/customer/162_top_7103.png,162__top,0.8674084544181824,0.9002373814582825,False
data/processed/cure_crops/162/top/customer/162_top_7104.png,162__top,0.6310668587684631,0.7665166854858398,False
data/processed/cure_crops/162/top/customer/162_top_7105.png,162__top,0.578240156173706,0.6755024194717407,False
data/processed/cure_crops/162/top/customer/162_top_7106.png,162__top,0.708288311958313,0.714907705783844,False
data/processed/cure_crops/162/top/customer/162_top_7107.png,162__top,0.5697624683380127,0.7158284783363342,False
data/processed/cure_crops/162/top/customer/162_top_7108.png,162__top,0.6276729106903076,0.5296358466148376,False
data/processed/cure_crops/162/top/customer/162_top_7109.png,162__top,0.5929040908813477,0.6219395399093628,False
data/processed/cure_crops/162/top/customer/162_top_7110.png,162__top,0.6493031978607178,0.5772579908370972,False
data/processed/cure_crops/162/top/customer/162_top_7111.png,162__top,0.6646280288696289,0.6371350288391113,False
data/processed/cure_crops/162/top/customer/162_top_7112.png,162__top,0.6548450589179993,0.5786489248275757,False
data/processed/cure_crops/162/top/customer/162_top_7113.png,162__top,0.5850331783294678,0.6573725342750549,False
data/processed/cure_crops/162/top/customer/162_top_7114.png,162__top,0.7680319547653198,0.7150305509567261,False
data/processed/cure_crops/162/top/customer/162_top_7115.png,162__top,0.6453756093978882,0.5447397232055664,False
data/processed/cure_crops/162/top/customer/162_top_7116.png,162__top,0.5448322892189026,0.5672110915184021,False
data/processed/cure_crops/162/top/customer/162_top_7117.png,162__top,0.7500653266906738,0.7095530033111572,False
data/processed/cure_crops/162/top/customer/162_top_7118.png,162__top,0.6037839651107788,0.5532397031784058,False
data/processed/cure_crops/162/top/customer/162_top_7119.png,162__top,0.6370689868927002,0.5028918981552124,False
data/processed/cure_crops/163/bottom/customer/163_bottom_7162.png,163__bottom,0.6933022737503052,0.8498845100402832,False
data/processed/cure_crops/163/bottom/customer/163_bottom_7163.png,163__bottom,0.62254399061203,0.6545438766479492,False
data/processed/cure_crops/163/bottom/customer/163_bottom_7164.png,163__bottom,0.6600956916809082,0.8114068508148193,False
data/processed/cure_crops/163/bottom/customer/163_bottom_7165.png,163__bottom,0.6019328832626343,0.7821674942970276,False
data/processed/cure_crops/163/bottom/customer/163_bottom_7166.png,163__bottom,0.4548601508140564,0.7758250832557678,False
data/processed/cure_crops/163/bottom/customer/163_bottom_7167.png,163__bottom,0.6106750965118408,0.7944058179855347,False
data/processed/cure_crops/163/bottom/customer/163_bottom_7168.png,163__bottom,0.6223894357681274,0.7043543457984924,False
data/processed/cure_crops/163/bottom/customer/163_bottom_7169.png,163__bottom,0.4959903359413147,0.7981038689613342,False
data/processed/cure_crops/163/bottom/customer/163_bottom_7170.png,163__bottom,0.5726436376571655,0.7942330241203308,False
data/processed/cure_crops/163/bottom/customer/163_bottom_7171.png,163__bottom,0.5525220632553101,0.3578895926475525,False
data/processed/cure_crops/163/bottom/customer/163_bottom_7172.png,163__bottom,0.5424379110336304,0.476159006357193,False
data/processed/cure_crops/163/bottom/customer/163_bottom_7173.png,163__bottom,0.5459211468696594,0.4895824193954468,False
data/processed/cure_crops/163/bottom/customer/163_bottom_7174.png,163__bottom,0.5996562838554382,0.5473570227622986,False
data/processed/cure_crops/163/bottom/customer/163_bottom_7175.png,163__bottom,0.5642650127410889,0.4299982190132141,False
data/processed/cure_crops/163/bottom/customer/163_bottom_7176.png,163__bottom,0.549915075302124,0.5280721187591553,False
data/processed/cure_crops/163/bottom/customer/163_bottom_7177.png,163__bottom,0.5633180141448975,0.5068304538726807,False
data/processed/cure_crops/163/bottom/customer/163_bottom_7178.png,163__bottom,0.5764321088790894,0.4346199631690979,False
data/processed/cure_crops/163/bottom/customer/163_bottom_7179.png,163__bottom,0.4041108191013336,0.36170899868011475,False
data/processed/cure_crops/163/bottom/customer/163_bottom_7180.png,163__bottom,0.547697901725769,0.4087279438972473,False
data/processed/cure_crops/163/bottom/customer/163_bottom_7181.png,163__bottom,0.589770495891571,0.43875470757484436,False
data/processed/cure_crops/163/bottom/customer/163_bottom_7182.png,163__bottom,0.5595747232437134,0.3732241690158844,False
data/processed/cure_crops/163/top/customer/163_top_7139.png,163__top,0.7209718227386475,0.8397295475006104,False
data/processed/cure_crops/163/top/customer/163_top_7140.png,163__top,0.6749697923660278,0.6853700280189514,False
data/processed/cure_crops/163/top/customer/163_top_7141.png,163__top,0.6917135715484619,0.8095071911811829,False
data/processed/cure_crops/163/top/customer/163_top_7142.png,163__top,0.6405644416809082,0.7982842922210693,False
data/processed/cure_crops/163/top/customer/163_top_7143.png,163__top,0.7551888823509216,0.8208035230636597,False
data/processed/cure_crops/163/top/customer/163_top_7144.png,163__top,0.6929908990859985,0.8239830732345581,False
data/processed/cure_crops/163/top/customer/163_top_7145.png,163__top,0.7368814945220947,0.7954045534133911,False
data/processed/cure_crops/163/top/customer/163_top_7146.png,163__top,0.7736592292785645,0.7775518894195557,False
data/processed/cure_crops/163/top/customer/163_top_7147.png,163__top,0.7745308876037598,0.8109402656555176,False
data/processed/cure_crops/163/top/customer/163_top_7148.png,163__top,0.6897023916244507,0.6141408681869507,False
data/processed/cure_crops/163/top/customer/163_top_7149.png,163__top,0.6712989211082458,0.551072895526886,False
data/processed/cure_crops/163/top/customer/163_top_7150.png,163__top,0.713660478591919,0.6023032665252686,False
data/processed/cure_crops/163/top/customer/163_top_7151.png,163__top,0.6726870536804199,0.5544878244400024,False
data/processed/cure_crops/163/top/customer/163_top_7152.png,163__top,0.6284829378128052,0.6254128217697144,False
data/processed/cure_crops/163/top/customer/163_top_7153.png,163__top,0.6386426687240601,0.5157219171524048,False
data/processed/cure_crops/163/top/customer/163_top_7154.png,163__top,0.4651116728782654,0.337737500667572,False
data/processed/cure_crops/163/top/customer/163_top_7155.png,163__top,0.691227912902832,0.5915653705596924,False
data/processed/cure_crops/163/top/customer/163_top_7156.png,163__top,0.6873765587806702,0.6221514344215393,False
data/processed/cure_crops/163/top/customer/163_top_7157.png,163__top,0.643774151802063,0.48684296011924744,False
data/processed/cure_crops/163/top/customer/163_top_7158.png,163__top,0.6748025417327881,0.5647459030151367,False
data/processed/cure_crops/163/top/customer/163_top_7159.png,163__top,0.703507125377655,0.601584792137146,False
data/processed/cure_crops/163/top/customer/163_top_7160.png,163__top,0.6952352523803711,0.5229862332344055,False
data/processed/cure_crops/163/top/customer/163_top_7161.png,163__top,0.6861226558685303,0.5408200025558472,False
data/processed/cure_crops/164/bottom/customer/164_bottom_7204.png,164__bottom,0.7114189863204956,0.6157326698303223,False
data/processed/cure_crops/164/bottom/customer/164_bottom_7205.png,164__bottom,0.7389006614685059,0.6434656977653503,False
data/processed/cure_crops/164/bottom/customer/164_bottom_7206.png,164__bottom,0.7644511461257935,0.7092207670211792,False
data/processed/cure_crops/164/bottom/customer/164_bottom_7207.png,164__bottom,0.727381706237793,0.5979533791542053,False
data/processed/cure_crops/164/bottom/customer/164_bottom_7208.png,164__bottom,0.7478095889091492,0.6822510957717896,False
data/processed/cure_crops/164/bottom/customer/164_bottom_7209.png,164__bottom,0.702561616897583,0.7086345553398132,False
data/processed/cure_crops/164/bottom/customer/164_bottom_7210.png,164__bottom,0.7356722354888916,0.6575814485549927,False
data/processed/cure_crops/164/bottom/customer/164_bottom_7211.png,164__bottom,0.6858353614807129,0.6621497273445129,False
data/processed/cure_crops/164/bottom/customer/164_bottom_7212.png,164__bottom,0.6949996948242188,0.6349272131919861,False
data/processed/cure_crops/164/bottom/customer/164_bottom_7213.png,164__bottom,0.49481451511383057,0.35489702224731445,False
data/processed/cure_crops/164/bottom/customer/164_bottom_7214.png,164__bottom,0.5743162631988525,0.3680233657360077,False
data/processed/cure_crops/164/bottom/customer/164_bottom_7215.png,164__bottom,0.5863338708877563,0.26190322637557983,False
data/processed/cure_crops/164/bottom/customer/164_bottom_7216.png,164__bottom,0.576646089553833,0.28695687651634216,False
data/processed/cure_crops/164/bottom/customer/164_bottom_7217.png,164__bottom,0.6761215329170227,0.47776466608047485,False
data/processed/cure_crops/164/bottom/customer/164_bottom_7218.png,164__bottom,0.5477859973907471,0.3221093714237213,False
data/processed/cure_crops/164/bottom/customer/164_bottom_7219.png,164__bottom,0.6027437448501587,0.36544233560562134,False
data/processed/cure_crops/164/bottom/customer/164_bottom_7220.png,164__bottom,0.5864818096160889,0.30910855531692505,False
data/processed/cure_crops/164/bottom/customer/164_bottom_7221.png,164__bottom,0.611840546131134,0.3627350628376007,False
data/processed/cure_crops/164/bottom/customer/164_bottom_7222.png,164__bottom,0.6309298872947693,0.4794263541698456,False
data/processed/cure_crops/164/bottom/customer/164_bottom_7223.png,164__bottom,0.5208430290222168,0.39103028178215027,False
data/processed/cure_crops/164/bottom/customer/164_bottom_7224.png,164__bottom,0.4550638496875763,0.29550063610076904,False
data/processed/cure_crops/164/top/customer/164_top_7183.png,164__top,0.6222262382507324,0.7326276302337646,False
data/processed/cure_crops/164/top/customer/164_top_7184.png,164__top,0.5602331757545471,0.6318169832229614,False
data/processed/cure_crops/164/top/customer/164_top_7185.png,164__top,0.6359894871711731,0.6668002605438232,False
data/processed/cure_crops/164/top/customer/164_top_7186.png,164__top,0.6808359026908875,0.7732291221618652,False
data/processed/cure_crops/164/top/customer/164_top_7187.png,164__top,0.6462811231613159,0.6458101272583008,False
data/processed/cure_crops/164/top/customer/164_top_7188.png,164__top,0.6582801342010498,0.7276523113250732,False
data/processed/cure_crops/164/top/customer/164_top_7189.png,164__top,0.6894336938858032,0.6816154718399048,False
data/processed/cure_crops/164/top/customer/164_top_7190.png,164__top,0.7445944547653198,0.7225174903869629,False
data/processed/cure_crops/164/top/customer/164_top_7191.png,164__top,0.7436193227767944,0.7335857152938843,False
data/processed/cure_crops/164/top/customer/164_top_7192.png,164__top,0.4353187680244446,0.5400623083114624,False
data/processed/cure_crops/164/top/customer/164_top_7193.png,164__top,0.3198661804199219,0.3334471583366394,False
data/processed/cure_crops/164/top/customer/164_top_7194.png,164__top,0.47486621141433716,0.44318610429763794,False
data/processed/cure_crops/164/top/customer/164_top_7195.png,164__top,0.502913236618042,0.4576597511768341,False
data/processed/cure_crops/164/top/customer/164_top_7196.png,164__top,0.46172991394996643,0.3793504238128662,False
data/processed/cure_crops/164/top/customer/164_top_7197.png,164__top,0.5380854606628418,0.49524831771850586,False
data/processed/cure_crops/164/top/customer/164_top_7198.png,164__top,0.48579639196395874,0.29471567273139954,False
data/processed/cure_crops/164/top/customer/164_top_7199.png,164__top,0.5284692049026489,0.41440749168395996,False
data/processed/cure_crops/164/top/customer/164_top_7200.png,164__top,0.5056880712509155,0.319946825504303,False
data/processed/cure_crops/164/top/customer/164_top_7201.png,164__top,0.5150718688964844,0.5746337175369263,False
data/processed/cure_crops/164/top/customer/164_top_7202.png,164__top,0.4595872759819031,0.3904683589935303,False
data/processed/cure_crops/164/top/customer/164_top_7203.png,164__top,0.5312260389328003,0.4661940932273865,False
data/processed/cure_crops/165/bottom/customer/165_bottom_7248.png,165__bottom,0.616612434387207,0.7518326044082642,False
data/processed/cure_crops/165/bottom/customer/165_bottom_7249.png,165__bottom,0.6360914707183838,0.749564528465271,False
data/processed/cure_crops/165/bottom/customer/165_bottom_7250.png,165__bottom,0.6465825438499451,0.7445603609085083,False
data/processed/cure_crops/165/bottom/customer/165_bottom_7251.png,165__bottom,0.5115679502487183,0.4993720054626465,False
data/processed/cure_crops/165/bottom/customer/165_bottom_7252.png,165__bottom,0.6457374691963196,0.5819326639175415,False
data/processed/cure_crops/165/bottom/customer/165_bottom_7253.png,165__bottom,0.5345257520675659,0.594205379486084,False
data/processed/cure_crops/165/bottom/customer/165_bottom_7255.png,165__bottom,0.7254989147186279,0.7820538282394409,False
data/processed/cure_crops/165/bottom/customer/165_bottom_7256.png,165__bottom,0.5948871374130249,0.7045010924339294,False
data/processed/cure_crops/165/bottom/customer/165_bottom_7257.png,165__bottom,0.7156630754470825,0.6728103160858154,False
data/processed/cure_crops/165/bottom/customer/165_bottom_7258.png,165__bottom,0.6187493801116943,0.6570113897323608,False
data/processed/cure_crops/165/bottom/customer/165_bottom_7259.png,165__bottom,0.6263359785079956,0.6192861795425415,False
data/processed/cure_crops/165/bottom/customer/165_bottom_7260.png,165__bottom,0.6199110746383667,0.6189466714859009,False
data/processed/cure_crops/165/bottom/customer/165_bottom_7261.png,165__bottom,0.6524618864059448,0.638602614402771,False
data/processed/cure_crops/165/bottom/customer/165_bottom_7262.png,165__bottom,0.6303790807723999,0.6560107469558716,False
data/processed/cure_crops/165/bottom/customer/165_bottom_7263.png,165__bottom,0.628239631652832,0.5628347396850586,False
data/processed/cure_crops/165/bottom/customer/165_bottom_7264.png,165__bottom,0.5963042974472046,0.5306833982467651,False
data/processed/cure_crops/165/bottom/customer/165_bottom_7265.png,165__bottom,0.6364529728889465,0.5399279594421387,False
data/processed/cure_crops/165/bottom/customer/165_bottom_7266.png,165__bottom,0.6129052639007568,0.4898996353149414,False
data/processed/cure_crops/165/bottom/customer/165_bottom_7267.png,165__bottom,0.6390429139137268,0.6266024112701416,False
data/processed/cure_crops/165/bottom/customer/165_bottom_7268.png,165__bottom,0.6366263031959534,0.4348614811897278,False
data/processed/cure_crops/165/bottom/customer/165_bottom_7269.png,165__bottom,0.647721529006958,0.6507521867752075,False
data/processed/cure_crops/165/bottom/customer/165_bottom_7270.png,165__bottom,0.5913680791854858,0.6066110134124756,False
data/processed/cure_crops/165/top/customer/165_top_7225.png,165__top,0.6242591738700867,0.7258237600326538,False
data/processed/cure_crops/165/top/customer/165_top_7226.png,165__top,0.619665265083313,0.762801468372345,False
data/processed/cure_crops/165/top/customer/165_top_7227.png,165__top,0.5269967317581177,0.6244852542877197,False
data/processed/cure_crops/165/top/customer/165_top_7228.png,165__top,0.5620722770690918,0.6689354181289673,False
data/processed/cure_crops/165/top/customer/165_top_7229.png,165__top,0.5497879385948181,0.5453328490257263,False
data/processed/cure_crops/165/top/customer/165_top_7230.png,165__top,0.5011645555496216,0.6764712333679199,False
data/processed/cure_crops/165/top/customer/165_top_7231.png,165__top,0.6064372658729553,0.7126501798629761,False
data/processed/cure_crops/165/top/customer/165_top_7233.png,165__top,0.5602547526359558,0.6299474239349365,False
data/processed/cure_crops/165/top/customer/165_top_7234.png,165__top,0.7065072059631348,0.5686386227607727,False
data/processed/cure_crops/165/top/customer/165_top_7235.png,165__top,0.6912896633148193,0.594837486743927,False
data/processed/cure_crops/165/top/customer/165_top_7236.png,165__top,0.6244204044342041,0.5865657329559326,False
data/processed/cure_crops/165/top/customer/165_top_7237.png,165__top,0.583785891532898,0.5987759828567505,False
data/processed/cure_crops/165/top/customer/165_top_7238.png,165__top,0.6679590940475464,0.6163866519927979,False
data/processed/cure_crops/165/top/customer/165_top_7239.png,165__top,0.6372771263122559,0.647719144821167,False
data/processed/cure_crops/165/top/customer/165_top_7240.png,165__top,0.6847076416015625,0.6783345341682434,False
data/processed/cure_crops/165/top/customer/165_top_7241.png,165__top,0.6689265966415405,0.5285146236419678,False
data/processed/cure_crops/165/top/customer/165_top_7242.png,165__top,0.711603045463562,0.615280032157898,False
data/processed/cure_crops/165/top/customer/165_top_7243.png,165__top,0.6661770343780518,0.49941492080688477,False
data/processed/cure_crops/165/top/customer/165_top_7244.png,165__top,0.63215172290802,0.5367752909660339,False
data/processed/cure_crops/165/top/customer/165_top_7245.png,165__top,0.6653348803520203,0.528185248374939,False
data/processed/cure_crops/165/top/customer/165_top_7246.png,165__top,0.6752015352249146,0.6266059875488281,False
data/processed/cure_crops/165/top/customer/165_top_7247.png,165__top,0.7009393572807312,0.6402417421340942,False
data/processed/cure_crops/166/bottom/customer/166_bottom_7291.png,166__bottom,0.595504879951477,0.5961650609970093,False
data/processed/cure_crops/166/bottom/customer/166_bottom_7292.png,166__bottom,0.6709497570991516,0.5989246368408203,False
data/processed/cure_crops/166/bottom/customer/166_bottom_7293.png,166__bottom,0.5190075635910034,0.5158709287643433,False
data/processed/cure_crops/166/bottom/customer/166_bottom_7294.png,166__bottom,0.8339316844940186,0.6836861371994019,False
data/processed/cure_crops/166/bottom/customer/166_bottom_7295.png,166__bottom,0.5940918326377869,0.7298785448074341,False
data/processed/cure_crops/166/bottom/customer/166_bottom_7296.png,166__bottom,0.7999180555343628,0.7286399602890015,False
data/processed/cure_crops/166/bottom/customer/166_bottom_7297.png,166__bottom,0.7462152242660522,0.7308642864227295,False
data/processed/cure_crops/166/bottom/customer/166_bottom_7298.png,166__bottom,0.5974706411361694,0.7045758962631226,False
data/processed/cure_crops/166/bottom/customer/166_bottom_7299.png,166__bottom,0.8044805526733398,0.738015353679657,False
data/processed/cure_crops/166/bottom/customer/166_bottom_7300.png,166__bottom,0.4855632781982422,0.5814439058303833,False
data/processed/cure_crops/166/bottom/customer/166_bottom_7301.png,166__bottom,0.5961720943450928,0.5761255621910095,False
data/processed/cure_crops/166/bottom/customer/166_bottom_7302.png,166__bottom,0.659966230392456,0.6489007472991943,False
data/processed/cure_crops/166/bottom/customer/166_bottom_7303.png,166__bottom,0.5530834197998047,0.5469802618026733,False
data/processed/cure_crops/166/bottom/customer/166_bottom_7304.png,166__bottom,0.5103074908256531,0.5360978841781616,False
data/processed/cure_crops/166/bottom/customer/166_bottom_7305.png,166__bottom,0.6386436820030212,0.5240846872329712,False
data/processed/cure_crops/166/bottom/customer/166_bottom_7306.png,166__bottom,0.5274522304534912,0.5659669637680054,False
data/processed/cure_crops/166/bottom/customer/166_bottom_7307.png,166__bottom,0.49245384335517883,0.5764909982681274,False
data/processed/cure_crops/166/bottom/customer/166_bottom_7308.png,166__bottom,0.6746184229850769,0.5547118186950684,False
data/processed/cure_crops/166/bottom/customer/166_bottom_7309.png,166__bottom,0.5551518797874451,0.5189465880393982,False
data/processed/cure_crops/166/top/customer/166_top_7271.png,166__top,0.8179066181182861,0.7950215339660645,False
data/processed/cure_crops/166/top/customer/166_top_7272.png,166__top,0.8262950778007507,0.8441160321235657,False
data/processed/cure_crops/166/top/customer/166_top_7273.png,166__top,0.8113611936569214,0.8514385223388672,False
data/processed/cure_crops/166/top/customer/166_top_7274.png,166__top,0.7753249406814575,0.8084516525268555,False
data/processed/cure_crops/166/top/customer/166_top_7275.png,166__top,0.7345443367958069,0.8340339660644531,False
data/processed/cure_crops/166/top/customer/166_top_7276.png,166__top,0.7527939081192017,0.8049155473709106,False
data/processed/cure_crops/166/top/customer/166_top_7277.png,166__top,0.7996739745140076,0.817450761795044,False
data/processed/cure_crops/166/top/customer/166_top_7278.png,166__top,0.8247095942497253,0.8583754301071167,False
data/processed/cure_crops/166/top/customer/166_top_7279.png,166__top,0.8040859699249268,0.8052587509155273,False
data/processed/cure_crops/166/top/customer/166_top_7280.png,166__top,0.718453586101532,0.6983134746551514,False
data/processed/cure_crops/166/top/customer/166_top_7281.png,166__top,0.7563716173171997,0.6858241558074951,False
data/processed/cure_crops/166/top/customer/166_top_7282.png,166__top,0.7146902084350586,0.7600834369659424,False
data/processed/cure_crops/166/top/customer/166_top_7283.png,166__top,0.7237118482589722,0.6795089244842529,False
data/processed/cure_crops/166/top/customer/166_top_7284.png,166__top,0.7279523611068726,0.7732134461402893,False
data/processed/cure_crops/166/top/customer/166_top_7285.png,166__top,0.7203218936920166,0.7700530886650085,False
data/processed/cure_crops/166/top/customer/166_top_7286.png,166__top,0.768768310546875,0.6959652900695801,False
data/processed/cure_crops/166/top/customer/166_top_7287.png,166__top,0.7274084091186523,0.7368004322052002,False
data/processed/cure_crops/166/top/customer/166_top_7288.png,166__top,0.714512288570404,0.7974592447280884,False
data/processed/cure_crops/166/top/customer/166_top_7289.png,166__top,0.7267063856124878,0.6820509433746338,False
data/processed/cure_crops/166/top/customer/166_top_7290.png,166__top,0.7457824945449829,0.6837853193283081,False
data/processed/cure_crops/167/bottom/customer/167_bottom_7333.png,167__bottom,0.6305121779441833,0.7075315117835999,False
data/processed/cure_crops/167/bottom/customer/167_bottom_7334.png,167__bottom,0.7482608556747437,0.782513439655304,False
data/processed/cure_crops/167/bottom/customer/167_bottom_7335.png,167__bottom,0.6956609487533569,0.7582220435142517,False
data/processed/cure_crops/167/bottom/customer/167_bottom_7336.png,167__bottom,0.6843611001968384,0.7369038462638855,False
data/processed/cure_crops/167/bottom/customer/167_bottom_7337.png,167__bottom,0.7339649200439453,0.7489584684371948,False
data/processed/cure_crops/167/bottom/customer/167_bottom_7338.png,167__bottom,0.7145750522613525,0.7427231073379517,False
data/processed/cure_crops/167/bottom/customer/167_bottom_7339.png,167__bottom,0.7480294704437256,0.76664799451828,False
data/processed/cure_crops/167/bottom/customer/167_bottom_7340.png,167__bottom,0.793956995010376,0.7824999094009399,False
data/processed/cure_crops/167/bottom/customer/167_bottom_7341.png,167__bottom,0.7093550562858582,0.7650545239448547,False
data/processed/cure_crops/167/bottom/customer/167_bottom_7342.png,167__bottom,0.7028232216835022,0.6018950343132019,False
data/processed/cure_crops/167/bottom/customer/167_bottom_7343.png,167__bottom,0.6598663926124573,0.4622892141342163,False
data/processed/cure_crops/167/bottom/customer/167_bottom_7344.png,167__bottom,0.34351950883865356,0.31146037578582764,False
data/processed/cure_crops/167/bottom/customer/167_bottom_7345.png,167__bottom,0.6951377987861633,0.4857436716556549,False
data/processed/cure_crops/167/bottom/customer/167_bottom_7346.png,167__bottom,0.7760242223739624,0.6404844522476196,False
data/processed/cure_crops/167/bottom/customer/167_bottom_7347.png,167__bottom,0.7818430066108704,0.69270920753479,False
data/processed/cure_crops/167/bottom/customer/167_bottom_7348.png,167__bottom,0.7213310599327087,0.5306406021118164,False
data/processed/cure_crops/167/bottom/customer/167_bottom_7349.png,167__bottom,0.6186333298683167,0.4790019392967224,False
data/processed/cure_crops/167/bottom/customer/167_bottom_7350.png,167__bottom,0.785434365272522,0.6562781929969788,False
data/processed/cure_crops/167/bottom/customer/167_bottom_7351.png,167__bottom,0.6940491795539856,0.5794411897659302,False
data/processed/cure_crops/167/bottom/customer/167_bottom_7352.png,167__bottom,0.7893122434616089,0.6791702508926392,False
data/processed/cure_crops/167/bottom/customer/167_bottom_7353.png,167__bottom,0.7003806233406067,0.5337987542152405,False
data/processed/cure_crops/167/top/customer/167_top_7310.png,167__top,0.7370857000350952,0.7450262308120728,False
data/processed/cure_crops/167/top/customer/167_top_7311.png,167__top,0.7236254215240479,0.7614957690238953,False
data/processed/cure_crops/167/top/customer/167_top_7312.png,167__top,0.7325786352157593,0.7799600958824158,False
data/processed/cure_crops/167/top/customer/167_top_7313.png,167__top,0.6933137774467468,0.733362078666687,False
data/processed/cure_crops/167/top/customer/167_top_7314.png,167__top,0.8111270666122437,0.7628521919250488,False
data/processed/cure_crops/167/top/customer/167_top_7315.png,167__top,0.729995846748352,0.7476772665977478,False
data/processed/cure_crops/167/top/customer/167_top_7316.png,167__top,0.7563316822052002,0.7333030104637146,False
data/processed/cure_crops/167/top/customer/167_top_7317.png,167__top,0.7045755982398987,0.724494218826294,False
data/processed/cure_crops/167/top/customer/167_top_7318.png,167__top,0.771617591381073,0.7710893750190735,False
data/processed/cure_crops/167/top/customer/167_top_7319.png,167__top,0.785062849521637,0.7918052077293396,False
data/processed/cure_crops/167/top/customer/167_top_7320.png,167__top,0.7646863460540771,0.6036403775215149,False
data/processed/cure_crops/167/top/customer/167_top_7321.png,167__top,0.7305031418800354,0.6266752481460571,False
data/processed/cure_crops/167/top/customer/167_top_7322.png,167__top,0.7609819173812866,0.5867377519607544,False
data/processed/cure_crops/167/top/customer/167_top_7323.png,167__top,0.460864394903183,0.32631924748420715,False
data/processed/cure_crops/167/top/customer/167_top_7324.png,167__top,0.6900646686553955,0.6684056520462036,False
data/processed/cure_crops/167/top/customer/167_top_7325.png,167__top,0.7674238681793213,0.656907856464386,False
data/processed/cure_crops/167/top/customer/167_top_7326.png,167__top,0.7532100677490234,0.6483341455459595,False
data/processed/cure_crops/167/top/customer/167_top_7327.png,167__top,0.7657952904701233,0.6152589321136475,False
data/processed/cure_crops/167/top/customer/167_top_7328.png,167__top,0.7078633904457092,0.6382851600646973,False
data/processed/cure_crops/167/top/customer/167_top_7329.png,167__top,0.7778068780899048,0.7188127040863037,False
data/processed/cure_crops/167/top/customer/167_top_7330.png,167__top,0.7611759305000305,0.5688333511352539,False
data/processed/cure_crops/167/top/customer/167_top_7331.png,167__top,0.7866636514663696,0.6539430618286133,False
data/processed/cure_crops/167/top/customer/167_top_7332.png,167__top,0.6355969905853271,0.5405840277671814,False
data/processed/cure_crops/168/bottom/customer/168_bottom_7372.png,168__bottom,0.5859217643737793,0.6375685930252075,False
data/processed/cure_crops/168/bottom/customer/168_bottom_7373.png,168__bottom,0.5712049007415771,0.6663733720779419,False
data/processed/cure_crops/168/bottom/customer/168_bottom_7374.png,168__bottom,0.6292247772216797,0.6296512484550476,False
data/processed/cure_crops/168/bottom/customer/168_bottom_7375.png,168__bottom,0.5386006832122803,0.7714699506759644,False
data/processed/cure_crops/168/bottom/customer/168_bottom_7376.png,168__bottom,0.6189217567443848,0.7207361459732056,False
data/processed/cure_crops/168/bottom/customer/168_bottom_7377.png,168__bottom,0.7235450744628906,0.6813526749610901,False
data/processed/cure_crops/168/bottom/customer/168_bottom_7378.png,168__bottom,0.5021284818649292,0.6898796558380127,False
data/processed/cure_crops/168/bottom/customer/168_bottom_7379.png,168__bottom,0.6133503913879395,0.7863419055938721,False
data/processed/cure_crops/168/bottom/customer/168_bottom_7380.png,168__bottom,0.6532467603683472,0.6893507242202759,False
data/processed/cure_crops/168/bottom/customer/168_bottom_7381.png,168__bottom,0.5612625479698181,0.6046010255813599,False
data/processed/cure_crops/168/bottom/customer/168_bottom_7382.png,168__bottom,0.6123046875,0.5454238653182983,False
data/processed/cure_crops/168/bottom/customer/168_bottom_7383.png,168__bottom,0.6774381995201111,0.6460438370704651,False
data/processed/cure_crops/168/bottom/customer/168_bottom_7384.png,168__bottom,0.55809086561203,0.508607029914856,False
data/processed/cure_crops/168/bottom/customer/168_bottom_7385.png,168__bottom,0.5831145644187927,0.6648335456848145,False
data/processed/cure_crops/168/bottom/customer/168_bottom_7386.png,168__bottom,0.622683048248291,0.49608904123306274,False
data/processed/cure_crops/168/bottom/customer/168_bottom_7387.png,168__bottom,0.5434715747833252,0.6790027022361755,False
data/processed/cure_crops/168/bottom/customer/168_bottom_7388.png,168__bottom,0.6018974781036377,0.5935693979263306,False
data/processed/cure_crops/168/bottom/customer/168_bottom_7389.png,168__bottom,0.5839614272117615,0.5529091954231262,False
data/processed/cure_crops/168/bottom/customer/168_bottom_7390.png,168__bottom,0.5663762092590332,0.5404019951820374,False
data/processed/cure_crops/168/top/customer/168_top_7354.png,168__top,0.6757129430770874,0.7238399386405945,False
data/processed/cure_crops/168/top/customer/168_top_7355.png,168__top,0.7590247392654419,0.8140312433242798,False
data/processed/cure_crops/168/top/customer/168_top_7356.png,168__top,0.5894376039505005,0.6986643075942993,False
data/processed/cure_crops/168/top/customer/168_top_7357.png,168__top,0.6020839214324951,0.6219297647476196,False
data/processed/cure_crops/168/top/customer/168_top_7358.png,168__top,0.5922927260398865,0.5975568294525146,False
data/processed/cure_crops/168/top/customer/168_top_7359.png,168__top,0.8147164583206177,0.8899884223937988,False
data/processed/cure_crops/168/top/customer/168_top_7360.png,168__top,0.5072120428085327,0.707281231880188,False
data/processed/cure_crops/168/top/customer/168_top_7361.png,168__top,0.7132718563079834,0.7863656282424927,False
data/processed/cure_crops/168/top/customer/168_top_7362.png,168__top,0.7542937994003296,0.7768895626068115,False
data/processed/cure_crops/168/top/customer/168_top_7363.png,168__top,0.5952653288841248,0.7267873287200928,False
data/processed/cure_crops/168/top/customer/168_top_7364.png,168__top,0.7630689144134521,0.7847546339035034,False
data/processed/cure_crops/168/top/customer/168_top_7365.png,168__top,0.6815159320831299,0.7052170038223267,False
data/processed/cure_crops/168/top/customer/168_top_7366.png,168__top,0.6829789876937866,0.7106519937515259,False
data/processed/cure_crops/168/top/customer/168_top_7367.png,168__top,0.7546282410621643,0.8077660799026489,False
data/processed/cure_crops/168/top/customer/168_top_7368.png,168__top,0.7523027062416077,0.7509129047393799,False
data/processed/cure_crops/168/top/customer/168_top_7369.png,168__top,0.7105280160903931,0.690552830696106,False
data/processed/cure_crops/168/top/customer/168_top_7370.png,168__top,0.7439144849777222,0.7588746547698975,False
data/processed/cure_crops/168/top/customer/168_top_7371.png,168__top,0.76174396276474,0.7890947461128235,False
data/processed/cure_crops/169/bottom/customer/169_bottom_7410.png,169__bottom,0.6684495210647583,0.7092604637145996,False
data/processed/cure_crops/169/bottom/customer/169_bottom_7411.png,169__bottom,0.7211623191833496,0.6632373332977295,False
data/processed/cure_crops/169/bottom/customer/169_bottom_7412.png,169__bottom,0.5438117980957031,0.6583324670791626,False
data/processed/cure_crops/169/bottom/customer/169_bottom_7413.png,169__bottom,0.729617178440094,0.7766450643539429,False
data/processed/cure_crops/169/bottom/customer/169_bottom_7414.png,169__bottom,0.7752143144607544,0.8924124240875244,False
data/processed/cure_crops/169/bottom/customer/169_bottom_7415.png,169__bottom,0.7059483528137207,0.6410186290740967,False
data/processed/cure_crops/169/bottom/customer/169_bottom_7416.png,169__bottom,0.7156394124031067,0.7674642205238342,False
data/processed/cure_crops/169/bottom/customer/169_bottom_7417.png,169__bottom,0.6753913164138794,0.7597689032554626,False
data/processed/cure_crops/169/bottom/customer/169_bottom_7418.png,169__bottom,0.6860852837562561,0.6956024169921875,False
data/processed/cure_crops/169/bottom/customer/169_bottom_7419.png,169__bottom,0.6603473424911499,0.76906818151474,False
data/processed/cure_crops/169/bottom/customer/169_bottom_7420.png,169__bottom,0.6541883945465088,0.756445586681366,False
data/processed/cure_crops/169/bottom/customer/169_bottom_7421.png,169__bottom,0.5398593544960022,0.7487194538116455,False
data/processed/cure_crops/169/bottom/customer/169_bottom_7422.png,169__bottom,0.5902090668678284,0.6789200901985168,False
data/processed/cure_crops/169/bottom/customer/169_bottom_7423.png,169__bottom,0.6400648355484009,0.6931133270263672,False
data/processed/cure_crops/169/bottom/customer/169_bottom_7424.png,169__bottom,0.6286193132400513,0.6476535797119141,False
data/processed/cure_crops/169/bottom/customer/169_bottom_7425.png,169__bottom,0.6773876547813416,0.6818200349807739,False
data/processed/cure_crops/169/bottom/customer/169_bottom_7426.png,169__bottom,0.5590629577636719,0.7149016857147217,False
data/processed/cure_crops/169/bottom/customer/169_bottom_7427.png,169__bottom,0.5039905309677124,0.6836392879486084,False
data/processed/cure_crops/169/bottom/customer/169_bottom_7428.png,169__bottom,0.629738450050354,0.6488845348358154,False
data/processed/cure_crops/169/bottom/customer/169_bottom_7429.png,169__bottom,0.5561693906784058,0.7333238124847412,False
data/processed/cure_crops/169/bottom/customer/169_bottom_7430.png,169__bottom,0.5519710779190063,0.6994527578353882,False
data/processed/cure_crops/169/bottom/customer/169_bottom_7431.png,169__bottom,0.6059226393699646,0.6872541904449463,False
data/processed/cure_crops/169/top/customer/169_top_7391.png,169__top,0.5428523421287537,0.7735446691513062,False
data/processed/cure_crops/169/top/customer/169_top_7392.png,169__top,0.41884031891822815,0.7203457951545715,False
data/processed/cure_crops/169/top/customer/169_top_7393.png,169__top,0.6094555258750916,0.7443631887435913,False
data/processed/cure_crops/169/top/customer/169_top_7394.png,169__top,0.7883408069610596,0.8122422695159912,False
data/processed/cure_crops/169/top/customer/169_top_7395.png,169__top,0.793726921081543,0.8762125968933105,False
data/processed/cure_crops/169/top/customer/169_top_7396.png,169__top,0.6452697515487671,0.7597484588623047,False
data/processed/cure_crops/169/top/customer/169_top_7397.png,169__top,0.7379910945892334,0.805804967880249,False
data/processed/cure_crops/169/top/customer/169_top_7398.png,169__top,0.4185742735862732,0.6719719171524048,False
data/processed/cure_crops/169/top/customer/169_top_7399.png,169__top,0.5467782020568848,0.7371777296066284,False
data/processed/cure_crops/169/top/customer/169_top_7400.png,169__top,0.3950995206832886,0.3752925395965576,False
data/processed/cure_crops/169/top/customer/169_top_7401.png,169__top,0.7182966470718384,0.7215012311935425,False
data/processed/cure_crops/169/top/customer/169_top_7402.png,169__top,0.755055844783783,0.726089596748352,False
data/processed/cure_crops/169/top/customer/169_top_7403.png,169__top,0.3364472985267639,0.3417471647262573,False
data/processed/cure_crops/169/top/customer/169_top_7404.png,169__top,0.6677831411361694,0.7166301608085632,False
data/processed/cure_crops/169/top/customer/169_top_7405.png,169__top,0.6486722230911255,0.7423771619796753,False
data/processed/cure_crops/169/top/customer/169_top_7406.png,169__top,0.717077374458313,0.734976589679718,False
data/processed/cure_crops/169/top/customer/169_top_7407.png,169__top,0.7420128583908081,0.7348031997680664,False
data/processed/cure_crops/169/top/customer/169_top_7408.png,169__top,0.709689736366272,0.6646900773048401,False
data/processed/cure_crops/169/top/customer/169_top_7409.png,169__top,0.4841677248477936,0.557952344417572,False
data/processed/cure_crops/17/bottom/customer/17_bottom_760.png,17__bottom,0.5737677216529846,0.6482747793197632,False
data/processed/cure_crops/17/bottom/customer/17_bottom_761.png,17__bottom,0.6116363406181335,0.5528008341789246,False
data/processed/cure_crops/17/bottom/customer/17_bottom_762.png,17__bottom,0.5864781141281128,0.6530228853225708,False
data/processed/cure_crops/17/bottom/customer/17_bottom_763.png,17__bottom,0.5896376967430115,0.4642323851585388,False
data/processed/cure_crops/17/bottom/customer/17_bottom_765.png,17__bottom,0.54420405626297,0.42101413011550903,False
data/processed/cure_crops/17/bottom/customer/17_bottom_766.png,17__bottom,0.5754823684692383,0.5660939812660217,False
data/processed/cure_crops/17/bottom/customer/17_bottom_767.png,17__bottom,0.4716018736362457,0.43593743443489075,False
data/processed/cure_crops/17/bottom/customer/17_bottom_768.png,17__bottom,0.4555056691169739,0.5238128304481506,False
data/processed/cure_crops/17/bottom/customer/17_bottom_769.png,17__bottom,0.5717255473136902,0.5543172359466553,False
data/processed/cure_crops/17/bottom/customer/17_bottom_770.png,17__bottom,0.5438787341117859,0.4512658715248108,False
data/processed/cure_crops/17/bottom/customer/17_bottom_771.png,17__bottom,0.502298891544342,0.4712423086166382,False
data/processed/cure_crops/17/bottom/customer/17_bottom_772.png,17__bottom,0.5532703399658203,0.5396215319633484,False
data/processed/cure_crops/17/bottom/customer/17_bottom_773.png,17__bottom,0.493410587310791,0.31393301486968994,False
data/processed/cure_crops/17/bottom/customer/17_bottom_774.png,17__bottom,0.5058932304382324,0.37844350934028625,False
data/processed/cure_crops/17/bottom/customer/17_bottom_775.png,17__bottom,0.5166162848472595,0.41651082038879395,False
data/processed/cure_crops/17/bottom/customer/17_bottom_776.png,17__bottom,0.5139925479888916,0.20774328708648682,False
data/processed/cure_crops/17/bottom/customer/17_bottom_777.png,17__bottom,0.6074973344802856,0.5713858604431152,False
data/processed/cure_crops/17/bottom/customer/17_bottom_778.png,17__bottom,0.5921130180358887,0.5603021383285522,False
data/processed/cure_crops/17/bottom/customer/17_bottom_779.png,17__bottom,0.5102126598358154,0.4913404583930969,False
data/processed/cure_crops/17/bottom/customer/17_bottom_780.png,17__bottom,0.5220457911491394,0.4922879934310913,False
data/processed/cure_crops/17/top/customer/17_top_739.png,17__top,0.6458519697189331,0.7229838371276855,False
data/processed/cure_crops/17/top/customer/17_top_740.png,17__top,0.6972007751464844,0.6997925043106079,False
data/processed/cure_crops/17/top/customer/17_top_741.png,17__top,0.5788209438323975,0.7136818766593933,False
data/processed/cure_crops/17/top/customer/17_top_742.png,17__top,0.7099056839942932,0.7653482556343079,False
data/processed/cure_crops/17/top/customer/17_top_744.png,17__top,0.7327707409858704,0.7498834729194641,False
data/processed/cure_crops/17/top/customer/17_top_745.png,17__top,0.5598320364952087,0.6270054578781128,False
data/processed/cure_crops/17/top/customer/17_top_746.png,17__top,0.4784206748008728,0.6590002179145813,False
data/processed/cure_crops/17/top/customer/17_top_747.png,17__top,0.6347284913063049,0.5969048142433167,False
data/processed/cure_crops/17/top/customer/17_top_748.png,17__top,0.5386695861816406,0.49711015820503235,False
data/processed/cure_crops/17/top/customer/17_top_749.png,17__top,0.7319836616516113,0.5339736938476562,False
data/processed/cure_crops/17/top/customer/17_top_750.png,17__top,0.6759533286094666,0.5433086156845093,False
data/processed/cure_crops/17/top/customer/17_top_751.png,17__top,0.7149251699447632,0.5634124279022217,False
data/processed/cure_crops/17/top/customer/17_top_752.png,17__top,0.6944981813430786,0.45837414264678955,False
data/processed/cure_crops/17/top/customer/17_top_753.png,17__top,0.701066255569458,0.5657694339752197,False
data/processed/cure_crops/17/top/customer/17_top_754.png,17__top,0.6963241100311279,0.4857439398765564,False
data/processed/cure_crops/17/top/customer/17_top_755.png,17__top,0.6727726459503174,0.4578152894973755,False
data/processed/cure_crops/17/top/customer/17_top_756.png,17__top,0.47938209772109985,0.3698086440563202,False
data/processed/cure_crops/17/top/customer/17_top_757.png,17__top,0.5098739266395569,0.4527701139450073,False
data/processed/cure_crops/17/top/customer/17_top_758.png,17__top,0.7123870849609375,0.5144815444946289,False
data/processed/cure_crops/17/top/customer/17_top_759.png,17__top,0.6550425291061401,0.5650355815887451,False
data/processed/cure_crops/170/bottom/customer/170_bottom_7455.png,170__bottom,0.7785202264785767,0.7062931060791016,False
data/processed/cure_crops/170/bottom/customer/170_bottom_7456.png,170__bottom,0.7230761051177979,0.7409700155258179,False
data/processed/cure_crops/170/bottom/customer/170_bottom_7457.png,170__bottom,0.7376270294189453,0.8049955368041992,False
data/processed/cure_crops/170/bottom/customer/170_bottom_7458.png,170__bottom,0.8145362138748169,0.7742595672607422,False
data/processed/cure_crops/170/bottom/customer/170_bottom_7459.png,170__bottom,0.6739840507507324,0.7158533334732056,False
data/processed/cure_crops/170/bottom/customer/170_bottom_7460.png,170__bottom,0.6884441375732422,0.7423832416534424,False
data/processed/cure_crops/170/bottom/customer/170_bottom_7461.png,170__bottom,0.6199792623519897,0.644129753112793,False
data/processed/cure_crops/170/bottom/customer/170_bottom_7462.png,170__bottom,0.7624211311340332,0.6667656302452087,False
data/processed/cure_crops/170/bottom/customer/170_bottom_7463.png,170__bottom,0.670496940612793,0.6464259624481201,False
data/processed/cure_crops/170/bottom/customer/170_bottom_7464.png,170__bottom,0.721457839012146,0.6327542066574097,False
data/processed/cure_crops/170/bottom/customer/170_bottom_7465.png,170__bottom,0.7204638719558716,0.6544793844223022,False
data/processed/cure_crops/170/bottom/customer/170_bottom_7466.png,170__bottom,0.7170282602310181,0.6792004108428955,False
data/processed/cure_crops/170/bottom/customer/170_bottom_7467.png,170__bottom,0.6559126377105713,0.7156119346618652,False
data/processed/cure_crops/170/bottom/customer/170_bottom_7468.png,170__bottom,0.6626156568527222,0.6019926071166992,False
data/processed/cure_crops/170/bottom/customer/170_bottom_7469.png,170__bottom,0.6259273290634155,0.6636766195297241,False
data/processed/cure_crops/170/bottom/customer/170_bottom_7470.png,170__bottom,0.5398406982421875,0.5997040271759033,False
data/processed/cure_crops/170/bottom/customer/170_bottom_7471.png,170__bottom,0.7075834274291992,0.6417332291603088,False
data/processed/cure_crops/170/bottom/customer/170_bottom_7472.png,170__bottom,0.6790668964385986,0.5585342645645142,False
data/processed/cure_crops/170/top/customer/170_top_7432.png,170__top,0.6952356100082397,0.6694461107254028,False
data/processed/cure_crops/170/top/customer/170_top_7433.png,170__top,0.5819041728973389,0.6039609909057617,False
data/processed/cure_crops/170/top/customer/170_top_7434.png,170__top,0.6779600977897644,0.6586623191833496,False
data/processed/cure_crops/170/top/customer/170_top_7435.png,170__top,0.6875518560409546,0.7362870573997498,False
data/processed/cure_crops/170/top/customer/170_top_7436.png,170__top,0.7384541034698486,0.631977915763855,False
data/processed/cure_crops/170/top/customer/170_top_7437.png,170__top,0.6688170433044434,0.7312043309211731,False
data/processed/cure_crops/170/top/customer/170_top_7438.png,170__top,0.5804854035377502,0.7071253061294556,False
data/processed/cure_crops/170/top/customer/170_top_7439.png,170__top,0.5932772159576416,0.6401753425598145,False
data/processed/cure_crops/170/top/customer/170_top_7440.png,170__top,0.7296448945999146,0.7289732694625854,False
data/processed/cure_crops/170/top/customer/170_top_7441.png,170__top,0.6785451173782349,0.6219355463981628,False
data/processed/cure_crops/170/top/customer/170_top_7442.png,170__top,0.7512413263320923,0.7093425989151001,False
data/processed/cure_crops/170/top/customer/170_top_7443.png,170__top,0.5350579619407654,0.6272445917129517,False
data/processed/cure_crops/170/top/customer/170_top_7444.png,170__top,0.5764647722244263,0.5914182662963867,False
data/processed/cure_crops/170/top/customer/170_top_7445.png,170__top,0.6089583039283752,0.5711037516593933,False
data/processed/cure_crops/170/top/customer/170_top_7446.png,170__top,0.6519381403923035,0.5250999927520752,False
data/processed/cure_crops/170/top/customer/170_top_7447.png,170__top,0.6100495457649231,0.5301644206047058,False
data/processed/cure_crops/170/top/customer/170_top_7448.png,170__top,0.6615909337997437,0.5768777132034302,False
data/processed/cure_crops/170/top/customer/170_top_7449.png,170__top,0.5610284209251404,0.5090624094009399,False
data/processed/cure_crops/170/top/customer/170_top_7450.png,170__top,0.6857060194015503,0.48612725734710693,False
data/processed/cure_crops/170/top/customer/170_top_7451.png,170__top,0.6166739463806152,0.6475006937980652,False
data/processed/cure_crops/170/top/customer/170_top_7452.png,170__top,0.5823005437850952,0.5124325752258301,False
data/processed/cure_crops/170/top/customer/170_top_7453.png,170__top,0.5940165519714355,0.6235787272453308,False
data/processed/cure_crops/170/top/customer/170_top_7454.png,170__top,0.550923228263855,0.6067631244659424,False
data/processed/cure_crops/171/bottom/customer/171_bottom_7494.png,171__bottom,0.6370962858200073,0.6754608154296875,False
data/processed/cure_crops/171/bottom/customer/171_bottom_7495.png,171__bottom,0.6981728076934814,0.7252148389816284,False
data/processed/cure_crops/171/bottom/customer/171_bottom_7496.png,171__bottom,0.639356791973114,0.6743046045303345,False
data/processed/cure_crops/171/bottom/customer/171_bottom_7497.png,171__bottom,0.7835783958435059,0.8621447086334229,False
data/processed/cure_crops/171/bottom/customer/171_bottom_7498.png,171__bottom,0.7902679443359375,0.8490816354751587,False
data/processed/cure_crops/171/bottom/customer/171_bottom_7499.png,171__bottom,0.8272123336791992,0.8274729251861572,False
data/processed/cure_crops/171/bottom/customer/171_bottom_7500.png,171__bottom,0.7294389605522156,0.7893995046615601,False
data/processed/cure_crops/171/bottom/customer/171_bottom_7501.png,171__bottom,0.7283434867858887,0.6978529691696167,False
data/processed/cure_crops/171/bottom/customer/171_bottom_7502.png,171__bottom,0.6906155943870544,0.6716828346252441,False
data/processed/cure_crops/171/bottom/customer/171_bottom_7503.png,171__bottom,0.7528853416442871,0.7243372797966003,False
data/processed/cure_crops/171/bottom/customer/171_bottom_7504.png,171__bottom,0.6764042377471924,0.6541824340820312,False
data/processed/cure_crops/171/bottom/customer/171_bottom_7505.png,171__bottom,0.5780824422836304,0.6308068037033081,False
data/processed/cure_crops/171/bottom/customer/171_bottom_7506.png,171__bottom,0.6163986921310425,0.5964804887771606,False
data/processed/cure_crops/171/bottom/customer/171_bottom_7507.png,171__bottom,0.664313793182373,0.6527056694030762,False
data/processed/cure_crops/171/bottom/customer/171_bottom_7508.png,171__bottom,0.6342149972915649,0.685910701751709,False
data/processed/cure_crops/171/bottom/customer/171_bottom_7509.png,171__bottom,0.5238484740257263,0.5770869255065918,False
data/processed/cure_crops/171/bottom/customer/171_bottom_7510.png,171__bottom,0.5809446573257446,0.5721673965454102,False
data/processed/cure_crops/171/bottom/customer/171_bottom_7511.png,171__bottom,0.5928695201873779,0.6156262159347534,False
data/processed/cure_crops/171/bottom/customer/171_bottom_7512.png,171__bottom,0.6419163942337036,0.6166576147079468,False
data/processed/cure_crops/171/bottom/customer/171_bottom_7513.png,171__bottom,0.6343666315078735,0.6384731531143188,False
data/processed/cure_crops/171/bottom/customer/171_bottom_7514.png,171__bottom,0.4987133741378784,0.5152104496955872,False
data/processed/cure_crops/171/bottom/customer/171_bottom_7515.png,171__bottom,0.6838363409042358,0.6090599894523621,False
data/processed/cure_crops/171/bottom/customer/171_bottom_7516.png,171__bottom,0.5269060134887695,0.5923104286193848,False
data/processed/cure_crops/171/bottom/customer/171_bottom_7517.png,171__bottom,0.5646893978118896,0.5608684420585632,False
data/processed/cure_crops/171/top/customer/171_top_7473.png,171__top,0.7238814234733582,0.6447428464889526,False
data/processed/cure_crops/171/top/customer/171_top_7474.png,171__top,0.6638783812522888,0.6630296111106873,False
data/processed/cure_crops/171/top/customer/171_top_7475.png,171__top,0.7187139987945557,0.6640408039093018,False
data/processed/cure_crops/171/top/customer/171_top_7476.png,171__top,0.8547813296318054,0.7959282398223877,False
data/processed/cure_crops/171/top/customer/171_top_7477.png,171__top,0.7405956983566284,0.8045200705528259,False
data/processed/cure_crops/171/top/customer/171_top_7478.png,171__top,0.6847256422042847,0.7927922606468201,False
data/processed/cure_crops/171/top/customer/171_top_7479.png,171__top,0.7448449730873108,0.8295161724090576,False
data/processed/cure_crops/171/top/customer/171_top_7480.png,171__top,0.7970317602157593,0.7457787990570068,False
data/processed/cure_crops/171/top/customer/171_top_7481.png,171__top,0.7401148676872253,0.6500521898269653,False
data/processed/cure_crops/171/top/customer/171_top_7482.png,171__top,0.7315526604652405,0.7131518125534058,False
data/processed/cure_crops/171/top/customer/171_top_7483.png,171__top,0.5763747692108154,0.5364757776260376,False
data/processed/cure_crops/171/top/customer/171_top_7484.png,171__top,0.7588266134262085,0.6994865536689758,False
data/processed/cure_crops/171/top/customer/171_top_7485.png,171__top,0.7446351051330566,0.7197375297546387,False
data/processed/cure_crops/171/top/customer/171_top_7486.png,171__top,0.5556100606918335,0.6281225681304932,False
data/processed/cure_crops/171/top/customer/171_top_7487.png,171__top,0.7134135961532593,0.5961892604827881,False
data/processed/cure_crops/171/top/customer/171_top_7488.png,171__top,0.654579222202301,0.69609534740448,False
data/processed/cure_crops/171/top/customer/171_top_7489.png,171__top,0.5971798896789551,0.610872745513916,False
data/processed/cure_crops/171/top/customer/171_top_7490.png,171__top,0.6223044991493225,0.632949948310852,False
data/processed/cure_crops/171/top/customer/171_top_7491.png,171__top,0.7081670761108398,0.689446210861206,False
data/processed/cure_crops/171/top/customer/171_top_7492.png,171__top,0.5947712063789368,0.6412086486816406,False
data/processed/cure_crops/171/top/customer/171_top_7493.png,171__top,0.5661767721176147,0.4608844220638275,False
data/processed/cure_crops/172/bottom/customer/172_bottom_7541.png,172__bottom,0.7886719703674316,0.7361101508140564,False
data/processed/cure_crops/172/bottom/customer/172_bottom_7542.png,172__bottom,0.8041948080062866,0.6307635307312012,False
data/processed/cure_crops/172/bottom/customer/172_bottom_7543.png,172__bottom,0.7939583659172058,0.7136701345443726,False
data/processed/cure_crops/172/bottom/customer/172_bottom_7544.png,172__bottom,0.6213911771774292,0.6338123083114624,False
data/processed/cure_crops/172/bottom/customer/172_bottom_7545.png,172__bottom,0.6855747699737549,0.6141610741615295,False
data/processed/cure_crops/172/bottom/customer/172_bottom_7546.png,172__bottom,0.6452769041061401,0.5472805500030518,False
data/processed/cure_crops/172/bottom/customer/172_bottom_7547.png,172__bottom,0.6097502708435059,0.6174229383468628,False
data/processed/cure_crops/172/bottom/customer/172_bottom_7548.png,172__bottom,0.687517523765564,0.6730817556381226,False
data/processed/cure_crops/172/bottom/customer/172_bottom_7549.png,172__bottom,0.5829650163650513,0.5913301706314087,False
data/processed/cure_crops/172/bottom/customer/172_bottom_7550.png,172__bottom,0.47820037603378296,0.34754684567451477,False
data/processed/cure_crops/172/bottom/customer/172_bottom_7551.png,172__bottom,0.42344850301742554,0.32215243577957153,False
data/processed/cure_crops/172/bottom/customer/172_bottom_7552.png,172__bottom,0.32933124899864197,0.265009343624115,False
data/processed/cure_crops/172/bottom/customer/172_bottom_7553.png,172__bottom,0.4114893078804016,0.27405694127082825,False
data/processed/cure_crops/172/bottom/customer/172_bottom_7554.png,172__bottom,0.5065451860427856,0.37102022767066956,False
data/processed/cure_crops/172/bottom/customer/172_bottom_7555.png,172__bottom,0.4465385675430298,0.38736265897750854,False
data/processed/cure_crops/172/bottom/customer/172_bottom_7556.png,172__bottom,0.42589691281318665,0.28833475708961487,False
data/processed/cure_crops/172/bottom/customer/172_bottom_7557.png,172__bottom,0.47531962394714355,0.30828189849853516,False
data/processed/cure_crops/172/bottom/customer/172_bottom_7558.png,172__bottom,0.4739067256450653,0.30564242601394653,False
data/processed/cure_crops/172/bottom/customer/172_bottom_7559.png,172__bottom,0.41471755504608154,0.36221036314964294,False
data/processed/cure_crops/172/top/customer/172_top_7518.png,172__top,0.6813386678695679,0.7124028205871582,False
data/processed/cure_crops/172/top/customer/172_top_7519.png,172__top,0.7364687919616699,0.7440207004547119,False
data/processed/cure_crops/172/top/customer/172_top_7520.png,172__top,0.6826170682907104,0.7224070429801941,False
data/processed/cure_crops/172/top/customer/172_top_7521.png,172__top,0.712710440158844,0.7273638844490051,False
data/processed/cure_crops/172/top/customer/172_top_7522.png,172__top,0.6525947451591492,0.6527113318443298,False
data/processed/cure_crops/172/top/customer/172_top_7523.png,172__top,0.6489704847335815,0.6904374361038208,False
data/processed/cure_crops/172/top/customer/172_top_7524.png,172__top,0.7289397716522217,0.8503763675689697,False
data/processed/cure_crops/172/top/customer/172_top_7525.png,172__top,0.8263958096504211,0.9071733951568604,False
data/processed/cure_crops/172/top/customer/172_top_7526.png,172__top,0.7770482301712036,0.75013267993927,False
data/processed/cure_crops/172/top/customer/172_top_7527.png,172__top,0.7942139506340027,0.729560911655426,False
data/processed/cure_crops/172/top/customer/172_top_7528.png,172__top,0.6887245178222656,0.7558883428573608,False
data/processed/cure_crops/172/top/customer/172_top_7529.png,172__top,0.7188581228256226,0.627723217010498,False
data/processed/cure_crops/172/top/customer/172_top_7530.png,172__top,0.6905359029769897,0.6866612434387207,False
data/processed/cure_crops/172/top/customer/172_top_7531.png,172__top,0.6790726184844971,0.7665442228317261,False
data/processed/cure_crops/172/top/customer/172_top_7532.png,172__top,0.6843509078025818,0.7496262192726135,False
data/processed/cure_crops/172/top/customer/172_top_7533.png,172__top,0.6467077136039734,0.7397481799125671,False
data/processed/cure_crops/172/top/customer/172_top_7534.png,172__top,0.6657040119171143,0.7087401747703552,False
data/processed/cure_crops/172/top/customer/172_top_7535.png,172__top,0.6346551179885864,0.749951958656311,False
data/processed/cure_crops/172/top/customer/172_top_7536.png,172__top,0.6350232362747192,0.715264081954956,False
data/processed/cure_crops/172/top/customer/172_top_7537.png,172__top,0.660117506980896,0.7195398211479187,False
data/processed/cure_crops/172/top/customer/172_top_7538.png,172__top,0.6081670522689819,0.7114331126213074,False
data/processed/cure_crops/172/top/customer/172_top_7539.png,172__top,0.6502695083618164,0.673958420753479,False
data/processed/cure_crops/172/top/customer/172_top_7540.png,172__top,0.5819704532623291,0.7157939672470093,False
data/processed/cure_crops/173/bottom/customer/173_bottom_7584.png,173__bottom,0.7311650514602661,0.5025045871734619,False
data/processed/cure_crops/173/bottom/customer/173_bottom_7585.png,173__bottom,0.7462817430496216,0.5560363531112671,False
data/processed/cure_crops/173/bottom/customer/173_bottom_7586.png,173__bottom,0.709900438785553,0.5451606512069702,False
data/processed/cure_crops/173/bottom/customer/173_bottom_7587.png,173__bottom,0.7105197310447693,0.6549957990646362,False
data/processed/cure_crops/173/bottom/customer/173_bottom_7588.png,173__bottom,0.7042593955993652,0.601263165473938,False
data/processed/cure_crops/173/bottom/customer/173_bottom_7589.png,173__bottom,0.750779390335083,0.4959591031074524,False
data/processed/cure_crops/173/bottom/customer/173_bottom_7590.png,173__bottom,0.6397910714149475,0.4487694501876831,False
data/processed/cure_crops/173/bottom/customer/173_bottom_7591.png,173__bottom,0.626267671585083,0.4657061994075775,False
data/processed/cure_crops/173/bottom/customer/173_bottom_7592.png,173__bottom,0.7807469367980957,0.6414446830749512,False
data/processed/cure_crops/173/bottom/customer/173_bottom_7593.png,173__bottom,0.7128722667694092,0.6061248779296875,False
data/processed/cure_crops/173/bottom/customer/173_bottom_7594.png,173__bottom,0.7238008379936218,0.5940693616867065,False
data/processed/cure_crops/173/bottom/customer/173_bottom_7595.png,173__bottom,0.7586177587509155,0.5882689952850342,False
data/processed/cure_crops/173/bottom/customer/173_bottom_7596.png,173__bottom,0.732046365737915,0.5210108757019043,False
data/processed/cure_crops/173/bottom/customer/173_bottom_7597.png,173__bottom,0.7411745190620422,0.5189529657363892,False
data/processed/cure_crops/173/bottom/customer/173_bottom_7598.png,173__bottom,0.6908405423164368,0.5223463773727417,False
data/processed/cure_crops/173/bottom/customer/173_bottom_7599.png,173__bottom,0.7031244039535522,0.5892432332038879,False
data/processed/cure_crops/173/bottom/customer/173_bottom_7600.png,173__bottom,0.7249706983566284,0.5216535925865173,False
data/processed/cure_crops/173/bottom/customer/173_bottom_7601.png,173__bottom,0.7105323076248169,0.5636619925498962,False
data/processed/cure_crops/173/bottom/customer/173_bottom_7602.png,173__bottom,0.7486715316772461,0.6385484933853149,False
data/processed/cure_crops/173/top/customer/173_top_7560.png,173__top,0.7205851674079895,0.6348651647567749,False
data/processed/cure_crops/173/top/customer/173_top_7561.png,173__top,0.7323652505874634,0.6399933695793152,False
data/processed/cure_crops/173/top/customer/173_top_7562.png,173__top,0.7876457571983337,0.6626431941986084,False
data/processed/cure_crops/173/top/customer/173_top_7563.png,173__top,0.7327746152877808,0.7050943970680237,False
data/processed/cure_crops/173/top/customer/173_top_7564.png,173__top,0.7827708721160889,0.741461992263794,False
data/processed/cure_crops/173/top/customer/173_top_7565.png,173__top,0.7850431203842163,0.819827139377594,False
data/processed/cure_crops/173/top/customer/173_top_7566.png,173__top,0.7388404607772827,0.7478857040405273,False
data/processed/cure_crops/173/top/customer/173_top_7567.png,173__top,0.8021939396858215,0.6419305801391602,False
data/processed/cure_crops/173/top/customer/173_top_7568.png,173__top,0.8114192485809326,0.6751497983932495,False
data/processed/cure_crops/173/top/customer/173_top_7569.png,173__top,0.7477594614028931,0.6690179109573364,False
data/processed/cure_crops/173/top/customer/173_top_7570.png,173__top,0.722994327545166,0.661952018737793,False
data/processed/cure_crops/173/top/customer/173_top_7571.png,173__top,0.7327795028686523,0.6111574769020081,False
data/processed/cure_crops/173/top/customer/173_top_7572.png,173__top,0.7112826108932495,0.6572880744934082,False
data/processed/cure_crops/173/top/customer/173_top_7573.png,173__top,0.6388022899627686,0.6457444429397583,False
data/processed/cure_crops/173/top/customer/173_top_7574.png,173__top,0.7054875493049622,0.6630780696868896,False
data/processed/cure_crops/173/top/customer/173_top_7575.png,173__top,0.7337428331375122,0.6360382437705994,False
data/processed/cure_crops/173/top/customer/173_top_7576.png,173__top,0.6670459508895874,0.6132709980010986,False
data/processed/cure_crops/173/top/customer/173_top_7577.png,173__top,0.6519848108291626,0.5922149419784546,False
data/processed/cure_crops/173/top/customer/173_top_7578.png,173__top,0.6640194654464722,0.6206991672515869,False
data/processed/cure_crops/173/top/customer/173_top_7579.png,173__top,0.6668845415115356,0.6214625835418701,False
data/processed/cure_crops/173/top/customer/173_top_7580.png,173__top,0.7244377732276917,0.7448253631591797,False
data/processed/cure_crops/173/top/customer/173_top_7581.png,173__top,0.7202243208885193,0.5613805055618286,False
data/processed/cure_crops/173/top/customer/173_top_7582.png,173__top,0.6783192157745361,0.6161149740219116,False
data/processed/cure_crops/173/top/customer/173_top_7583.png,173__top,0.5410929322242737,0.5419705510139465,False
data/processed/cure_crops/174/bottom/customer/174_bottom_7624.png,174__bottom,0.6403485536575317,0.6349958181381226,False
data/processed/cure_crops/174/bottom/customer/174_bottom_7625.png,174__bottom,0.7312237024307251,0.7208120822906494,False
data/processed/cure_crops/174/bottom/customer/174_bottom_7626.png,174__bottom,0.8090249300003052,0.7053847312927246,False
data/processed/cure_crops/174/bottom/customer/174_bottom_7627.png,174__bottom,0.6520600914955139,0.8473244309425354,False
data/processed/cure_crops/174/bottom/customer/174_bottom_7628.png,174__bottom,0.7719103097915649,0.8695258498191833,False
data/processed/cure_crops/174/bottom/customer/174_bottom_7629.png,174__bottom,0.7626104354858398,0.7780441045761108,False
data/processed/cure_crops/174/bottom/customer/174_bottom_7630.png,174__bottom,0.687386155128479,0.656265377998352,False
data/processed/cure_crops/174/bottom/customer/174_bottom_7631.png,174__bottom,0.7488579750061035,0.47364652156829834,False
data/processed/cure_crops/174/bottom/customer/174_bottom_7632.png,174__bottom,0.7890384197235107,0.6975293159484863,False
data/processed/cure_crops/174/bottom/customer/174_bottom_7633.png,174__bottom,0.8167257308959961,0.8949888944625854,False
data/processed/cure_crops/174/bottom/customer/174_bottom_7634.png,174__bottom,0.7686635851860046,0.8809948563575745,False
data/processed/cure_crops/174/bottom/customer/174_bottom_7635.png,174__bottom,0.7528764009475708,0.8695062398910522,False
data/processed/cure_crops/174/bottom/customer/174_bottom_7636.png,174__bottom,0.8003345727920532,0.8703477382659912,False
data/processed/cure_crops/174/bottom/customer/174_bottom_7637.png,174__bottom,0.7569375038146973,0.8161358833312988,False
data/processed/cure_crops/174/bottom/customer/174_bottom_7638.png,174__bottom,0.7683781385421753,0.868230938911438,False
data/processed/cure_crops/174/bottom/customer/174_bottom_7639.png,174__bottom,0.7242964506149292,0.849622905254364,False
data/processed/cure_crops/174/bottom/customer/174_bottom_7640.png,174__bottom,0.6961671113967896,0.8313900232315063,False
data/processed/cure_crops/174/bottom/customer/174_bottom_7641.png,174__bottom,0.7602831125259399,0.8637478351593018,False
data/processed/cure_crops/174/bottom/customer/174_bottom_7642.png,174__bottom,0.74455726146698,0.8288740515708923,False
data/processed/cure_crops/174/top/customer/174_top_7603.png,174__top,0.6086883544921875,0.5856156945228577,False
data/processed/cure_crops/174/top/customer/174_top_7604.png,174__top,0.5188790559768677,0.512155294418335,False
data/processed/cure_crops/174/top/customer/174_top_7605.png,174__top,0.48534488677978516,0.5579633712768555,False
data/processed/cure_crops/174/top/customer/174_top_7606.png,174__top,0.5170286893844604,0.5858769416809082,False
data/processed/cure_crops/174/top/customer/174_top_7607.png,174__top,0.4622325301170349,0.5750348567962646,False
data/processed/cure_crops/174/top/customer/174_top_7608.png,174__top,0.4323258399963379,0.5189391374588013,False
data/processed/cure_crops/174/top/customer/174_top_7609.png,174__top,0.44777315855026245,0.6103968024253845,False
data/processed/cure_crops/174/top/customer/174_top_7610.png,174__top,0.7042451500892639,0.6893203258514404,False
data/processed/cure_crops/174/top/customer/174_top_7611.png,174__top,0.5437442064285278,0.5743443965911865,False
data/processed/cure_crops/174/top/customer/174_top_7612.png,174__top,0.493369460105896,0.660881757736206,False
data/processed/cure_crops/174/top/customer/174_top_7613.png,174__top,0.44297438859939575,0.4631180763244629,False
data/processed/cure_crops/174/top/customer/174_top_7614.png,174__top,0.5204795598983765,0.4793495237827301,False
data/processed/cure_crops/174/top/customer/174_top_7615.png,174__top,0.4345637261867523,0.5102842450141907,False
data/processed/cure_crops/174/top/customer/174_top_7616.png,174__top,0.4815491735935211,0.5405135154724121,False
data/processed/cure_crops/174/top/customer/174_top_7617.png,174__top,0.5018569231033325,0.5459655523300171,False
data/processed/cure_crops/174/top/customer/174_top_7618.png,174__top,0.4697229266166687,0.46067216992378235,False
data/processed/cure_crops/174/top/customer/174_top_7619.png,174__top,0.5069289803504944,0.516079306602478,False
data/processed/cure_crops/174/top/customer/174_top_7620.png,174__top,0.48918211460113525,0.5546358227729797,False
data/processed/cure_crops/174/top/customer/174_top_7621.png,174__top,0.4869159758090973,0.5773831009864807,False
data/processed/cure_crops/174/top/customer/174_top_7622.png,174__top,0.5076754689216614,0.4617801308631897,False
data/processed/cure_crops/174/top/customer/174_top_7623.png,174__top,0.49630218744277954,0.5022408962249756,False
data/processed/cure_crops/175/bottom/customer/175_bottom_7664.png,175__bottom,0.8023175001144409,0.7694766521453857,False
data/processed/cure_crops/175/bottom/customer/175_bottom_7665.png,175__bottom,0.7025940418243408,0.6978073120117188,False
data/processed/cure_crops/175/bottom/customer/175_bottom_7666.png,175__bottom,0.7509034872055054,0.7906959056854248,False
data/processed/cure_crops/175/bottom/customer/175_bottom_7667.png,175__bottom,0.8669692277908325,0.8687098026275635,False
data/processed/cure_crops/175/bottom/customer/175_bottom_7668.png,175__bottom,0.635127067565918,0.7320651412010193,False
data/processed/cure_crops/175/bottom/customer/175_bottom_7669.png,175__bottom,0.5360127687454224,0.7580677270889282,False
data/processed/cure_crops/175/bottom/customer/175_bottom_7670.png,175__bottom,0.7718759179115295,0.7982748746871948,False
data/processed/cure_crops/175/bottom/customer/175_bottom_7671.png,175__bottom,0.6345025897026062,0.7343538403511047,False
data/processed/cure_crops/175/bottom/customer/175_bottom_7672.png,175__bottom,0.5968019962310791,0.6836164593696594,False
data/processed/cure_crops/175/bottom/customer/175_bottom_7673.png,175__bottom,0.7727495431900024,0.6261061429977417,False
data/processed/cure_crops/175/bottom/customer/175_bottom_7674.png,175__bottom,0.786849319934845,0.5560084581375122,False
data/processed/cure_crops/175/bottom/customer/175_bottom_7675.png,175__bottom,0.6075469255447388,0.6461968421936035,False
data/processed/cure_crops/175/bottom/customer/175_bottom_7676.png,175__bottom,0.7814352512359619,0.6932799816131592,False
data/processed/cure_crops/175/bottom/customer/175_bottom_7677.png,175__bottom,0.6088242530822754,0.7019864916801453,False
data/processed/cure_crops/175/bottom/customer/175_bottom_7678.png,175__bottom,0.6143432855606079,0.5577429533004761,False
data/processed/cure_crops/175/bottom/customer/175_bottom_7679.png,175__bottom,0.5959771871566772,0.7237446308135986,False
data/processed/cure_crops/175/bottom/customer/175_bottom_7680.png,175__bottom,0.6665599346160889,0.5919513702392578,False
data/processed/cure_crops/175/bottom/customer/175_bottom_7681.png,175__bottom,0.6388561129570007,0.6240525245666504,False
data/processed/cure_crops/175/bottom/customer/175_bottom_7682.png,175__bottom,0.5393822193145752,0.5262699723243713,False
data/processed/cure_crops/175/bottom/customer/175_bottom_7683.png,175__bottom,0.799049437046051,0.7238969802856445,False
data/processed/cure_crops/175/bottom/customer/175_bottom_7684.png,175__bottom,0.6849145889282227,0.6452950239181519,False
data/processed/cure_crops/175/top/customer/175_top_7643.png,175__top,0.7084023356437683,0.7209446430206299,False
data/processed/cure_crops/175/top/customer/175_top_7644.png,175__top,0.7459328174591064,0.594343364238739,False
data/processed/cure_crops/175/top/customer/175_top_7645.png,175__top,0.8166806697845459,0.7424097657203674,False
data/processed/cure_crops/175/top/customer/175_top_7646.png,175__top,0.8007363080978394,0.8738154172897339,False
data/processed/cure_crops/175/top/customer/175_top_7647.png,175__top,0.7281752228736877,0.7748802304267883,False
data/processed/cure_crops/175/top/customer/175_top_7648.png,175__top,0.7522034645080566,0.7330669164657593,False
data/processed/cure_crops/175/top/customer/175_top_7649.png,175__top,0.7365223169326782,0.7256056070327759,False
data/processed/cure_crops/175/top/customer/175_top_7650.png,175__top,0.8042005300521851,0.6906020641326904,False
data/processed/cure_crops/175/top/customer/175_top_7651.png,175__top,0.6392663717269897,0.6815109848976135,False
data/processed/cure_crops/175/top/customer/175_top_7652.png,175__top,0.8457331657409668,0.7159401178359985,False
data/processed/cure_crops/175/top/customer/175_top_7653.png,175__top,0.794209897518158,0.6927148103713989,False
data/processed/cure_crops/175/top/customer/175_top_7654.png,175__top,0.6293457746505737,0.5528966784477234,False
data/processed/cure_crops/175/top/customer/175_top_7655.png,175__top,0.7661904096603394,0.6022409200668335,False
data/processed/cure_crops/175/top/customer/175_top_7656.png,175__top,0.5834592580795288,0.49543994665145874,False
data/processed/cure_crops/175/top/customer/175_top_7657.png,175__top,0.5947022438049316,0.4712619483470917,False
data/processed/cure_crops/175/top/customer/175_top_7658.png,175__top,0.6502582430839539,0.4515331983566284,False
data/processed/cure_crops/175/top/customer/175_top_7659.png,175__top,0.7539383172988892,0.49531954526901245,False
data/processed/cure_crops/175/top/customer/175_top_7660.png,175__top,0.6894545555114746,0.6585686802864075,False
data/processed/cure_crops/175/top/customer/175_top_7661.png,175__top,0.7283312082290649,0.4998573064804077,False
data/processed/cure_crops/175/top/customer/175_top_7662.png,175__top,0.6964105367660522,0.6609535217285156,False
data/processed/cure_crops/175/top/customer/175_top_7663.png,175__top,0.7669350504875183,0.5185975432395935,False
data/processed/cure_crops/176/bottom/customer/176_bottom_7706.png,176__bottom,0.7177215814590454,0.6760603189468384,False
data/processed/cure_crops/176/bottom/customer/176_bottom_7707.png,176__bottom,0.7509576082229614,0.6588403582572937,False
data/processed/cure_crops/176/bottom/customer/176_bottom_7708.png,176__bottom,0.665986180305481,0.4586576521396637,False
data/processed/cure_crops/176/bottom/customer/176_bottom_7709.png,176__bottom,0.7654407024383545,0.7578884363174438,False
data/processed/cure_crops/176/bottom/customer/176_bottom_7710.png,176__bottom,0.7544429302215576,0.697145402431488,False
data/processed/cure_crops/176/bottom/customer/176_bottom_7711.png,176__bottom,0.8422483205795288,0.8611712455749512,False
data/processed/cure_crops/176/bottom/customer/176_bottom_7712.png,176__bottom,0.702038049697876,0.7120110988616943,False
data/processed/cure_crops/176/bottom/customer/176_bottom_7713.png,176__bottom,0.638115406036377,0.6287515163421631,False
data/processed/cure_crops/176/bottom/customer/176_bottom_7714.png,176__bottom,0.6466610431671143,0.655156672000885,False
data/processed/cure_crops/176/bottom/customer/176_bottom_7715.png,176__bottom,0.38866931200027466,0.4306693375110626,False
data/processed/cure_crops/176/bottom/customer/176_bottom_7716.png,176__bottom,0.6523244380950928,0.6250737905502319,False
data/processed/cure_crops/176/bottom/customer/176_bottom_7717.png,176__bottom,0.6113364100456238,0.4749285578727722,False
data/processed/cure_crops/176/bottom/customer/176_bottom_7718.png,176__bottom,0.5410060286521912,0.4051440358161926,False
data/processed/cure_crops/176/bottom/customer/176_bottom_7719.png,176__bottom,0.5616695284843445,0.49146801233291626,False
data/processed/cure_crops/176/bottom/customer/176_bottom_7720.png,176__bottom,0.5898329019546509,0.5738990902900696,False
data/processed/cure_crops/176/bottom/customer/176_bottom_7721.png,176__bottom,0.6098989248275757,0.5023081302642822,False
data/processed/cure_crops/176/bottom/customer/176_bottom_7722.png,176__bottom,0.5065436959266663,0.5889416933059692,False
data/processed/cure_crops/176/bottom/customer/176_bottom_7723.png,176__bottom,0.579978883266449,0.3712904453277588,False
data/processed/cure_crops/176/bottom/customer/176_bottom_7724.png,176__bottom,0.5237551331520081,0.4626149535179138,False
data/processed/cure_crops/176/top/customer/176_top_7685.png,176__top,0.695858359336853,0.711880087852478,False
data/processed/cure_crops/176/top/customer/176_top_7686.png,176__top,0.6743324995040894,0.7114841938018799,False
data/processed/cure_crops/176/top/customer/176_top_7687.png,176__top,0.6796952486038208,0.7314382195472717,False
data/processed/cure_crops/176/top/customer/176_top_7688.png,176__top,0.7849103808403015,0.745827853679657,False
data/processed/cure_crops/176/top/customer/176_top_7689.png,176__top,0.7949978709220886,0.7579960227012634,False
data/processed/cure_crops/176/top/customer/176_top_7690.png,176__top,0.8476201295852661,0.7750813961029053,False
data/processed/cure_crops/176/top/customer/176_top_7691.png,176__top,0.8401525020599365,0.8120856285095215,False
data/processed/cure_crops/176/top/customer/176_top_7692.png,176__top,0.764634370803833,0.7379897832870483,False
data/processed/cure_crops/176/top/customer/176_top_7693.png,176__top,0.8004873991012573,0.7246922850608826,False
data/processed/cure_crops/176/top/customer/176_top_7694.png,176__top,0.7876752614974976,0.7001665830612183,False
data/processed/cure_crops/176/top/customer/176_top_7695.png,176__top,0.7313542366027832,0.5860873460769653,False
data/processed/cure_crops/176/top/customer/176_top_7696.png,176__top,0.676260232925415,0.5958603620529175,False
data/processed/cure_crops/176/top/customer/176_top_7697.png,176__top,0.7398403882980347,0.6805666089057922,False
data/processed/cure_crops/176/top/customer/176_top_7698.png,176__top,0.7490884065628052,0.5553786754608154,False
data/processed/cure_crops/176/top/customer/176_top_7699.png,176__top,0.6961281299591064,0.5112650990486145,False
data/processed/cure_crops/176/top/customer/176_top_7700.png,176__top,0.7212264537811279,0.5566474199295044,False
data/processed/cure_crops/176/top/customer/176_top_7701.png,176__top,0.7690629959106445,0.6507296562194824,False
data/processed/cure_crops/176/top/customer/176_top_7702.png,176__top,0.6698768138885498,0.579067051410675,False
data/processed/cure_crops/176/top/customer/176_top_7703.png,176__top,0.6122739911079407,0.5113013386726379,False
data/processed/cure_crops/176/top/customer/176_top_7704.png,176__top,0.6774946451187134,0.6136925220489502,False
data/processed/cure_crops/176/top/customer/176_top_7705.png,176__top,0.7249397039413452,0.6371856927871704,False
data/processed/cure_crops/177/bottom/customer/177_bottom_7750.png,177__bottom,0.7768440246582031,0.6725233793258667,False
data/processed/cure_crops/177/bottom/customer/177_bottom_7751.png,177__bottom,0.7008346319198608,0.6669496297836304,False
data/processed/cure_crops/177/bottom/customer/177_bottom_7752.png,177__bottom,0.7592690587043762,0.6339259147644043,False
data/processed/cure_crops/177/bottom/customer/177_bottom_7753.png,177__bottom,0.6869242191314697,0.6864492893218994,False
data/processed/cure_crops/177/bottom/customer/177_bottom_7754.png,177__bottom,0.6872653961181641,0.7492761611938477,False
data/processed/cure_crops/177/bottom/customer/177_bottom_7755.png,177__bottom,0.7540849447250366,0.7632816433906555,False
data/processed/cure_crops/177/bottom/customer/177_bottom_7756.png,177__bottom,0.7556369304656982,0.7553926110267639,False
data/processed/cure_crops/177/bottom/customer/177_bottom_7757.png,177__bottom,0.7048565149307251,0.7128539681434631,False
data/processed/cure_crops/177/bottom/customer/177_bottom_7758.png,177__bottom,0.6937717199325562,0.745256245136261,False
data/processed/cure_crops/177/bottom/customer/177_bottom_7759.png,177__bottom,0.6001970767974854,0.6051155924797058,False
data/processed/cure_crops/177/bottom/customer/177_bottom_7760.png,177__bottom,0.6322876811027527,0.5675365924835205,False
data/processed/cure_crops/177/bottom/customer/177_bottom_7761.png,177__bottom,0.6197232007980347,0.5395712852478027,False
data/processed/cure_crops/177/bottom/customer/177_bottom_7762.png,177__bottom,0.4394907057285309,0.4978790879249573,False
data/processed/cure_crops/177/bottom/customer/177_bottom_7763.png,177__bottom,0.6699384450912476,0.6057976484298706,False
data/processed/cure_crops/177/bottom/customer/177_bottom_7764.png,177__bottom,0.6582280993461609,0.5345560312271118,False
data/processed/cure_crops/177/bottom/customer/177_bottom_7765.png,177__bottom,0.531976044178009,0.5123523473739624,False
data/processed/cure_crops/177/bottom/customer/177_bottom_7766.png,177__bottom,0.69446861743927,0.5642249584197998,False
data/processed/cure_crops/177/bottom/customer/177_bottom_7767.png,177__bottom,0.6407806277275085,0.5810027122497559,False
data/processed/cure_crops/177/bottom/customer/177_bottom_7768.png,177__bottom,0.6903973817825317,0.5815684795379639,False
data/processed/cure_crops/177/bottom/customer/177_bottom_7769.png,177__bottom,0.5132158994674683,0.617340087890625,False
data/processed/cure_crops/177/bottom/customer/177_bottom_7770.png,177__bottom,0.6135609149932861,0.599236786365509,False
data/processed/cure_crops/177/bottom/customer/177_bottom_7771.png,177__bottom,0.6828516721725464,0.5442099571228027,False
data/processed/cure_crops/177/top/customer/177_top_7725.png,177__top,0.6363478302955627,0.7053635120391846,False
data/processed/cure_crops/177/top/customer/177_top_7726.png,177__top,0.69320148229599,0.7359411716461182,False
data/processed/cure_crops/177/top/customer/177_top_7727.png,177__top,0.6679787635803223,0.7713519334793091,False
data/processed/cure_crops/177/top/customer/177_top_7728.png,177__top,0.7463802099227905,0.8323937654495239,False
data/processed/cure_crops/177/top/customer/177_top_7729.png,177__top,0.7074525356292725,0.7943011522293091,False
data/processed/cure_crops/177/top/customer/177_top_7730.png,177__top,0.6039485335350037,0.8381911516189575,False
data/processed/cure_crops/177/top/customer/177_top_7731.png,177__top,0.7170738577842712,0.7981913089752197,False
data/processed/cure_crops/177/top/customer/177_top_7732.png,177__top,0.6923510432243347,0.7401908040046692,False
data/processed/cure_crops/177/top/customer/177_top_7733.png,177__top,0.6948484182357788,0.7037574052810669,False
data/processed/cure_crops/177/top/customer/177_top_7734.png,177__top,0.7905329465866089,0.7560466527938843,False
data/processed/cure_crops/177/top/customer/177_top_7735.png,177__top,0.6146498918533325,0.6656445264816284,False
data/processed/cure_crops/177/top/customer/177_top_7736.png,177__top,0.6500567197799683,0.6812716722488403,False
data/processed/cure_crops/177/top/customer/177_top_7737.png,177__top,0.6349989771842957,0.5831625461578369,False
data/processed/cure_crops/177/top/customer/177_top_7738.png,177__top,0.6709619164466858,0.47643715143203735,False
data/processed/cure_crops/177/top/customer/177_top_7739.png,177__top,0.5593303442001343,0.6234418153762817,False
data/processed/cure_crops/177/top/customer/177_top_7740.png,177__top,0.5647677779197693,0.6591730117797852,False
data/processed/cure_crops/177/top/customer/177_top_7741.png,177__top,0.5816413164138794,0.7294519543647766,False
data/processed/cure_crops/177/top/customer/177_top_7742.png,177__top,0.7315009832382202,0.6126963496208191,False
data/processed/cure_crops/177/top/customer/177_top_7743.png,177__top,0.5540407299995422,0.7074243426322937,False
data/processed/cure_crops/177/top/customer/177_top_7744.png,177__top,0.6885000467300415,0.6148702502250671,False
data/processed/cure_crops/177/top/customer/177_top_7745.png,177__top,0.5643220543861389,0.5598610639572144,False
data/processed/cure_crops/177/top/customer/177_top_7746.png,177__top,0.5978095531463623,0.694705069065094,False
data/processed/cure_crops/177/top/customer/177_top_7747.png,177__top,0.6356735825538635,0.626927375793457,False
data/processed/cure_crops/177/top/customer/177_top_7748.png,177__top,0.5901249051094055,0.6217949390411377,False
data/processed/cure_crops/177/top/customer/177_top_7749.png,177__top,0.5901308059692383,0.7095382213592529,False
data/processed/cure_crops/178/bottom/customer/178_bottom_7792.png,178__bottom,0.7906488180160522,0.6961144208908081,False
data/processed/cure_crops/178/bottom/customer/178_bottom_7793.png,178__bottom,0.7566168308258057,0.645707368850708,False
data/processed/cure_crops/178/bottom/customer/178_bottom_7794.png,178__bottom,0.7354351282119751,0.5947818160057068,False
data/processed/cure_crops/178/bottom/customer/178_bottom_7795.png,178__bottom,0.7402614951133728,0.7357966899871826,False
data/processed/cure_crops/178/bottom/customer/178_bottom_7796.png,178__bottom,0.7390123009681702,0.7180495262145996,False
data/processed/cure_crops/178/bottom/customer/178_bottom_7797.png,178__bottom,0.6828204393386841,0.710602879524231,False
data/processed/cure_crops/178/bottom/customer/178_bottom_7798.png,178__bottom,0.7894642353057861,0.7318003177642822,False
data/processed/cure_crops/178/bottom/customer/178_bottom_7799.png,178__bottom,0.7379916906356812,0.7470020055770874,False
data/processed/cure_crops/178/bottom/customer/178_bottom_7800.png,178__bottom,0.6912387609481812,0.69410240650177,False
data/processed/cure_crops/178/bottom/customer/178_bottom_7801.png,178__bottom,0.7057292461395264,0.7066949605941772,False
data/processed/cure_crops/178/bottom/customer/178_bottom_7802.png,178__bottom,0.5984808206558228,0.5948742628097534,False
data/processed/cure_crops/178/bottom/customer/178_bottom_7803.png,178__bottom,0.737378716468811,0.712007999420166,False
data/processed/cure_crops/178/bottom/customer/178_bottom_7804.png,178__bottom,0.7290009260177612,0.6448583602905273,False
data/processed/cure_crops/178/bottom/customer/178_bottom_7805.png,178__bottom,0.7338708639144897,0.641340970993042,False
data/processed/cure_crops/178/bottom/customer/178_bottom_7806.png,178__bottom,0.7158476114273071,0.6394652724266052,False
data/processed/cure_crops/178/bottom/customer/178_bottom_7807.png,178__bottom,0.6946701407432556,0.6842021942138672,False
data/processed/cure_crops/178/bottom/customer/178_bottom_7808.png,178__bottom,0.6819314956665039,0.6103029847145081,False
data/processed/cure_crops/178/bottom/customer/178_bottom_7809.png,178__bottom,0.7151981592178345,0.6743641495704651,False
data/processed/cure_crops/178/bottom/customer/178_bottom_7810.png,178__bottom,0.7291730642318726,0.5795765519142151,False
data/processed/cure_crops/178/top/customer/178_top_7772.png,178__top,0.6964186429977417,0.5588749647140503,False
data/processed/cure_crops/178/top/customer/178_top_7773.png,178__top,0.6662763953208923,0.6395739316940308,False
data/processed/cure_crops/178/top/customer/178_top_7774.png,178__top,0.6828926801681519,0.7278517484664917,False
data/processed/cure_crops/178/top/customer/178_top_7775.png,178__top,0.7381172776222229,0.8519920706748962,False
data/processed/cure_crops/178/top/customer/178_top_7776.png,178__top,0.7696097493171692,0.7267194986343384,False
data/processed/cure_crops/178/top/customer/178_top_7777.png,178__top,0.7036356925964355,0.8472956418991089,False
data/processed/cure_crops/178/top/customer/178_top_7778.png,178__top,0.6456785202026367,0.6657736897468567,False
data/processed/cure_crops/178/top/customer/178_top_7779.png,178__top,0.692642092704773,0.7312013506889343,False
data/processed/cure_crops/178/top/customer/178_top_7780.png,178__top,0.6172137260437012,0.6624414920806885,False
data/processed/cure_crops/178/top/customer/178_top_7781.png,178__top,0.737022876739502,0.7599039077758789,False
data/processed/cure_crops/178/top/customer/178_top_7782.png,178__top,0.7390193939208984,0.6895075440406799,False
data/processed/cure_crops/178/top/customer/178_top_7783.png,178__top,0.7544348239898682,0.7262645363807678,False
data/processed/cure_crops/178/top/customer/178_top_7784.png,178__top,0.7721740007400513,0.723299503326416,False
data/processed/cure_crops/178/top/customer/178_top_7785.png,178__top,0.7302438616752625,0.7350663542747498,False
data/processed/cure_crops/178/top/customer/178_top_7786.png,178__top,0.7416070699691772,0.7889372110366821,False
data/processed/cure_crops/178/top/customer/178_top_7787.png,178__top,0.7348191142082214,0.784389853477478,False
data/processed/cure_crops/178/top/customer/178_top_7788.png,178__top,0.7521039843559265,0.8233754634857178,False
data/processed/cure_crops/178/top/customer/178_top_7789.png,178__top,0.7473959922790527,0.7125550508499146,False
data/processed/cure_crops/178/top/customer/178_top_7790.png,178__top,0.7927730083465576,0.7064332962036133,False
data/processed/cure_crops/178/top/customer/178_top_7791.png,178__top,0.7509201765060425,0.6381449699401855,False
data/processed/cure_crops/179/bottom/customer/179_bottom_7833.png,179__bottom,0.5215759873390198,0.5661705732345581,False
data/processed/cure_crops/179/bottom/customer/179_bottom_7834.png,179__bottom,0.733830451965332,0.644172191619873,False
data/processed/cure_crops/179/bottom/customer/179_bottom_7835.png,179__bottom,0.7268996834754944,0.644565224647522,False
data/processed/cure_crops/179/bottom/customer/179_bottom_7836.png,179__bottom,0.7530884146690369,0.8159298300743103,False
data/processed/cure_crops/179/bottom/customer/179_bottom_7837.png,179__bottom,0.7138592600822449,0.6424643993377686,False
data/processed/cure_crops/179/bottom/customer/179_bottom_7838.png,179__bottom,0.7463955879211426,0.7704626321792603,False
data/processed/cure_crops/179/bottom/customer/179_bottom_7839.png,179__bottom,0.6586853265762329,0.6202016472816467,False
data/processed/cure_crops/179/bottom/customer/179_bottom_7840.png,179__bottom,0.572091817855835,0.6192246079444885,False
data/processed/cure_crops/179/bottom/customer/179_bottom_7841.png,179__bottom,0.5664555430412292,0.5578397512435913,False
data/processed/cure_crops/179/bottom/customer/179_bottom_7842.png,179__bottom,0.7103213667869568,0.6597449779510498,False
data/processed/cure_crops/179/bottom/customer/179_bottom_7843.png,179__bottom,0.7399037480354309,0.664229154586792,False
data/processed/cure_crops/179/bottom/customer/179_bottom_7844.png,179__bottom,0.7289416790008545,0.560522198677063,False
data/processed/cure_crops/179/bottom/customer/179_bottom_7845.png,179__bottom,0.6768266558647156,0.6538569927215576,False
data/processed/cure_crops/179/bottom/customer/179_bottom_7846.png,179__bottom,0.6796078681945801,0.5966897010803223,False
data/processed/cure_crops/179/bottom/customer/179_bottom_7847.png,179__bottom,0.6903746128082275,0.6360043287277222,False
data/processed/cure_crops/179/bottom/customer/179_bottom_7848.png,179__bottom,0.7168556451797485,0.6431995034217834,False
data/processed/cure_crops/179/bottom/customer/179_bottom_7849.png,179__bottom,0.6835142374038696,0.6870152950286865,False
data/processed/cure_crops/179/bottom/customer/179_bottom_7850.png,179__bottom,0.7276043891906738,0.6733546257019043,False
data/processed/cure_crops/179/bottom/customer/179_bottom_7851.png,179__bottom,0.7314536571502686,0.6892617344856262,False
data/processed/cure_crops/179/bottom/customer/179_bottom_7852.png,179__bottom,0.710067868232727,0.6176756620407104,False
data/processed/cure_crops/179/top/customer/179_top_7811.png,179__top,0.6734603643417358,0.7397036552429199,False
data/processed/cure_crops/179/top/customer/179_top_7812.png,179__top,0.7542001008987427,0.7809975147247314,False
data/processed/cure_crops/179/top/customer/179_top_7813.png,179__top,0.6330809593200684,0.7615028023719788,False
data/processed/cure_crops/179/top/customer/179_top_7814.png,179__top,0.6484018564224243,0.7458558678627014,False
data/processed/cure_crops/179/top/customer/179_top_7815.png,179__top,0.6742796897888184,0.752354621887207,False
data/processed/cure_crops/179/top/customer/179_top_7816.png,179__top,0.7275577783584595,0.824887752532959,False
data/processed/cure_crops/179/top/customer/179_top_7817.png,179__top,0.6553056836128235,0.7260663509368896,False
data/processed/cure_crops/179/top/customer/179_top_7818.png,179__top,0.6487400531768799,0.7916314601898193,False
data/processed/cure_crops/179/top/customer/179_top_7819.png,179__top,0.580910325050354,0.7193950414657593,False
data/processed/cure_crops/179/top/customer/179_top_7820.png,179__top,0.7736392021179199,0.8114999532699585,False
data/processed/cure_crops/179/top/customer/179_top_7821.png,179__top,0.6206229329109192,0.6700955629348755,False
data/processed/cure_crops/179/top/customer/179_top_7822.png,179__top,0.6048064231872559,0.7197952270507812,False
data/processed/cure_crops/179/top/customer/179_top_7823.png,179__top,0.6692163944244385,0.7375410795211792,False
data/processed/cure_crops/179/top/customer/179_top_7824.png,179__top,0.5789673328399658,0.6892777681350708,False
data/processed/cure_crops/179/top/customer/179_top_7825.png,179__top,0.7174712419509888,0.7227076292037964,False
data/processed/cure_crops/179/top/customer/179_top_7826.png,179__top,0.6866576671600342,0.6686391830444336,False
data/processed/cure_crops/179/top/customer/179_top_7827.png,179__top,0.6574533581733704,0.7106497287750244,False
data/processed/cure_crops/179/top/customer/179_top_7828.png,179__top,0.6742770671844482,0.7198196649551392,False
data/processed/cure_crops/179/top/customer/179_top_7829.png,179__top,0.648926317691803,0.679568886756897,False
data/processed/cure_crops/179/top/customer/179_top_7830.png,179__top,0.6673035621643066,0.7405729293823242,False
data/processed/cure_crops/179/top/customer/179_top_7831.png,179__top,0.5920264720916748,0.5114351511001587,False
data/processed/cure_crops/179/top/customer/179_top_7832.png,179__top,0.6578154563903809,0.6970571279525757,False
data/processed/cure_crops/18/bottom/customer/18_bottom_802.png,18__bottom,0.7187201976776123,0.735203742980957,False
data/processed/cure_crops/18/bottom/customer/18_bottom_803.png,18__bottom,0.4345178008079529,0.41558706760406494,False
data/processed/cure_crops/18/bottom/customer/18_bottom_804.png,18__bottom,0.7159268856048584,0.7530354261398315,False
data/processed/cure_crops/18/bottom/customer/18_bottom_805.png,18__bottom,0.5051363706588745,0.5123781561851501,False
data/processed/cure_crops/18/bottom/customer/18_bottom_806.png,18__bottom,0.5455726385116577,0.7052023410797119,False
data/processed/cure_crops/18/bottom/customer/18_bottom_807.png,18__bottom,0.4449826180934906,0.422873318195343,False
data/processed/cure_crops/18/bottom/customer/18_bottom_808.png,18__bottom,0.6683089137077332,0.7025378942489624,False
data/processed/cure_crops/18/bottom/customer/18_bottom_809.png,18__bottom,0.530953586101532,0.6184303760528564,False
data/processed/cure_crops/18/bottom/customer/18_bottom_810.png,18__bottom,0.5142648220062256,0.43823182582855225,False
data/processed/cure_crops/18/bottom/customer/18_bottom_811.png,18__bottom,0.610337495803833,0.6794078946113586,False
data/processed/cure_crops/18/bottom/customer/18_bottom_812.png,18__bottom,0.6332560777664185,0.7104816436767578,False
data/processed/cure_crops/18/bottom/customer/18_bottom_813.png,18__bottom,0.6797832250595093,0.7507537603378296,False
data/processed/cure_crops/18/bottom/customer/18_bottom_814.png,18__bottom,0.674471378326416,0.7227674722671509,False
data/processed/cure_crops/18/bottom/customer/18_bottom_815.png,18__bottom,0.5955752730369568,0.7375000715255737,False
data/processed/cure_crops/18/bottom/customer/18_bottom_816.png,18__bottom,0.7103515863418579,0.732978343963623,False
data/processed/cure_crops/18/bottom/customer/18_bottom_817.png,18__bottom,0.5911571383476257,0.6968074440956116,False
data/processed/cure_crops/18/bottom/customer/18_bottom_818.png,18__bottom,0.6201620697975159,0.750237226486206,False
data/processed/cure_crops/18/bottom/customer/18_bottom_819.png,18__bottom,0.6142981052398682,0.6851354837417603,False
data/processed/cure_crops/18/bottom/customer/18_bottom_820.png,18__bottom,0.5548556447029114,0.7775970697402954,False
data/processed/cure_crops/18/bottom/customer/18_bottom_821.png,18__bottom,0.6351820230484009,0.7341272234916687,False
data/processed/cure_crops/18/bottom/customer/18_bottom_822.png,18__bottom,0.7143454551696777,0.7490229606628418,False
data/processed/cure_crops/18/bottom/customer/18_bottom_823.png,18__bottom,0.6770694255828857,0.7525976896286011,False
data/processed/cure_crops/18/top/customer/18_top_781.png,18__top,0.5223026275634766,0.6759305000305176,False
data/processed/cure_crops/18/top/customer/18_top_782.png,18__top,0.8125766515731812,0.6881105899810791,False
data/processed/cure_crops/18/top/customer/18_top_783.png,18__top,0.4904577136039734,0.5753247737884521,False
data/processed/cure_crops/18/top/customer/18_top_784.png,18__top,0.7934341430664062,0.8008874654769897,False
data/processed/cure_crops/18/top/customer/18_top_785.png,18__top,0.5776796936988831,0.7403301000595093,False
data/processed/cure_crops/18/top/customer/18_top_787.png,18__top,0.5433607697486877,0.680625319480896,False
data/processed/cure_crops/18/top/customer/18_top_788.png,18__top,0.6346393823623657,0.6885694265365601,False
data/processed/cure_crops/18/top/customer/18_top_789.png,18__top,0.5693185329437256,0.7006712555885315,False
data/processed/cure_crops/18/top/customer/18_top_790.png,18__top,0.529413640499115,0.5412940382957458,False
data/processed/cure_crops/18/top/customer/18_top_791.png,18__top,0.6234725117683411,0.5454601049423218,False
data/processed/cure_crops/18/top/customer/18_top_792.png,18__top,0.5016430616378784,0.4996430277824402,False
data/processed/cure_crops/18/top/customer/18_top_793.png,18__top,0.5495945811271667,0.4703739583492279,False
data/processed/cure_crops/18/top/customer/18_top_794.png,18__top,0.5097521543502808,0.5080335736274719,False
data/processed/cure_crops/18/top/customer/18_top_795.png,18__top,0.5686584115028381,0.5582300424575806,False
data/processed/cure_crops/18/top/customer/18_top_796.png,18__top,0.530288577079773,0.5507215261459351,False
data/processed/cure_crops/18/top/customer/18_top_797.png,18__top,0.5404809713363647,0.47172069549560547,False
data/processed/cure_crops/18/top/customer/18_top_798.png,18__top,0.4889121353626251,0.6265997886657715,False
data/processed/cure_crops/18/top/customer/18_top_799.png,18__top,0.5218259692192078,0.5106278657913208,False
data/processed/cure_crops/18/top/customer/18_top_800.png,18__top,0.6008999943733215,0.609902024269104,False
data/processed/cure_crops/18/top/customer/18_top_801.png,18__top,0.5276613235473633,0.5059868097305298,False
data/processed/cure_crops/180/bottom/customer/180_bottom_7875.png,180__bottom,0.5965246558189392,0.5109533667564392,False
data/processed/cure_crops/180/bottom/customer/180_bottom_7876.png,180__bottom,0.5491814017295837,0.5766873955726624,False
data/processed/cure_crops/180/bottom/customer/180_bottom_7877.png,180__bottom,0.5640323162078857,0.5525692701339722,False
data/processed/cure_crops/180/bottom/customer/180_bottom_7878.png,180__bottom,0.8648680448532104,0.815760612487793,False
data/processed/cure_crops/180/bottom/customer/180_bottom_7879.png,180__bottom,0.6732240319252014,0.7519230842590332,False
data/processed/cure_crops/180/bottom/customer/180_bottom_7880.png,180__bottom,0.7236899137496948,0.7350621223449707,False
data/processed/cure_crops/180/bottom/customer/180_bottom_7881.png,180__bottom,0.5678192973136902,0.6002731919288635,False
data/processed/cure_crops/180/bottom/customer/180_bottom_7882.png,180__bottom,0.47382181882858276,0.6367135047912598,False
data/processed/cure_crops/180/bottom/customer/180_bottom_7883.png,180__bottom,0.5622611045837402,0.6261723041534424,False
data/processed/cure_crops/180/bottom/customer/180_bottom_7884.png,180__bottom,0.48494333028793335,0.6345735788345337,False
data/processed/cure_crops/180/bottom/customer/180_bottom_7885.png,180__bottom,0.5579639077186584,0.5317516922950745,False
data/processed/cure_crops/180/bottom/customer/180_bottom_7886.png,180__bottom,0.4590001106262207,0.5810025930404663,False
data/processed/cure_crops/180/bottom/customer/180_bottom_7887.png,180__bottom,0.5396832823753357,0.667118489742279,False
data/processed/cure_crops/180/bottom/customer/180_bottom_7888.png,180__bottom,0.4454222619533539,0.576292097568512,False
data/processed/cure_crops/180/bottom/customer/180_bottom_7889.png,180__bottom,0.47364118695259094,0.6018480658531189,False
data/processed/cure_crops/180/bottom/customer/180_bottom_7890.png,180__bottom,0.4267401099205017,0.6512640714645386,False
data/processed/cure_crops/180/bottom/customer/180_bottom_7891.png,180__bottom,0.36544549465179443,0.5593324899673462,False
data/processed/cure_crops/180/bottom/customer/180_bottom_7892.png,180__bottom,0.49885401129722595,0.6384748816490173,False
data/processed/cure_crops/180/bottom/customer/180_bottom_7893.png,180__bottom,0.5444133281707764,0.6561360359191895,False
data/processed/cure_crops/180/bottom/customer/180_bottom_7894.png,180__bottom,0.4191596508026123,0.632684588432312,False
data/processed/cure_crops/180/bottom/customer/180_bottom_7895.png,180__bottom,0.43394702672958374,0.6100142002105713,False
data/processed/cure_crops/180/top/customer/180_top_7853.png,180__top,0.7093755006790161,0.7792088389396667,False
data/processed/cure_crops/180/top/customer/180_top_7854.png,180__top,0.6393682360649109,0.7530106902122498,False
data/processed/cure_crops/180/top/customer/180_top_7855.png,180__top,0.6783571243286133,0.7636908292770386,False
data/processed/cure_crops/180/top/customer/180_top_7856.png,180__top,0.7198690176010132,0.8260354995727539,False
data/processed/cure_crops/180/top/customer/180_top_7857.png,180__top,0.675704836845398,0.8523238897323608,False
data/processed/cure_crops/180/top/customer/180_top_7858.png,180__top,0.7415589690208435,0.7957838773727417,False
data/processed/cure_crops/180/top/customer/180_top_7859.png,180__top,0.6662940382957458,0.6867705583572388,False
data/processed/cure_crops/180/top/customer/180_top_7860.png,180__top,0.7862101793289185,0.6721003651618958,False
data/processed/cure_crops/180/top/customer/180_top_7861.png,180__top,0.7262611985206604,0.7449454665184021,False
data/processed/cure_crops/180/top/customer/180_top_7862.png,180__top,0.6555932760238647,0.7315369844436646,False
data/processed/cure_crops/180/top/customer/180_top_7863.png,180__top,0.6834151744842529,0.6969842910766602,False
data/processed/cure_crops/180/top/customer/180_top_7864.png,180__top,0.6338803768157959,0.6692256927490234,False
data/processed/cure_crops/180/top/customer/180_top_7865.png,180__top,0.7080333232879639,0.6890748143196106,False
data/processed/cure_crops/180/top/customer/180_top_7866.png,180__top,0.6539133191108704,0.7264508605003357,False
data/processed/cure_crops/180/top/customer/180_top_7867.png,180__top,0.6907378435134888,0.7132638692855835,False
data/processed/cure_crops/180/top/customer/180_top_7868.png,180__top,0.647192656993866,0.7145557403564453,False
data/processed/cure_crops/180/top/customer/180_top_7869.png,180__top,0.6288210153579712,0.6965615153312683,False
data/processed/cure_crops/180/top/customer/180_top_7870.png,180__top,0.6358729004859924,0.6657955646514893,False
data/processed/cure_crops/180/top/customer/180_top_7871.png,180__top,0.6631036400794983,0.6913589239120483,False
data/processed/cure_crops/180/top/customer/180_top_7872.png,180__top,0.6535804271697998,0.6574294567108154,False
data/processed/cure_crops/180/top/customer/180_top_7873.png,180__top,0.5854000449180603,0.6308537721633911,False
data/processed/cure_crops/180/top/customer/180_top_7874.png,180__top,0.649151086807251,0.6521223783493042,False
data/processed/cure_crops/181/bottom/customer/181_bottom_7919.png,181__bottom,0.5711367130279541,0.7171902656555176,False
data/processed/cure_crops/181/bottom/customer/181_bottom_7920.png,181__bottom,0.5835438966751099,0.7240282297134399,False
data/processed/cure_crops/181/bottom/customer/181_bottom_7921.png,181__bottom,0.6616677641868591,0.759989321231842,False
data/processed/cure_crops/181/bottom/customer/181_bottom_7922.png,181__bottom,0.4966765344142914,0.7569082975387573,False
data/processed/cure_crops/181/bottom/customer/181_bottom_7923.png,181__bottom,0.5166486501693726,0.6613783836364746,False
data/processed/cure_crops/181/bottom/customer/181_bottom_7924.png,181__bottom,0.53677898645401,0.6570797562599182,False
data/processed/cure_crops/181/bottom/customer/181_bottom_7925.png,181__bottom,0.6845465302467346,0.7975087761878967,False
data/processed/cure_crops/181/bottom/customer/181_bottom_7926.png,181__bottom,0.4908502995967865,0.7790936231613159,False
data/processed/cure_crops/181/bottom/customer/181_bottom_7927.png,181__bottom,0.6033287048339844,0.79490065574646,False
data/processed/cure_crops/181/bottom/customer/181_bottom_7928.png,181__bottom,0.5533590912818909,0.5217078924179077,False
data/processed/cure_crops/181/bottom/customer/181_bottom_7929.png,181__bottom,0.5567291975021362,0.63543701171875,False
data/processed/cure_crops/181/bottom/customer/181_bottom_7930.png,181__bottom,0.5617388486862183,0.6838980317115784,False
data/processed/cure_crops/181/bottom/customer/181_bottom_7931.png,181__bottom,0.5560371279716492,0.6493574976921082,False
data/processed/cure_crops/181/bottom/customer/181_bottom_7932.png,181__bottom,0.5815978646278381,0.6471045613288879,False
data/processed/cure_crops/181/bottom/customer/181_bottom_7933.png,181__bottom,0.5556856393814087,0.6266224384307861,False
data/processed/cure_crops/181/bottom/customer/181_bottom_7934.png,181__bottom,0.526429295539856,0.5381262302398682,False
data/processed/cure_crops/181/bottom/customer/181_bottom_7935.png,181__bottom,0.5715595483779907,0.5333367586135864,False
data/processed/cure_crops/181/bottom/customer/181_bottom_7936.png,181__bottom,0.5736196041107178,0.5901752710342407,False
data/processed/cure_crops/181/bottom/customer/181_bottom_7937.png,181__bottom,0.5725953578948975,0.6392463445663452,False
data/processed/cure_crops/181/bottom/customer/181_bottom_7938.png,181__bottom,0.5590769648551941,0.592012882232666,False
data/processed/cure_crops/181/bottom/customer/181_bottom_7939.png,181__bottom,0.5721513628959656,0.6292456388473511,False
data/processed/cure_crops/181/bottom/customer/181_bottom_7940.png,181__bottom,0.4233415126800537,0.3528042435646057,False
data/processed/cure_crops/181/bottom/customer/181_bottom_7941.png,181__bottom,0.5940436124801636,0.5141285061836243,False
data/processed/cure_crops/181/bottom/customer/181_bottom_7942.png,181__bottom,0.5723583102226257,0.5269536375999451,False
data/processed/cure_crops/181/bottom/customer/181_bottom_7943.png,181__bottom,0.5376642346382141,0.5716720819473267,False
data/processed/cure_crops/181/bottom/customer/181_bottom_7944.png,181__bottom,0.5505621433258057,0.5993627309799194,False
data/processed/cure_crops/181/bottom/customer/181_bottom_7945.png,181__bottom,0.5706645250320435,0.5747281312942505,False
data/processed/cure_crops/181/bottom/customer/181_bottom_7946.png,181__bottom,0.5789899826049805,0.5532904863357544,False
data/processed/cure_crops/181/top/customer/181_top_7896.png,181__top,0.5556151270866394,0.7148728370666504,False
data/processed/cure_crops/181/top/customer/181_top_7897.png,181__top,0.596932053565979,0.8190499544143677,False
data/processed/cure_crops/181/top/customer/181_top_7898.png,181__top,0.6342493295669556,0.8226827383041382,False
data/processed/cure_crops/181/top/customer/181_top_7899.png,181__top,0.5021908283233643,0.5895523428916931,False
data/processed/cure_crops/181/top/customer/181_top_7900.png,181__top,0.46031782031059265,0.6178967356681824,False
data/processed/cure_crops/181/top/customer/181_top_7901.png,181__top,0.5146141052246094,0.5783911347389221,False
data/processed/cure_crops/181/top/customer/181_top_7902.png,181__top,0.6495368480682373,0.7307532429695129,False
data/processed/cure_crops/181/top/customer/181_top_7903.png,181__top,0.6163344383239746,0.7512027025222778,False
data/processed/cure_crops/181/top/customer/181_top_7904.png,181__top,0.5978360176086426,0.7363594770431519,False
data/processed/cure_crops/181/top/customer/181_top_7905.png,181__top,0.5216150283813477,0.44547373056411743,False
data/processed/cure_crops/181/top/customer/181_top_7906.png,181__top,0.47814783453941345,0.5417695045471191,False
data/processed/cure_crops/181/top/customer/181_top_7907.png,181__top,0.5345661044120789,0.5294097661972046,False
data/processed/cure_crops/181/top/customer/181_top_7908.png,181__top,0.46791577339172363,0.6150659322738647,False
data/processed/cure_crops/181/top/customer/181_top_7909.png,181__top,0.4862479567527771,0.4318067133426666,False
data/processed/cure_crops/181/top/customer/181_top_7910.png,181__top,0.5152333974838257,0.6245602369308472,False
data/processed/cure_crops/181/top/customer/181_top_7911.png,181__top,0.47456809878349304,0.42187878489494324,False
data/processed/cure_crops/181/top/customer/181_top_7912.png,181__top,0.4910348653793335,0.5814568996429443,False
data/processed/cure_crops/181/top/customer/181_top_7913.png,181__top,0.5207240581512451,0.5794994831085205,False
data/processed/cure_crops/181/top/customer/181_top_7914.png,181__top,0.5154675245285034,0.47223231196403503,False
data/processed/cure_crops/181/top/customer/181_top_7915.png,181__top,0.4935116767883301,0.3992960751056671,False
data/processed/cure_crops/181/top/customer/181_top_7916.png,181__top,0.488905131816864,0.5411901473999023,False
data/processed/cure_crops/181/top/customer/181_top_7917.png,181__top,0.5055567026138306,0.601155161857605,False
data/processed/cure_crops/181/top/customer/181_top_7918.png,181__top,0.5561880469322205,0.6378370523452759,False
data/processed/cure_crops/182/bottom/customer/182_bottom_7969.png,182__bottom,0.7036658525466919,0.709773063659668,False
data/processed/cure_crops/182/bottom/customer/182_bottom_7970.png,182__bottom,0.7429470419883728,0.7622739672660828,False
data/processed/cure_crops/182/bottom/customer/182_bottom_7971.png,182__bottom,0.7349549531936646,0.7104402780532837,False
data/processed/cure_crops/182/bottom/customer/182_bottom_7972.png,182__bottom,0.7500995397567749,0.6067346930503845,False
data/processed/cure_crops/182/bottom/customer/182_bottom_7973.png,182__bottom,0.7505871057510376,0.7807754278182983,False
data/processed/cure_crops/182/bottom/customer/182_bottom_7974.png,182__bottom,0.7503619194030762,0.7876415252685547,False
data/processed/cure_crops/182/bottom/customer/182_bottom_7975.png,182__bottom,0.651591420173645,0.7724734544754028,False
data/processed/cure_crops/182/bottom/customer/182_bottom_7976.png,182__bottom,0.6715892553329468,0.7208865880966187,False
data/processed/cure_crops/182/bottom/customer/182_bottom_7977.png,182__bottom,0.6393983364105225,0.7104753255844116,False
data/processed/cure_crops/182/bottom/customer/182_bottom_7978.png,182__bottom,0.6754022836685181,0.7069811820983887,False
data/processed/cure_crops/182/bottom/customer/182_bottom_7979.png,182__bottom,0.653353750705719,0.68034428358078,False
data/processed/cure_crops/182/bottom/customer/182_bottom_7980.png,182__bottom,0.6843442320823669,0.7024444341659546,False
data/processed/cure_crops/182/bottom/customer/182_bottom_7981.png,182__bottom,0.710439145565033,0.6814202070236206,False
data/processed/cure_crops/182/bottom/customer/182_bottom_7982.png,182__bottom,0.6458022594451904,0.683025598526001,False
data/processed/cure_crops/182/bottom/customer/182_bottom_7983.png,182__bottom,0.6704519987106323,0.7170659303665161,False
data/processed/cure_crops/182/bottom/customer/182_bottom_7984.png,182__bottom,0.6429738998413086,0.6781776547431946,False
data/processed/cure_crops/182/bottom/customer/182_bottom_7985.png,182__bottom,0.7255275249481201,0.6803606152534485,False
data/processed/cure_crops/182/bottom/customer/182_bottom_7986.png,182__bottom,0.6571178436279297,0.68004310131073,False
data/processed/cure_crops/182/bottom/customer/182_bottom_7987.png,182__bottom,0.671093761920929,0.6989436149597168,False
data/processed/cure_crops/182/bottom/customer/182_bottom_7988.png,182__bottom,0.6685791015625,0.6796447038650513,False
data/processed/cure_crops/182/bottom/customer/182_bottom_7989.png,182__bottom,0.7138156890869141,0.6911301612854004,False
data/processed/cure_crops/182/bottom/customer/182_bottom_7990.png,182__bottom,0.546419620513916,0.6848631501197815,False
data/processed/cure_crops/182/bottom/customer/182_bottom_7991.png,182__bottom,0.6832724809646606,0.6407667994499207,False
data/processed/cure_crops/182/bottom/customer/182_bottom_7992.png,182__bottom,0.7460458278656006,0.6894200444221497,False
data/processed/cure_crops/182/top/customer/182_top_7947.png,182__top,0.6317178010940552,0.8159281015396118,False
data/processed/cure_crops/182/top/customer/182_top_7948.png,182__top,0.6628539562225342,0.7638143301010132,False
data/processed/cure_crops/182/top/customer/182_top_7949.png,182__top,0.6683881282806396,0.745211124420166,False
data/processed/cure_crops/182/top/customer/182_top_7950.png,182__top,0.7743861675262451,0.8091762065887451,False
data/processed/cure_crops/182/top/customer/182_top_7951.png,182__top,0.6703547835350037,0.7640258073806763,False
data/processed/cure_crops/182/top/customer/182_top_7952.png,182__top,0.6837834119796753,0.6960326433181763,False
data/processed/cure_crops/182/top/customer/182_top_7953.png,182__top,0.6747221350669861,0.8026169538497925,False
data/processed/cure_crops/182/top/customer/182_top_7954.png,182__top,0.688997745513916,0.7769020199775696,False
data/processed/cure_crops/182/top/customer/182_top_7955.png,182__top,0.7319357395172119,0.7424445152282715,False
data/processed/cure_crops/182/top/customer/182_top_7956.png,182__top,0.6946072578430176,0.7954782247543335,False
data/processed/cure_crops/182/top/customer/182_top_7957.png,182__top,0.7826096415519714,0.7485737204551697,False
data/processed/cure_crops/182/top/customer/182_top_7958.png,182__top,0.755825400352478,0.7314595580101013,False
data/processed/cure_crops/182/top/customer/182_top_7959.png,182__top,0.7267914414405823,0.7618798017501831,False
data/processed/cure_crops/182/top/customer/182_top_7960.png,182__top,0.7441524267196655,0.7407300472259521,False
data/processed/cure_crops/182/top/customer/182_top_7961.png,182__top,0.7758760452270508,0.8028830289840698,False
data/processed/cure_crops/182/top/customer/182_top_7962.png,182__top,0.7049626708030701,0.6998052000999451,False
data/processed/cure_crops/182/top/customer/182_top_7963.png,182__top,0.7065926194190979,0.7042941451072693,False
data/processed/cure_crops/182/top/customer/182_top_7964.png,182__top,0.6899146437644958,0.779370903968811,False
data/processed/cure_crops/182/top/customer/182_top_7965.png,182__top,0.7516655921936035,0.7635780572891235,False
data/processed/cure_crops/182/top/customer/182_top_7966.png,182__top,0.7026145458221436,0.804640531539917,False
data/processed/cure_crops/182/top/customer/182_top_7967.png,182__top,0.6691887378692627,0.7366905212402344,False
data/processed/cure_crops/182/top/customer/182_top_7968.png,182__top,0.7062371373176575,0.7411359548568726,False
data/processed/cure_crops/183/bottom/customer/183_bottom_8018.png,183__bottom,0.6145167350769043,0.496809184551239,False
data/processed/cure_crops/183/bottom/customer/183_bottom_8019.png,183__bottom,0.634014368057251,0.40375596284866333,False
data/processed/cure_crops/183/bottom/customer/183_bottom_8020.png,183__bottom,0.678436279296875,0.580113410949707,False
data/processed/cure_crops/183/bottom/customer/183_bottom_8021.png,183__bottom,0.5128145813941956,0.4470512866973877,False
data/processed/cure_crops/183/bottom/customer/183_bottom_8022.png,183__bottom,0.5832386612892151,0.503176212310791,False
data/processed/cure_crops/183/bottom/customer/183_bottom_8023.png,183__bottom,0.5993543863296509,0.4751054048538208,False
data/processed/cure_crops/183/bottom/customer/183_bottom_8024.png,183__bottom,0.5656329393386841,0.5247941017150879,False
data/processed/cure_crops/183/bottom/customer/183_bottom_8025.png,183__bottom,0.5482043623924255,0.4826529622077942,False
data/processed/cure_crops/183/bottom/customer/183_bottom_8026.png,183__bottom,0.7112830281257629,0.5804129242897034,False
data/processed/cure_crops/183/bottom/customer/183_bottom_8027.png,183__bottom,0.6321910619735718,0.5269309282302856,False
data/processed/cure_crops/183/bottom/customer/183_bottom_8028.png,183__bottom,0.6611525416374207,0.46006304025650024,False
data/processed/cure_crops/183/bottom/customer/183_bottom_8029.png,183__bottom,0.6617918014526367,0.4136101007461548,False
data/processed/cure_crops/183/bottom/customer/183_bottom_8030.png,183__bottom,0.642822265625,0.44847437739372253,False
data/processed/cure_crops/183/bottom/customer/183_bottom_8031.png,183__bottom,0.5949201583862305,0.45787322521209717,False
data/processed/cure_crops/183/bottom/customer/183_bottom_8032.png,183__bottom,0.6626065373420715,0.507817268371582,False
data/processed/cure_crops/183/bottom/customer/183_bottom_8033.png,183__bottom,0.6428894996643066,0.5087518095970154,False
data/processed/cure_crops/183/bottom/customer/183_bottom_8034.png,183__bottom,0.6270667314529419,0.3881426751613617,False
data/processed/cure_crops/183/bottom/customer/183_bottom_8035.png,183__bottom,0.6725493669509888,0.46873265504837036,False
data/processed/cure_crops/183/bottom/customer/183_bottom_8036.png,183__bottom,0.6593773365020752,0.4837067723274231,False
data/processed/cure_crops/183/bottom/customer/183_bottom_8037.png,183__bottom,0.6184905767440796,0.43967318534851074,False
data/processed/cure_crops/183/bottom/customer/183_bottom_8038.png,183__bottom,0.6814824342727661,0.4384971559047699,False
data/processed/cure_crops/183/bottom/customer/183_bottom_8039.png,183__bottom,0.6375495195388794,0.4795420169830322,False
data/processed/cure_crops/183/top/customer/183_top_7993.png,183__top,0.7126706838607788,0.6683622598648071,False
data/processed/cure_crops/183/top/customer/183_top_7994.png,183__top,0.7182012796401978,0.5481665134429932,False
data/processed/cure_crops/183/top/customer/183_top_7995.png,183__top,0.7155799269676208,0.6407201290130615,False
data/processed/cure_crops/183/top/customer/183_top_7996.png,183__top,0.7634551525115967,0.7438768744468689,False
data/processed/cure_crops/183/top/customer/183_top_7997.png,183__top,0.7106726765632629,0.6710375547409058,False
data/processed/cure_crops/183/top/customer/183_top_7998.png,183__top,0.6862901449203491,0.6835062503814697,False
data/processed/cure_crops/183/top/customer/183_top_7999.png,183__top,0.8283236026763916,0.8595201969146729,False
data/processed/cure_crops/183/top/customer/183_top_8000.png,183__top,0.7029709815979004,0.6219756603240967,False
data/processed/cure_crops/183/top/customer/183_top_8001.png,183__top,0.6015467047691345,0.6530969142913818,False
data/processed/cure_crops/183/top/customer/183_top_8002.png,183__top,0.7022539377212524,0.5759053230285645,False
data/processed/cure_crops/183/top/customer/183_top_8003.png,183__top,0.6803461313247681,0.694050669670105,False
data/processed/cure_crops/183/top/customer/183_top_8004.png,183__top,0.6333957314491272,0.6107381582260132,False
data/processed/cure_crops/183/top/customer/183_top_8005.png,183__top,0.7666637897491455,0.5480462312698364,False
data/processed/cure_crops/183/top/customer/183_top_8006.png,183__top,0.7669346332550049,0.5732008218765259,False
data/processed/cure_crops/183/top/customer/183_top_8007.png,183__top,0.6583907604217529,0.5770298838615417,False
data/processed/cure_crops/183/top/customer/183_top_8008.png,183__top,0.7666232585906982,0.629494309425354,False
data/processed/cure_crops/183/top/customer/183_top_8009.png,183__top,0.6591417193412781,0.475836843252182,False
data/processed/cure_crops/183/top/customer/183_top_8010.png,183__top,0.7345922589302063,0.43619662523269653,False
data/processed/cure_crops/183/top/customer/183_top_8011.png,183__top,0.5225309729576111,0.40974974632263184,False
data/processed/cure_crops/183/top/customer/183_top_8012.png,183__top,0.7214795351028442,0.5254237055778503,False
data/processed/cure_crops/183/top/customer/183_top_8013.png,183__top,0.7671040892601013,0.5187706351280212,False
data/processed/cure_crops/183/top/customer/183_top_8014.png,183__top,0.6770107746124268,0.5727801322937012,False
data/processed/cure_crops/183/top/customer/183_top_8015.png,183__top,0.6351931095123291,0.47189950942993164,False
data/processed/cure_crops/183/top/customer/183_top_8016.png,183__top,0.6652634143829346,0.6480154991149902,False
data/processed/cure_crops/183/top/customer/183_top_8017.png,183__top,0.6578176021575928,0.5167244672775269,False
data/processed/cure_crops/184/bottom/customer/184_bottom_8066.png,184__bottom,0.5478800535202026,0.6652340888977051,False
data/processed/cure_crops/184/bottom/customer/184_bottom_8067.png,184__bottom,0.544338583946228,0.6925276517868042,False
data/processed/cure_crops/184/bottom/customer/184_bottom_8068.png,184__bottom,0.6072419881820679,0.6837790608406067,False
data/processed/cure_crops/184/bottom/customer/184_bottom_8069.png,184__bottom,0.48012080788612366,0.47763365507125854,False
data/processed/cure_crops/184/bottom/customer/184_bottom_8070.png,184__bottom,0.45975732803344727,0.5249279737472534,False
data/processed/cure_crops/184/bottom/customer/184_bottom_8071.png,184__bottom,0.5071927309036255,0.6229508519172668,False
data/processed/cure_crops/184/bottom/customer/184_bottom_8072.png,184__bottom,0.579643726348877,0.6485780477523804,False
data/processed/cure_crops/184/bottom/customer/184_bottom_8073.png,184__bottom,0.6424670219421387,0.6882673501968384,False
data/processed/cure_crops/184/bottom/customer/184_bottom_8074.png,184__bottom,0.5883824229240417,0.597032368183136,False
data/processed/cure_crops/184/bottom/customer/184_bottom_8075.png,184__bottom,0.5635645389556885,0.6762303113937378,False
data/processed/cure_crops/184/bottom/customer/184_bottom_8076.png,184__bottom,0.5923548936843872,0.5292586088180542,False
data/processed/cure_crops/184/bottom/customer/184_bottom_8077.png,184__bottom,0.6022864580154419,0.5119835138320923,False
data/processed/cure_crops/184/bottom/customer/184_bottom_8078.png,184__bottom,0.5938254594802856,0.6181952357292175,False
data/processed/cure_crops/184/bottom/customer/184_bottom_8079.png,184__bottom,0.5838915109634399,0.5778222680091858,False
data/processed/cure_crops/184/bottom/customer/184_bottom_8080.png,184__bottom,0.5581141710281372,0.46873512864112854,False
data/processed/cure_crops/184/bottom/customer/184_bottom_8081.png,184__bottom,0.5704303979873657,0.551311731338501,False
data/processed/cure_crops/184/bottom/customer/184_bottom_8082.png,184__bottom,0.6074239015579224,0.5768899917602539,False
data/processed/cure_crops/184/bottom/customer/184_bottom_8083.png,184__bottom,0.5473040342330933,0.6436831951141357,False
data/processed/cure_crops/184/bottom/customer/184_bottom_8084.png,184__bottom,0.5418636798858643,0.49535638093948364,False
data/processed/cure_crops/184/bottom/customer/184_bottom_8085.png,184__bottom,0.5798261165618896,0.5668563842773438,False
data/processed/cure_crops/184/bottom/customer/184_bottom_8086.png,184__bottom,0.5413033366203308,0.6802954077720642,False
data/processed/cure_crops/184/bottom/customer/184_bottom_8087.png,184__bottom,0.6131857633590698,0.5616493225097656,False
data/processed/cure_crops/184/top/customer/184_top_8040.png,184__top,0.5939271450042725,0.38156986236572266,False
data/processed/cure_crops/184/top/customer/184_top_8041.png,184__top,0.5609644055366516,0.3040405511856079,False
data/processed/cure_crops/184/top/customer/184_top_8042.png,184__top,0.4777790606021881,0.2928115427494049,False
data/processed/cure_crops/184/top/customer/184_top_8043.png,184__top,0.6575603485107422,0.3537044823169708,False
data/processed/cure_crops/184/top/customer/184_top_8044.png,184__top,0.604160726070404,0.28937554359436035,False
data/processed/cure_crops/184/top/customer/184_top_8045.png,184__top,0.5933657884597778,0.38189950585365295,False
data/processed/cure_crops/184/top/customer/184_top_8046.png,184__top,0.6103779673576355,0.3429975211620331,False
data/processed/cure_crops/184/top/customer/184_top_8047.png,184__top,0.6489191055297852,0.3724120557308197,False
data/processed/cure_crops/184/top/customer/184_top_8048.png,184__top,0.6538534164428711,0.5870490074157715,False
data/processed/cure_crops/184/top/customer/184_top_8049.png,184__top,0.5782381296157837,0.4398348331451416,False
data/processed/cure_crops/184/top/customer/184_top_8050.png,184__top,0.5907462239265442,0.5312563180923462,False
data/processed/cure_crops/184/top/customer/184_top_8051.png,184__top,0.6542448997497559,0.43768778443336487,False
data/processed/cure_crops/184/top/customer/184_top_8052.png,184__top,0.703632116317749,0.3368043899536133,False
data/processed/cure_crops/184/top/customer/184_top_8053.png,184__top,0.6746615767478943,0.422559529542923,False
data/processed/cure_crops/184/top/customer/184_top_8054.png,184__top,0.6850857734680176,0.4100840091705322,False
data/processed/cure_crops/184/top/customer/184_top_8055.png,184__top,0.6560862064361572,0.27103379368782043,False
data/processed/cure_crops/184/top/customer/184_top_8056.png,184__top,0.64316725730896,0.37278786301612854,False
data/processed/cure_crops/184/top/customer/184_top_8057.png,184__top,0.6026315093040466,0.47309035062789917,False
data/processed/cure_crops/184/top/customer/184_top_8058.png,184__top,0.6442350745201111,0.42789405584335327,False
data/processed/cure_crops/184/top/customer/184_top_8059.png,184__top,0.6606568098068237,0.32971811294555664,False
data/processed/cure_crops/184/top/customer/184_top_8060.png,184__top,0.6759569048881531,0.3454601466655731,False
data/processed/cure_crops/184/top/customer/184_top_8061.png,184__top,0.6699598431587219,0.44128793478012085,False
data/processed/cure_crops/184/top/customer/184_top_8062.png,184__top,0.6346211433410645,0.31096696853637695,False
data/processed/cure_crops/184/top/customer/184_top_8063.png,184__top,0.6685312390327454,0.4590257406234741,False
data/processed/cure_crops/184/top/customer/184_top_8064.png,184__top,0.6242656707763672,0.3557248115539551,False
data/processed/cure_crops/184/top/customer/184_top_8065.png,184__top,0.667678713798523,0.41987597942352295,False
data/processed/cure_crops/185/bottom/customer/185_bottom_8109.png,185__bottom,0.6866250038146973,0.5840945243835449,False
data/processed/cure_crops/185/bottom/customer/185_bottom_8110.png,185__bottom,0.5938950777053833,0.5683247447013855,False
data/processed/cure_crops/185/bottom/customer/185_bottom_8111.png,185__bottom,0.510934054851532,0.44405150413513184,False
data/processed/cure_crops/185/bottom/customer/185_bottom_8112.png,185__bottom,0.5736360549926758,0.4123438596725464,False
data/processed/cure_crops/185/bottom/customer/185_bottom_8113.png,185__bottom,0.5848144292831421,0.5449509620666504,False
data/processed/cure_crops/185/bottom/customer/185_bottom_8114.png,185__bottom,0.5952348709106445,0.5474766492843628,False
data/processed/cure_crops/185/bottom/customer/185_bottom_8115.png,185__bottom,0.6829960942268372,0.5191885232925415,False
data/processed/cure_crops/185/bottom/customer/185_bottom_8116.png,185__bottom,0.7197693586349487,0.5915728807449341,False
data/processed/cure_crops/185/bottom/customer/185_bottom_8117.png,185__bottom,0.7445363998413086,0.5833712220191956,False
data/processed/cure_crops/185/bottom/customer/185_bottom_8118.png,185__bottom,0.4826110303401947,0.34448426961898804,False
data/processed/cure_crops/185/bottom/customer/185_bottom_8119.png,185__bottom,0.5318434238433838,0.34753599762916565,False
data/processed/cure_crops/185/bottom/customer/185_bottom_8120.png,185__bottom,0.5254040956497192,0.3466988801956177,False
data/processed/cure_crops/185/bottom/customer/185_bottom_8121.png,185__bottom,0.5277082920074463,0.39077746868133545,False
data/processed/cure_crops/185/bottom/customer/185_bottom_8122.png,185__bottom,0.5137994289398193,0.3355957269668579,False
data/processed/cure_crops/185/bottom/customer/185_bottom_8123.png,185__bottom,0.5530041456222534,0.3933071196079254,False
data/processed/cure_crops/185/bottom/customer/185_bottom_8124.png,185__bottom,0.524016797542572,0.36185553669929504,False
data/processed/cure_crops/185/bottom/customer/185_bottom_8125.png,185__bottom,0.5389494299888611,0.35547542572021484,False
data/processed/cure_crops/185/bottom/customer/185_bottom_8126.png,185__bottom,0.5728415250778198,0.34692782163619995,False
data/processed/cure_crops/185/bottom/customer/185_bottom_8127.png,185__bottom,0.49019503593444824,0.42343437671661377,False
data/processed/cure_crops/185/bottom/customer/185_bottom_8128.png,185__bottom,0.5553619265556335,0.402934730052948,False
data/processed/cure_crops/185/bottom/customer/185_bottom_8129.png,185__bottom,0.605286717414856,0.45811858773231506,False
data/processed/cure_crops/185/bottom/customer/185_bottom_8130.png,185__bottom,0.5338479280471802,0.37654030323028564,False
data/processed/cure_crops/185/top/customer/185_top_8088.png,185__top,0.7693641185760498,0.7407243251800537,False
data/processed/cure_crops/185/top/customer/185_top_8089.png,185__top,0.8181482553482056,0.8597745895385742,False
data/processed/cure_crops/185/top/customer/185_top_8090.png,185__top,0.7026797533035278,0.631751537322998,False
data/processed/cure_crops/185/top/customer/185_top_8091.png,185__top,0.6156618595123291,0.5265462398529053,False
data/processed/cure_crops/185/top/customer/185_top_8092.png,185__top,0.6686090230941772,0.6865205764770508,False
data/processed/cure_crops/185/top/customer/185_top_8093.png,185__top,0.5667300224304199,0.60627681016922,False
data/processed/cure_crops/185/top/customer/185_top_8094.png,185__top,0.6580103039741516,0.5777380466461182,False
data/processed/cure_crops/185/top/customer/185_top_8095.png,185__top,0.6723381280899048,0.6814703941345215,False
data/processed/cure_crops/185/top/customer/185_top_8096.png,185__top,0.6698896884918213,0.6593011617660522,False
data/processed/cure_crops/185/top/customer/185_top_8097.png,185__top,0.6574209928512573,0.5523592829704285,False
data/processed/cure_crops/185/top/customer/185_top_8098.png,185__top,0.7222215533256531,0.4856111705303192,False
data/processed/cure_crops/185/top/customer/185_top_8099.png,185__top,0.6566234827041626,0.5503399968147278,False
data/processed/cure_crops/185/top/customer/185_top_8100.png,185__top,0.7266778945922852,0.5790859460830688,False
data/processed/cure_crops/185/top/customer/185_top_8101.png,185__top,0.7404950261116028,0.5310331583023071,False
data/processed/cure_crops/185/top/customer/185_top_8102.png,185__top,0.7335530519485474,0.521641731262207,False
data/processed/cure_crops/185/top/customer/185_top_8103.png,185__top,0.6828477382659912,0.5297660827636719,False
data/processed/cure_crops/185/top/customer/185_top_8104.png,185__top,0.6964566707611084,0.6064614057540894,False
data/processed/cure_crops/185/top/customer/185_top_8105.png,185__top,0.6530295014381409,0.5690478086471558,False
data/processed/cure_crops/185/top/customer/185_top_8106.png,185__top,0.7508317232131958,0.6180680990219116,False
data/processed/cure_crops/185/top/customer/185_top_8107.png,185__top,0.7379730343818665,0.6537249088287354,False
data/processed/cure_crops/185/top/customer/185_top_8108.png,185__top,0.7005148530006409,0.598782479763031,False
data/processed/cure_crops/186/bottom/customer/186_bottom_8155.png,186__bottom,0.5729196071624756,0.5764222741127014,False
data/processed/cure_crops/186/bottom/customer/186_bottom_8156.png,186__bottom,0.5575002431869507,0.5431737303733826,False
data/processed/cure_crops/186/bottom/customer/186_bottom_8157.png,186__bottom,0.6237984895706177,0.5560198426246643,False
data/processed/cure_crops/186/bottom/customer/186_bottom_8159.png,186__bottom,0.8221160769462585,0.8679959774017334,False
data/processed/cure_crops/186/bottom/customer/186_bottom_8160.png,186__bottom,0.782360315322876,0.7652599215507507,False
data/processed/cure_crops/186/bottom/customer/186_bottom_8161.png,186__bottom,0.4405510127544403,0.5722714066505432,False
data/processed/cure_crops/186/bottom/customer/186_bottom_8162.png,186__bottom,0.624935507774353,0.5920087695121765,False
data/processed/cure_crops/186/bottom/customer/186_bottom_8163.png,186__bottom,0.5291893482208252,0.5759478211402893,False
data/processed/cure_crops/186/bottom/customer/186_bottom_8164.png,186__bottom,0.5192708373069763,0.5362497568130493,False
data/processed/cure_crops/186/bottom/customer/186_bottom_8165.png,186__bottom,0.6811197400093079,0.6221616268157959,False
data/processed/cure_crops/186/bottom/customer/186_bottom_8166.png,186__bottom,0.6904114484786987,0.5409588813781738,False
data/processed/cure_crops/186/bottom/customer/186_bottom_8167.png,186__bottom,0.6828763484954834,0.5749325156211853,False
data/processed/cure_crops/186/bottom/customer/186_bottom_8168.png,186__bottom,0.62026447057724,0.5692050457000732,False
data/processed/cure_crops/186/bottom/customer/186_bottom_8169.png,186__bottom,0.6879295110702515,0.6353998780250549,False
data/processed/cure_crops/186/bottom/customer/186_bottom_8170.png,186__bottom,0.6229867935180664,0.6144124269485474,False
data/processed/cure_crops/186/bottom/customer/186_bottom_8171.png,186__bottom,0.6522574424743652,0.6064474582672119,False
data/processed/cure_crops/186/bottom/customer/186_bottom_8172.png,186__bottom,0.6133432388305664,0.5902369022369385,False
data/processed/cure_crops/186/bottom/customer/186_bottom_8173.png,186__bottom,0.6936162710189819,0.5356314778327942,False
data/processed/cure_crops/186/bottom/customer/186_bottom_8174.png,186__bottom,0.7368137240409851,0.645846426486969,False
data/processed/cure_crops/186/bottom/customer/186_bottom_8175.png,186__bottom,0.6743072867393494,0.5781182646751404,False
data/processed/cure_crops/186/bottom/customer/186_bottom_8176.png,186__bottom,0.6795364618301392,0.5608295798301697,False
data/processed/cure_crops/186/bottom/customer/186_bottom_8177.png,186__bottom,0.5574980974197388,0.5360308289527893,False
data/processed/cure_crops/186/top/customer/186_top_8131.png,186__top,0.580736517906189,0.6281063556671143,False
data/processed/cure_crops/186/top/customer/186_top_8132.png,186__top,0.6067184209823608,0.6357935667037964,False
data/processed/cure_crops/186/top/customer/186_top_8133.png,186__top,0.585830807685852,0.7297751903533936,False
data/processed/cure_crops/186/top/customer/186_top_8134.png,186__top,0.419527143239975,0.35351020097732544,False
data/processed/cure_crops/186/top/customer/186_top_8135.png,186__top,0.5261313915252686,0.6320998668670654,False
data/processed/cure_crops/186/top/customer/186_top_8136.png,186__top,0.42280125617980957,0.6373701095581055,False
data/processed/cure_crops/186/top/customer/186_top_8137.png,186__top,0.5044984817504883,0.5833551287651062,False
data/processed/cure_crops/186/top/customer/186_top_8138.png,186__top,0.5014732480049133,0.729916512966156,False
data/processed/cure_crops/186/top/customer/186_top_8139.png,186__top,0.4849094748497009,0.6817059516906738,False
data/processed/cure_crops/186/top/customer/186_top_8140.png,186__top,0.5724151730537415,0.4583982527256012,False
data/processed/cure_crops/186/top/customer/186_top_8141.png,186__top,0.5784251093864441,0.5777878165245056,False
data/processed/cure_crops/186/top/customer/186_top_8142.png,186__top,0.6459906101226807,0.6728380918502808,False
data/processed/cure_crops/186/top/customer/186_top_8143.png,186__top,0.6641241312026978,0.45105302333831787,False
data/processed/cure_crops/186/top/customer/186_top_8144.png,186__top,0.6268236041069031,0.6494628190994263,False
data/processed/cure_crops/186/top/customer/186_top_8145.png,186__top,0.36733120679855347,0.36345136165618896,False
data/processed/cure_crops/186/top/customer/186_top_8146.png,186__top,0.6450998783111572,0.5999705791473389,False
data/processed/cure_crops/186/top/customer/186_top_8147.png,186__top,0.5688702464103699,0.5924814343452454,False
data/processed/cure_crops/186/top/customer/186_top_8148.png,186__top,0.6412829160690308,0.6616615653038025,False
data/processed/cure_crops/186/top/customer/186_top_8149.png,186__top,0.6833630800247192,0.672260046005249,False
data/processed/cure_crops/186/top/customer/186_top_8150.png,186__top,0.6249051094055176,0.5991503000259399,False
data/processed/cure_crops/186/top/customer/186_top_8151.png,186__top,0.6261125802993774,0.6336851716041565,False
data/processed/cure_crops/186/top/customer/186_top_8152.png,186__top,0.6330766677856445,0.6633526086807251,False
data/processed/cure_crops/186/top/customer/186_top_8153.png,186__top,0.6304656863212585,0.6814860105514526,False
data/processed/cure_crops/186/top/customer/186_top_8154.png,186__top,0.6458122730255127,0.6092681288719177,False
data/processed/cure_crops/187/bottom/customer/187_bottom_8200.png,187__bottom,0.6674870252609253,0.7357681393623352,False
data/processed/cure_crops/187/bottom/customer/187_bottom_8201.png,187__bottom,0.6273467540740967,0.6132131814956665,False
data/processed/cure_crops/187/bottom/customer/187_bottom_8202.png,187__bottom,0.6792840957641602,0.7172951698303223,False
data/processed/cure_crops/187/bottom/customer/187_bottom_8203.png,187__bottom,0.4649534225463867,0.6746788024902344,False
data/processed/cure_crops/187/bottom/customer/187_bottom_8204.png,187__bottom,0.5965415239334106,0.5702400207519531,False
data/processed/cure_crops/187/bottom/customer/187_bottom_8205.png,187__bottom,0.44647300243377686,0.652238130569458,False
data/processed/cure_crops/187/bottom/customer/187_bottom_8206.png,187__bottom,0.6507602334022522,0.5278818607330322,False
data/processed/cure_crops/187/bottom/customer/187_bottom_8207.png,187__bottom,0.6881380081176758,0.635586142539978,False
data/processed/cure_crops/187/bottom/customer/187_bottom_8208.png,187__bottom,0.6139181852340698,0.6026411056518555,False
data/processed/cure_crops/187/bottom/customer/187_bottom_8209.png,187__bottom,0.631462812423706,0.5936087965965271,False
data/processed/cure_crops/187/bottom/customer/187_bottom_8210.png,187__bottom,0.5758237242698669,0.38616251945495605,False
data/processed/cure_crops/187/bottom/customer/187_bottom_8211.png,187__bottom,0.6436922550201416,0.407970130443573,False
data/processed/cure_crops/187/bottom/customer/187_bottom_8212.png,187__bottom,0.6342200040817261,0.42254966497421265,False
data/processed/cure_crops/187/bottom/customer/187_bottom_8213.png,187__bottom,0.6901677846908569,0.5472829937934875,False
data/processed/cure_crops/187/bottom/customer/187_bottom_8214.png,187__bottom,0.6846705675125122,0.608722448348999,False
data/processed/cure_crops/187/bottom/customer/187_bottom_8215.png,187__bottom,0.6795153617858887,0.4930535554885864,False
data/processed/cure_crops/187/bottom/customer/187_bottom_8216.png,187__bottom,0.6682420969009399,0.43110451102256775,False
data/processed/cure_crops/187/bottom/customer/187_bottom_8217.png,187__bottom,0.6670997738838196,0.5064754486083984,False
data/processed/cure_crops/187/bottom/customer/187_bottom_8218.png,187__bottom,0.6876872777938843,0.43726712465286255,False
data/processed/cure_crops/187/bottom/customer/187_bottom_8219.png,187__bottom,0.6353375911712646,0.47665560245513916,False
data/processed/cure_crops/187/bottom/customer/187_bottom_8220.png,187__bottom,0.6453667283058167,0.4374747574329376,False
data/processed/cure_crops/187/bottom/customer/187_bottom_8221.png,187__bottom,0.6528589129447937,0.5232886075973511,False
data/processed/cure_crops/187/bottom/customer/187_bottom_8222.png,187__bottom,0.6231497526168823,0.5175578594207764,False
data/processed/cure_crops/187/bottom/customer/187_bottom_8223.png,187__bottom,0.6937522888183594,0.4519793391227722,False
data/processed/cure_crops/187/bottom/customer/187_bottom_8224.png,187__bottom,0.6073528528213501,0.4705491364002228,False
data/processed/cure_crops/187/bottom/customer/187_bottom_8225.png,187__bottom,0.6223078966140747,0.6238929629325867,False
data/processed/cure_crops/187/bottom/customer/187_bottom_8226.png,187__bottom,0.6506121158599854,0.452828586101532,False
data/processed/cure_crops/187/bottom/customer/187_bottom_8227.png,187__bottom,0.5834000706672668,0.5080149173736572,False
data/processed/cure_crops/187/top/customer/187_top_8178.png,187__top,0.6825599670410156,0.6740621328353882,False
data/processed/cure_crops/187/top/customer/187_top_8179.png,187__top,0.6589871644973755,0.46957236528396606,False
data/processed/cure_crops/187/top/customer/187_top_8180.png,187__top,0.7080912590026855,0.5885992646217346,False
data/processed/cure_crops/187/top/customer/187_top_8181.png,187__top,0.6905632019042969,0.7836175560951233,False
data/processed/cure_crops/187/top/customer/187_top_8182.png,187__top,0.6183384656906128,0.633130669593811,False
data/processed/cure_crops/187/top/customer/187_top_8183.png,187__top,0.6267706751823425,0.4370414614677429,False
data/processed/cure_crops/187/top/customer/187_top_8184.png,187__top,0.7266191840171814,0.6901740431785583,False
data/processed/cure_crops/187/top/customer/187_top_8185.png,187__top,0.7247010469436646,0.6523600220680237,False
data/processed/cure_crops/187/top/customer/187_top_8186.png,187__top,0.7040063738822937,0.7012074589729309,False
data/processed/cure_crops/187/top/customer/187_top_8187.png,187__top,0.7449440360069275,0.6207640767097473,False
data/processed/cure_crops/187/top/customer/187_top_8188.png,187__top,0.675252377986908,0.5797406435012817,False
data/processed/cure_crops/187/top/customer/187_top_8189.png,187__top,0.7476476430892944,0.5958847999572754,False
data/processed/cure_crops/187/top/customer/187_top_8190.png,187__top,0.7490213513374329,0.5620114803314209,False
data/processed/cure_crops/187/top/customer/187_top_8191.png,187__top,0.7238348722457886,0.45974379777908325,False
data/processed/cure_crops/187/top/customer/187_top_8192.png,187__top,0.752265453338623,0.6277358531951904,False
data/processed/cure_crops/187/top/customer/187_top_8193.png,187__top,0.7602662444114685,0.5702686309814453,False
data/processed/cure_crops/187/top/customer/187_top_8194.png,187__top,0.7704071998596191,0.5214206576347351,False
data/processed/cure_crops/187/top/customer/187_top_8195.png,187__top,0.6620407104492188,0.436199426651001,False
data/processed/cure_crops/187/top/customer/187_top_8196.png,187__top,0.57611483335495,0.42941516637802124,False
data/processed/cure_crops/187/top/customer/187_top_8197.png,187__top,0.7188222408294678,0.4783516526222229,False
data/processed/cure_crops/187/top/customer/187_top_8198.png,187__top,0.7162428498268127,0.5292022824287415,False
data/processed/cure_crops/187/top/customer/187_top_8199.png,187__top,0.514535665512085,0.33208808302879333,False
data/processed/cure_crops/188/bottom/customer/188_bottom_8252.png,188__bottom,0.3026336133480072,0.5377342104911804,False
data/processed/cure_crops/188/bottom/customer/188_bottom_8253.png,188__bottom,0.37528660893440247,0.6310555934906006,False
data/processed/cure_crops/188/bottom/customer/188_bottom_8254.png,188__bottom,0.31256988644599915,0.5960606336593628,False
data/processed/cure_crops/188/bottom/customer/188_bottom_8255.png,188__bottom,0.5752663612365723,0.7957867383956909,False
data/processed/cure_crops/188/bottom/customer/188_bottom_8256.png,188__bottom,0.2660367488861084,0.623406171798706,False
data/processed/cure_crops/188/bottom/customer/188_bottom_8257.png,188__bottom,0.44913139939308167,0.7725518941879272,False
data/processed/cure_crops/188/bottom/customer/188_bottom_8258.png,188__bottom,0.29016485810279846,0.6001678705215454,False
data/processed/cure_crops/188/bottom/customer/188_bottom_8259.png,188__bottom,0.3214226961135864,0.6403851509094238,False
data/processed/cure_crops/188/bottom/customer/188_bottom_8260.png,188__bottom,0.3960925340652466,0.732956051826477,False
data/processed/cure_crops/188/bottom/customer/188_bottom_8261.png,188__bottom,0.5252581834793091,0.6768659949302673,False
data/processed/cure_crops/188/bottom/customer/188_bottom_8262.png,188__bottom,0.42531818151474,0.6805711388587952,False
data/processed/cure_crops/188/bottom/customer/188_bottom_8263.png,188__bottom,0.3804320693016052,0.6829798221588135,False
data/processed/cure_crops/188/bottom/customer/188_bottom_8264.png,188__bottom,0.4783557653427124,0.6642792820930481,False
data/processed/cure_crops/188/bottom/customer/188_bottom_8265.png,188__bottom,0.5104203820228577,0.6583103537559509,False
data/processed/cure_crops/188/bottom/customer/188_bottom_8266.png,188__bottom,0.4966796934604645,0.6736427545547485,False
data/processed/cure_crops/188/bottom/customer/188_bottom_8267.png,188__bottom,0.6528746485710144,0.7616420984268188,False
data/processed/cure_crops/188/bottom/customer/188_bottom_8268.png,188__bottom,0.4288209080696106,0.7244348526000977,False
data/processed/cure_crops/188/bottom/customer/188_bottom_8269.png,188__bottom,0.46626386046409607,0.7031152248382568,False
data/processed/cure_crops/188/bottom/customer/188_bottom_8270.png,188__bottom,0.4962012767791748,0.7420437335968018,False
data/processed/cure_crops/188/bottom/customer/188_bottom_8271.png,188__bottom,0.42009010910987854,0.6731330156326294,False
data/processed/cure_crops/188/top/customer/188_top_8228.png,188__top,0.7706571817398071,0.6775721907615662,False
data/processed/cure_crops/188/top/customer/188_top_8229.png,188__top,0.7373454570770264,0.6825763583183289,False
data/processed/cure_crops/188/top/customer/188_top_8230.png,188__top,0.7315161228179932,0.6518400311470032,False
data/processed/cure_crops/188/top/customer/188_top_8231.png,188__top,0.7920181751251221,0.8343760967254639,False
data/processed/cure_crops/188/top/customer/188_top_8232.png,188__top,0.6652750372886658,0.7343277931213379,False
data/processed/cure_crops/188/top/customer/188_top_8233.png,188__top,0.7016405463218689,0.6611611843109131,False
data/processed/cure_crops/188/top/customer/188_top_8234.png,188__top,0.7179900407791138,0.6615087985992432,False
data/processed/cure_crops/188/top/customer/188_top_8235.png,188__top,0.6640943288803101,0.6404470801353455,False
data/processed/cure_crops/188/top/customer/188_top_8236.png,188__top,0.6102325320243835,0.5895748734474182,False
data/processed/cure_crops/188/top/customer/188_top_8237.png,188__top,0.6989361047744751,0.6809931993484497,False
data/processed/cure_crops/188/top/customer/188_top_8238.png,188__top,0.717893123626709,0.771310567855835,False
data/processed/cure_crops/188/top/customer/188_top_8239.png,188__top,0.7358896732330322,0.710748553276062,False
data/processed/cure_crops/188/top/customer/188_top_8240.png,188__top,0.7210862636566162,0.5441504716873169,False
data/processed/cure_crops/188/top/customer/188_top_8241.png,188__top,0.7043542265892029,0.7363004684448242,False
data/processed/cure_crops/188/top/customer/188_top_8242.png,188__top,0.7844563722610474,0.7319489121437073,False
data/processed/cure_crops/188/top/customer/188_top_8243.png,188__top,0.7247500419616699,0.7505950927734375,False
data/processed/cure_crops/188/top/customer/188_top_8244.png,188__top,0.7010747194290161,0.7247328162193298,False
data/processed/cure_crops/188/top/customer/188_top_8245.png,188__top,0.7639647722244263,0.7234892845153809,False
data/processed/cure_crops/188/top/customer/188_top_8246.png,188__top,0.7636771202087402,0.7308634519577026,False
data/processed/cure_crops/188/top/customer/188_top_8247.png,188__top,0.76639723777771,0.7273347973823547,False
data/processed/cure_crops/188/top/customer/188_top_8248.png,188__top,0.7867203950881958,0.7445144653320312,False
data/processed/cure_crops/188/top/customer/188_top_8249.png,188__top,0.48595863580703735,0.6164013147354126,False
data/processed/cure_crops/188/top/customer/188_top_8250.png,188__top,0.7379409074783325,0.7409403324127197,False
data/processed/cure_crops/188/top/customer/188_top_8251.png,188__top,0.7606316804885864,0.7153937816619873,False
data/processed/cure_crops/189/bottom/customer/189_bottom_8294.png,189__bottom,0.7187272906303406,0.7980188727378845,False
data/processed/cure_crops/189/bottom/customer/189_bottom_8295.png,189__bottom,0.6906392574310303,0.6839191913604736,False
data/processed/cure_crops/189/bottom/customer/189_bottom_8296.png,189__bottom,0.6890748143196106,0.7589493989944458,False
data/processed/cure_crops/189/bottom/customer/189_bottom_8297.png,189__bottom,0.8314558863639832,0.803179919719696,False
data/processed/cure_crops/189/bottom/customer/189_bottom_8298.png,189__bottom,0.8502551913261414,0.8494997024536133,False
data/processed/cure_crops/189/bottom/customer/189_bottom_8299.png,189__bottom,0.7386054992675781,0.7435805201530457,False
data/processed/cure_crops/189/bottom/customer/189_bottom_8300.png,189__bottom,0.624140739440918,0.7009192705154419,False
data/processed/cure_crops/189/bottom/customer/189_bottom_8301.png,189__bottom,0.5992186665534973,0.7145172953605652,False
data/processed/cure_crops/189/bottom/customer/189_bottom_8302.png,189__bottom,0.6388168334960938,0.6479860544204712,False
data/processed/cure_crops/189/bottom/customer/189_bottom_8303.png,189__bottom,0.6705275774002075,0.7474719285964966,False
data/processed/cure_crops/189/bottom/customer/189_bottom_8304.png,189__bottom,0.7004120349884033,0.7654688954353333,False
data/processed/cure_crops/189/bottom/customer/189_bottom_8305.png,189__bottom,0.7298480868339539,0.7654732465744019,False
data/processed/cure_crops/189/bottom/customer/189_bottom_8306.png,189__bottom,0.7877193093299866,0.7527626156806946,False
data/processed/cure_crops/189/bottom/customer/189_bottom_8307.png,189__bottom,0.7449753284454346,0.7505325675010681,False
data/processed/cure_crops/189/bottom/customer/189_bottom_8308.png,189__bottom,0.8101411461830139,0.6730773448944092,False
data/processed/cure_crops/189/bottom/customer/189_bottom_8309.png,189__bottom,0.7861427664756775,0.6008509397506714,False
data/processed/cure_crops/189/bottom/customer/189_bottom_8310.png,189__bottom,0.7745625972747803,0.7749302387237549,False
data/processed/cure_crops/189/bottom/customer/189_bottom_8311.png,189__bottom,0.7183894515037537,0.7488027215003967,False
data/processed/cure_crops/189/bottom/customer/189_bottom_8312.png,189__bottom,0.7911474108695984,0.7509009838104248,False
data/processed/cure_crops/189/bottom/customer/189_bottom_8313.png,189__bottom,0.7991943359375,0.7017198801040649,False
data/processed/cure_crops/189/bottom/customer/189_bottom_8314.png,189__bottom,0.7122130393981934,0.7323703765869141,False
data/processed/cure_crops/189/bottom/customer/189_bottom_8315.png,189__bottom,0.6959805488586426,0.7775236368179321,False
data/processed/cure_crops/189/top/customer/189_top_8272.png,189__top,0.744108259677887,0.7214339971542358,False
data/processed/cure_crops/189/top/customer/189_top_8273.png,189__top,0.6487465500831604,0.7611046433448792,False
data/processed/cure_crops/189/top/customer/189_top_8274.png,189__top,0.7109860181808472,0.6752492785453796,False
data/processed/cure_crops/189/top/customer/189_top_8275.png,189__top,0.7207505702972412,0.3573700785636902,False
data/processed/cure_crops/189/top/customer/189_top_8276.png,189__top,0.7301393151283264,0.7203285694122314,False
data/processed/cure_crops/189/top/customer/189_top_8277.png,189__top,0.7729098796844482,0.62746262550354,False
data/processed/cure_crops/189/top/customer/189_top_8278.png,189__top,0.6208481788635254,0.7252680063247681,False
data/processed/cure_crops/189/top/customer/189_top_8279.png,189__top,0.6116361618041992,0.6930862665176392,False
data/processed/cure_crops/189/top/customer/189_top_8280.png,189__top,0.6399667263031006,0.6298086643218994,False
data/processed/cure_crops/189/top/customer/189_top_8281.png,189__top,0.7756056189537048,0.7273925542831421,False
data/processed/cure_crops/189/top/customer/189_top_8282.png,189__top,0.7909777164459229,0.7358883619308472,False
data/processed/cure_crops/189/top/customer/189_top_8283.png,189__top,0.7179912328720093,0.720533013343811,False
data/processed/cure_crops/189/top/customer/189_top_8284.png,189__top,0.7475806474685669,0.6953431367874146,False
data/processed/cure_crops/189/top/customer/189_top_8285.png,189__top,0.760613203048706,0.704916775226593,False
data/processed/cure_crops/189/top/customer/189_top_8286.png,189__top,0.7589780688285828,0.7412375211715698,False
data/processed/cure_crops/189/top/customer/189_top_8287.png,189__top,0.7380889058113098,0.7116202712059021,False
data/processed/cure_crops/189/top/customer/189_top_8288.png,189__top,0.733478844165802,0.7171981334686279,False
data/processed/cure_crops/189/top/customer/189_top_8289.png,189__top,0.8191008567810059,0.752159833908081,False
data/processed/cure_crops/189/top/customer/189_top_8290.png,189__top,0.7209082841873169,0.7056361436843872,False
data/processed/cure_crops/189/top/customer/189_top_8291.png,189__top,0.7720139026641846,0.7028675079345703,False
data/processed/cure_crops/189/top/customer/189_top_8292.png,189__top,0.7738465070724487,0.6895583271980286,False
data/processed/cure_crops/189/top/customer/189_top_8293.png,189__top,0.785841166973114,0.7539491653442383,False
data/processed/cure_crops/19/bottom/customer/19_bottom_847.png,19__bottom,0.7270760536193848,0.8700717091560364,False
data/processed/cure_crops/19/bottom/customer/19_bottom_848.png,19__bottom,0.7569794654846191,0.8844055533409119,False
data/processed/cure_crops/19/bottom/customer/19_bottom_849.png,19__bottom,0.7451722621917725,0.8756287097930908,False
data/processed/cure_crops/19/bottom/customer/19_bottom_850.png,19__bottom,0.678571343421936,0.8404078483581543,False
data/processed/cure_crops/19/bottom/customer/19_bottom_851.png,19__bottom,0.6927844882011414,0.7727113962173462,False
data/processed/cure_crops/19/bottom/customer/19_bottom_852.png,19__bottom,0.707618236541748,0.8372633457183838,False
data/processed/cure_crops/19/bottom/customer/19_bottom_853.png,19__bottom,0.6102275848388672,0.8082824945449829,False
data/processed/cure_crops/19/bottom/customer/19_bottom_854.png,19__bottom,0.6697466969490051,0.8160979747772217,False
data/processed/cure_crops/19/bottom/customer/19_bottom_855.png,19__bottom,0.5981948971748352,0.8460460901260376,False
data/processed/cure_crops/19/bottom/customer/19_bottom_856.png,19__bottom,0.6925066113471985,0.7784940600395203,False
data/processed/cure_crops/19/bottom/customer/19_bottom_857.png,19__bottom,0.7280827760696411,0.6554667949676514,False
data/processed/cure_crops/19/bottom/customer/19_bottom_858.png,19__bottom,0.7082017660140991,0.7868272662162781,False
data/processed/cure_crops/19/bottom/customer/19_bottom_859.png,19__bottom,0.6624194383621216,0.7748951315879822,False
data/processed/cure_crops/19/bottom/customer/19_bottom_860.png,19__bottom,0.48322397470474243,0.5483884811401367,False
data/processed/cure_crops/19/bottom/customer/19_bottom_861.png,19__bottom,0.6896282434463501,0.7392739057540894,False
data/processed/cure_crops/19/bottom/customer/19_bottom_862.png,19__bottom,0.6650938391685486,0.737358570098877,False
data/processed/cure_crops/19/bottom/customer/19_bottom_863.png,19__bottom,0.71163010597229,0.813300609588623,False
data/processed/cure_crops/19/bottom/customer/19_bottom_864.png,19__bottom,0.3883914351463318,0.3801901042461395,False
data/processed/cure_crops/19/bottom/customer/19_bottom_865.png,19__bottom,0.5981436967849731,0.6493871808052063,False
data/processed/cure_crops/19/bottom/customer/19_bottom_866.png,19__bottom,0.6848753690719604,0.7327873706817627,False
data/processed/cure_crops/19/bottom/customer/19_bottom_867.png,19__bottom,0.6624293327331543,0.799199104309082,False
data/processed/cure_crops/19/bottom/customer/19_bottom_868.png,19__bottom,0.641559362411499,0.6389691233634949,False
data/processed/cure_crops/19/top/customer/19_top_824.png,19__top,0.7988024353981018,0.7762758731842041,False
data/processed/cure_crops/19/top/customer/19_top_825.png,19__top,0.8082386255264282,0.7445237636566162,False
data/processed/cure_crops/19/top/customer/19_top_826.png,19__top,0.7625440955162048,0.765811026096344,False
data/processed/cure_crops/19/top/customer/19_top_827.png,19__top,0.7487464547157288,0.7323330640792847,False
data/processed/cure_crops/19/top/customer/19_top_828.png,19__top,0.7283048033714294,0.6625583171844482,False
data/processed/cure_crops/19/top/customer/19_top_829.png,19__top,0.6911259293556213,0.6663525104522705,False
data/processed/cure_crops/19/top/customer/19_top_830.png,19__top,0.7043942213058472,0.6829871535301208,False
data/processed/cure_crops/19/top/customer/19_top_831.png,19__top,0.6163477897644043,0.6582793593406677,False
data/processed/cure_crops/19/top/customer/19_top_832.png,19__top,0.6638481616973877,0.6087661385536194,False
data/processed/cure_crops/19/top/customer/19_top_833.png,19__top,0.6328428983688354,0.6310148239135742,False
data/processed/cure_crops/19/top/customer/19_top_834.png,19__top,0.6764320135116577,0.5516306161880493,False
data/processed/cure_crops/19/top/customer/19_top_835.png,19__top,0.7271680235862732,0.6435977220535278,False
data/processed/cure_crops/19/top/customer/19_top_836.png,19__top,0.7291066646575928,0.6373469829559326,False
data/processed/cure_crops/19/top/customer/19_top_837.png,19__top,0.6620385050773621,0.6160960793495178,False
data/processed/cure_crops/19/top/customer/19_top_838.png,19__top,0.744958221912384,0.5936366319656372,False
data/processed/cure_crops/19/top/customer/19_top_839.png,19__top,0.742357611656189,0.570847749710083,False
data/processed/cure_crops/19/top/customer/19_top_840.png,19__top,0.7539769411087036,0.6159950494766235,False
data/processed/cure_crops/19/top/customer/19_top_841.png,19__top,0.7466400861740112,0.6341466903686523,False
data/processed/cure_crops/19/top/customer/19_top_842.png,19__top,0.7443588972091675,0.6368691921234131,False
data/processed/cure_crops/19/top/customer/19_top_843.png,19__top,0.7376627922058105,0.514741837978363,False
data/processed/cure_crops/19/top/customer/19_top_844.png,19__top,0.67984938621521,0.6097655296325684,False
data/processed/cure_crops/19/top/customer/19_top_845.png,19__top,0.7021448016166687,0.5921515822410583,False
data/processed/cure_crops/19/top/customer/19_top_846.png,19__top,0.6740158796310425,0.5983951091766357,False
data/processed/cure_crops/190/bottom/customer/190_bottom_8339.png,190__bottom,0.5395646095275879,0.5201303958892822,False
data/processed/cure_crops/190/bottom/customer/190_bottom_8340.png,190__bottom,0.5285554528236389,0.5152461528778076,False
data/processed/cure_crops/190/bottom/customer/190_bottom_8341.png,190__bottom,0.456559419631958,0.4632493853569031,False
data/processed/cure_crops/190/bottom/customer/190_bottom_8342.png,190__bottom,0.668042778968811,0.5390526652336121,False
data/processed/cure_crops/190/bottom/customer/190_bottom_8343.png,190__bottom,0.658272922039032,0.5916263461112976,False
data/processed/cure_crops/190/bottom/customer/190_bottom_8344.png,190__bottom,0.7317614555358887,0.7255124449729919,False
data/processed/cure_crops/190/bottom/customer/190_bottom_8345.png,190__bottom,0.45787203311920166,0.35937508940696716,False
data/processed/cure_crops/190/bottom/customer/190_bottom_8346.png,190__bottom,0.4063591957092285,0.42750734090805054,False
data/processed/cure_crops/190/bottom/customer/190_bottom_8347.png,190__bottom,0.5990193486213684,0.3881956934928894,False
data/processed/cure_crops/190/bottom/customer/190_bottom_8348.png,190__bottom,0.6629767417907715,0.5809648036956787,False
data/processed/cure_crops/190/bottom/customer/190_bottom_8349.png,190__bottom,0.7219365239143372,0.6682890057563782,False
data/processed/cure_crops/190/bottom/customer/190_bottom_8350.png,190__bottom,0.7113033533096313,0.6176011562347412,False
data/processed/cure_crops/190/bottom/customer/190_bottom_8351.png,190__bottom,0.7094153165817261,0.5932245254516602,False
data/processed/cure_crops/190/bottom/customer/190_bottom_8352.png,190__bottom,0.7115708589553833,0.7472101449966431,False
data/processed/cure_crops/190/bottom/customer/190_bottom_8353.png,190__bottom,0.6814581751823425,0.7823883295059204,False
data/processed/cure_crops/190/bottom/customer/190_bottom_8354.png,190__bottom,0.7346706390380859,0.7030848860740662,False
data/processed/cure_crops/190/bottom/customer/190_bottom_8355.png,190__bottom,0.7290040254592896,0.7236907482147217,False
data/processed/cure_crops/190/bottom/customer/190_bottom_8356.png,190__bottom,0.6619406938552856,0.6837852597236633,False
data/processed/cure_crops/190/bottom/customer/190_bottom_8357.png,190__bottom,0.7072720527648926,0.6832841634750366,False
data/processed/cure_crops/190/bottom/customer/190_bottom_8358.png,190__bottom,0.7680851221084595,0.7603201270103455,False
data/processed/cure_crops/190/top/customer/190_top_8316.png,190__top,0.5280986428260803,0.7246887683868408,False
data/processed/cure_crops/190/top/customer/190_top_8317.png,190__top,0.6307205557823181,0.8577475547790527,False
data/processed/cure_crops/190/top/customer/190_top_8318.png,190__top,0.5819023251533508,0.8083341121673584,False
data/processed/cure_crops/190/top/customer/190_top_8319.png,190__top,0.5960493087768555,0.6885488629341125,False
data/processed/cure_crops/190/top/customer/190_top_8320.png,190__top,0.515011191368103,0.6232813596725464,False
data/processed/cure_crops/190/top/customer/190_top_8321.png,190__top,0.47861284017562866,0.6913149356842041,False
data/processed/cure_crops/190/top/customer/190_top_8322.png,190__top,0.502292275428772,0.5364529490470886,False
data/processed/cure_crops/190/top/customer/190_top_8323.png,190__top,0.46667400002479553,0.30000126361846924,False
data/processed/cure_crops/190/top/customer/190_top_8324.png,190__top,0.5123043060302734,0.709896445274353,False
data/processed/cure_crops/190/top/customer/190_top_8325.png,190__top,0.5559595227241516,0.6776670217514038,False
data/processed/cure_crops/190/top/customer/190_top_8326.png,190__top,0.5673201084136963,0.6749622821807861,False
data/processed/cure_crops/190/top/customer/190_top_8327.png,190__top,0.5518477559089661,0.7312093377113342,False
data/processed/cure_crops/190/top/customer/190_top_8328.png,190__top,0.6389232873916626,0.6159268021583557,False
data/processed/cure_crops/190/top/customer/190_top_8329.png,190__top,0.739651083946228,0.6131157875061035,False
data/processed/cure_crops/190/top/customer/190_top_8330.png,190__top,0.6665931940078735,0.7031857967376709,False
data/processed/cure_crops/190/top/customer/190_top_8331.png,190__top,0.7033027410507202,0.6591042876243591,False
data/processed/cure_crops/190/top/customer/190_top_8332.png,190__top,0.5707616806030273,0.40847814083099365,False
data/processed/cure_crops/190/top/customer/190_top_8333.png,190__top,0.6545570492744446,0.7192923426628113,False
data/processed/cure_crops/190/top/customer/190_top_8334.png,190__top,0.6470440030097961,0.7202130556106567,False
data/processed/cure_crops/190/top/customer/190_top_8335.png,190__top,0.6968734860420227,0.6337386965751648,False
data/processed/cure_crops/190/top/customer/190_top_8336.png,190__top,0.6130961179733276,0.5783337354660034,False
data/processed/cure_crops/190/top/customer/190_top_8337.png,190__top,0.6865427494049072,0.6813307404518127,False
data/processed/cure_crops/190/top/customer/190_top_8338.png,190__top,0.6590374708175659,0.66321861743927,False
data/processed/cure_crops/191/bottom/customer/191_bottom_8381.png,191__bottom,0.5408439636230469,0.5461641550064087,False
data/processed/cure_crops/191/bottom/customer/191_bottom_8382.png,191__bottom,0.5576027631759644,0.5903929471969604,False
data/processed/cure_crops/191/bottom/customer/191_bottom_8383.png,191__bottom,0.5866538286209106,0.4693584740161896,False
data/processed/cure_crops/191/bottom/customer/191_bottom_8384.png,191__bottom,0.6575671434402466,0.5815880298614502,False
data/processed/cure_crops/191/bottom/customer/191_bottom_8385.png,191__bottom,0.5364987850189209,0.5082809925079346,False
data/processed/cure_crops/191/bottom/customer/191_bottom_8386.png,191__bottom,0.5173652172088623,0.500687837600708,False
data/processed/cure_crops/191/bottom/customer/191_bottom_8387.png,191__bottom,0.49284496903419495,0.5077552199363708,False
data/processed/cure_crops/191/bottom/customer/191_bottom_8388.png,191__bottom,0.41174644231796265,0.6382958889007568,False
data/processed/cure_crops/191/bottom/customer/191_bottom_8389.png,191__bottom,0.6461544036865234,0.662335991859436,False
data/processed/cure_crops/191/bottom/customer/191_bottom_8390.png,191__bottom,0.5423247814178467,0.5874179601669312,False
data/processed/cure_crops/191/bottom/customer/191_bottom_8391.png,191__bottom,0.6218894720077515,0.48286452889442444,False
data/processed/cure_crops/191/bottom/customer/191_bottom_8392.png,191__bottom,0.6127349734306335,0.5438409447669983,False
data/processed/cure_crops/191/bottom/customer/191_bottom_8393.png,191__bottom,0.6507647037506104,0.6210641860961914,False
data/processed/cure_crops/191/bottom/customer/191_bottom_8394.png,191__bottom,0.5817640423774719,0.6146671772003174,False
data/processed/cure_crops/191/bottom/customer/191_bottom_8395.png,191__bottom,0.5905633568763733,0.5808805823326111,False
data/processed/cure_crops/191/bottom/customer/191_bottom_8396.png,191__bottom,0.5496847629547119,0.5899361371994019,False
data/processed/cure_crops/191/bottom/customer/191_bottom_8397.png,191__bottom,0.5949549674987793,0.6213440895080566,False
data/processed/cure_crops/191/bottom/customer/191_bottom_8398.png,191__bottom,0.5642701387405396,0.42363667488098145,False
data/processed/cure_crops/191/bottom/customer/191_bottom_8399.png,191__bottom,0.6491231918334961,0.5331283211708069,False
data/processed/cure_crops/191/top/customer/191_top_8359.png,191__top,0.6420981884002686,0.6982530355453491,False
data/processed/cure_crops/191/top/customer/191_top_8360.png,191__top,0.6060855388641357,0.7480039596557617,False
data/processed/cure_crops/191/top/customer/191_top_8361.png,191__top,0.6991848945617676,0.7698021531105042,False
data/processed/cure_crops/191/top/customer/191_top_8362.png,191__top,0.6400246620178223,0.6467247009277344,False
data/processed/cure_crops/191/top/customer/191_top_8363.png,191__top,0.5545973777770996,0.6873480677604675,False
data/processed/cure_crops/191/top/customer/191_top_8364.png,191__top,0.5860530138015747,0.6862309575080872,False
data/processed/cure_crops/191/top/customer/191_top_8365.png,191__top,0.6879972219467163,0.6718825697898865,False
data/processed/cure_crops/191/top/customer/191_top_8366.png,191__top,0.648834228515625,0.7140505313873291,False
data/processed/cure_crops/191/top/customer/191_top_8367.png,191__top,0.6301273107528687,0.7137662172317505,False
data/processed/cure_crops/191/top/customer/191_top_8368.png,191__top,0.768630862236023,0.6538302898406982,False
data/processed/cure_crops/191/top/customer/191_top_8369.png,191__top,0.630159854888916,0.6385526657104492,False
data/processed/cure_crops/191/top/customer/191_top_8370.png,191__top,0.6973791122436523,0.6131432056427002,False
data/processed/cure_crops/191/top/customer/191_top_8371.png,191__top,0.6415910720825195,0.5639966726303101,False
data/processed/cure_crops/191/top/customer/191_top_8372.png,191__top,0.6361293196678162,0.7165284752845764,False
data/processed/cure_crops/191/top/customer/191_top_8373.png,191__top,0.6054508686065674,0.5417980551719666,False
data/processed/cure_crops/191/top/customer/191_top_8374.png,191__top,0.6274481415748596,0.6369097232818604,False
data/processed/cure_crops/191/top/customer/191_top_8375.png,191__top,0.7402441501617432,0.7607060670852661,False
data/processed/cure_crops/191/top/customer/191_top_8376.png,191__top,0.6096389293670654,0.4726911783218384,False
data/processed/cure_crops/191/top/customer/191_top_8377.png,191__top,0.6204628944396973,0.6365312933921814,False
data/processed/cure_crops/191/top/customer/191_top_8378.png,191__top,0.5624164342880249,0.4252520203590393,False
data/processed/cure_crops/191/top/customer/191_top_8379.png,191__top,0.6524055004119873,0.5940852165222168,False
data/processed/cure_crops/191/top/customer/191_top_8380.png,191__top,0.5540398359298706,0.6202490925788879,False
data/processed/cure_crops/192/bottom/customer/192_bottom_8423.png,192__bottom,0.5572159886360168,0.4587879776954651,False
data/processed/cure_crops/192/bottom/customer/192_bottom_8424.png,192__bottom,0.5321747660636902,0.4582001566886902,False
data/processed/cure_crops/192/bottom/customer/192_bottom_8425.png,192__bottom,0.6249958276748657,0.46987006068229675,False
data/processed/cure_crops/192/bottom/customer/192_bottom_8426.png,192__bottom,0.49795109033584595,0.4178468883037567,False
data/processed/cure_crops/192/bottom/customer/192_bottom_8427.png,192__bottom,0.4966663718223572,0.43476682901382446,False
data/processed/cure_crops/192/bottom/customer/192_bottom_8428.png,192__bottom,0.509745717048645,0.4610777497291565,False
data/processed/cure_crops/192/bottom/customer/192_bottom_8429.png,192__bottom,0.6658560037612915,0.46501389145851135,False
data/processed/cure_crops/192/bottom/customer/192_bottom_8430.png,192__bottom,0.6922216415405273,0.5096204280853271,False
data/processed/cure_crops/192/bottom/customer/192_bottom_8431.png,192__bottom,0.6133905649185181,0.4963720142841339,False
data/processed/cure_crops/192/bottom/customer/192_bottom_8432.png,192__bottom,0.5075960159301758,0.3756107985973358,False
data/processed/cure_crops/192/bottom/customer/192_bottom_8433.png,192__bottom,0.5385838747024536,0.40793853998184204,False
data/processed/cure_crops/192/bottom/customer/192_bottom_8434.png,192__bottom,0.532785177230835,0.372367799282074,False
data/processed/cure_crops/192/bottom/customer/192_bottom_8435.png,192__bottom,0.5511882305145264,0.3788902163505554,False
data/processed/cure_crops/192/bottom/customer/192_bottom_8436.png,192__bottom,0.5494706630706787,0.3527904450893402,False
data/processed/cure_crops/192/bottom/customer/192_bottom_8437.png,192__bottom,0.5227472186088562,0.3217376172542572,False
data/processed/cure_crops/192/bottom/customer/192_bottom_8438.png,192__bottom,0.5364431142807007,0.3676077127456665,False
data/processed/cure_crops/192/bottom/customer/192_bottom_8439.png,192__bottom,0.5332752466201782,0.4038422107696533,False
data/processed/cure_crops/192/bottom/customer/192_bottom_8440.png,192__bottom,0.5468069314956665,0.3603608012199402,False
data/processed/cure_crops/192/bottom/customer/192_bottom_8441.png,192__bottom,0.5723217725753784,0.35944485664367676,False
data/processed/cure_crops/192/top/customer/192_top_8400.png,192__top,0.6290501356124878,0.688832700252533,False
data/processed/cure_crops/192/top/customer/192_top_8401.png,192__top,0.8416718244552612,0.8448624014854431,False
data/processed/cure_crops/192/top/customer/192_top_8402.png,192__top,0.8436212539672852,0.8342719674110413,False
data/processed/cure_crops/192/top/customer/192_top_8403.png,192__top,0.6508544087409973,0.6974726915359497,False
data/processed/cure_crops/192/top/customer/192_top_8404.png,192__top,0.6514363884925842,0.7192628383636475,False
data/processed/cure_crops/192/top/customer/192_top_8405.png,192__top,0.6801255345344543,0.7755199670791626,False
data/processed/cure_crops/192/top/customer/192_top_8406.png,192__top,0.8166384100914001,0.739345908164978,False
data/processed/cure_crops/192/top/customer/192_top_8407.png,192__top,0.7443659901618958,0.7891805768013,False
data/processed/cure_crops/192/top/customer/192_top_8408.png,192__top,0.7637113332748413,0.8484516143798828,False
data/processed/cure_crops/192/top/customer/192_top_8409.png,192__top,0.712841808795929,0.7035858631134033,False
data/processed/cure_crops/192/top/customer/192_top_8410.png,192__top,0.7149094343185425,0.5932037234306335,False
data/processed/cure_crops/192/top/customer/192_top_8411.png,192__top,0.6740531921386719,0.7519397735595703,False
data/processed/cure_crops/192/top/customer/192_top_8412.png,192__top,0.7375410795211792,0.6306548118591309,False
data/processed/cure_crops/192/top/customer/192_top_8413.png,192__top,0.712662398815155,0.5920224785804749,False
data/processed/cure_crops/192/top/customer/192_top_8414.png,192__top,0.6818102598190308,0.6456186771392822,False
data/processed/cure_crops/192/top/customer/192_top_8415.png,192__top,0.6977930068969727,0.7299920320510864,False
data/processed/cure_crops/192/top/customer/192_top_8416.png,192__top,0.7115711569786072,0.6960655450820923,False
data/processed/cure_crops/192/top/customer/192_top_8417.png,192__top,0.7208091020584106,0.6881246566772461,False
data/processed/cure_crops/192/top/customer/192_top_8418.png,192__top,0.7532304525375366,0.6991433501243591,False
data/processed/cure_crops/192/top/customer/192_top_8419.png,192__top,0.6933341026306152,0.6966602206230164,False
data/processed/cure_crops/192/top/customer/192_top_8420.png,192__top,0.7395755052566528,0.7242381572723389,False
data/processed/cure_crops/192/top/customer/192_top_8421.png,192__top,0.7179945707321167,0.7116305828094482,False
data/processed/cure_crops/192/top/customer/192_top_8422.png,192__top,0.696135401725769,0.7018218636512756,False
data/processed/cure_crops/193/bottom/customer/193_bottom_8463.png,193__bottom,0.5480389595031738,0.47832995653152466,False
data/processed/cure_crops/193/bottom/customer/193_bottom_8464.png,193__bottom,0.4374210238456726,0.3590792715549469,False
data/processed/cure_crops/193/bottom/customer/193_bottom_8465.png,193__bottom,0.5483356714248657,0.4774644672870636,False
data/processed/cure_crops/193/bottom/customer/193_bottom_8466.png,193__bottom,0.36296331882476807,0.47996780276298523,False
data/processed/cure_crops/193/bottom/customer/193_bottom_8467.png,193__bottom,0.4187127947807312,0.3303854763507843,False
data/processed/cure_crops/193/bottom/customer/193_bottom_8468.png,193__bottom,0.3278261721134186,0.6242567300796509,False
data/processed/cure_crops/193/bottom/customer/193_bottom_8469.png,193__bottom,0.5774711966514587,0.4980062246322632,False
data/processed/cure_crops/193/bottom/customer/193_bottom_8470.png,193__bottom,0.5314911603927612,0.4658946692943573,False
data/processed/cure_crops/193/bottom/customer/193_bottom_8471.png,193__bottom,0.6033571362495422,0.5148838758468628,False
data/processed/cure_crops/193/bottom/customer/193_bottom_8472.png,193__bottom,0.5315936803817749,0.5085356831550598,False
data/processed/cure_crops/193/bottom/customer/193_bottom_8473.png,193__bottom,0.5239051580429077,0.4704592525959015,False
data/processed/cure_crops/193/bottom/customer/193_bottom_8474.png,193__bottom,0.5102033615112305,0.39406633377075195,False
data/processed/cure_crops/193/bottom/customer/193_bottom_8475.png,193__bottom,0.5122482776641846,0.45760223269462585,False
data/processed/cure_crops/193/bottom/customer/193_bottom_8476.png,193__bottom,0.5065805315971375,0.5238656401634216,False
data/processed/cure_crops/193/bottom/customer/193_bottom_8477.png,193__bottom,0.5711965560913086,0.5474016070365906,False
data/processed/cure_crops/193/bottom/customer/193_bottom_8478.png,193__bottom,0.4744848608970642,0.47080159187316895,False
data/processed/cure_crops/193/bottom/customer/193_bottom_8479.png,193__bottom,0.48811712861061096,0.3464180827140808,False
data/processed/cure_crops/193/bottom/customer/193_bottom_8480.png,193__bottom,0.5226954817771912,0.371845543384552,False
data/processed/cure_crops/193/bottom/customer/193_bottom_8481.png,193__bottom,0.4968090355396271,0.35084110498428345,False
data/processed/cure_crops/193/bottom/customer/193_bottom_8482.png,193__bottom,0.5359007716178894,0.520177960395813,False
data/processed/cure_crops/193/bottom/customer/193_bottom_8483.png,193__bottom,0.5061713457107544,0.4539903998374939,False
data/processed/cure_crops/193/bottom/customer/193_bottom_8484.png,193__bottom,0.47788405418395996,0.5231614112854004,False
data/processed/cure_crops/193/top/customer/193_top_8442.png,193__top,0.6157457232475281,0.6899088025093079,False
data/processed/cure_crops/193/top/customer/193_top_8443.png,193__top,0.6219825744628906,0.7093740701675415,False
data/processed/cure_crops/193/top/customer/193_top_8444.png,193__top,0.6218166351318359,0.7610783576965332,False
data/processed/cure_crops/193/top/customer/193_top_8445.png,193__top,0.6124304533004761,0.5617309808731079,False
data/processed/cure_crops/193/top/customer/193_top_8446.png,193__top,0.46937096118927,0.6816329956054688,False
data/processed/cure_crops/193/top/customer/193_top_8447.png,193__top,0.5964051485061646,0.6643358469009399,False
data/processed/cure_crops/193/top/customer/193_top_8448.png,193__top,0.5267338156700134,0.7177819609642029,False
data/processed/cure_crops/193/top/customer/193_top_8449.png,193__top,0.6232489943504333,0.6714687347412109,False
data/processed/cure_crops/193/top/customer/193_top_8450.png,193__top,0.6443427801132202,0.7359627485275269,False
data/processed/cure_crops/193/top/customer/193_top_8451.png,193__top,0.6478757858276367,0.6461101174354553,False
data/processed/cure_crops/193/top/customer/193_top_8452.png,193__top,0.6397011280059814,0.5664823651313782,False
data/processed/cure_crops/193/top/customer/193_top_8453.png,193__top,0.6730156540870667,0.6453716158866882,False
data/processed/cure_crops/193/top/customer/193_top_8454.png,193__top,0.6473979949951172,0.5727670192718506,False
data/processed/cure_crops/193/top/customer/193_top_8455.png,193__top,0.6670022010803223,0.5891897678375244,False
data/processed/cure_crops/193/top/customer/193_top_8456.png,193__top,0.6178305745124817,0.5809319615364075,False
data/processed/cure_crops/193/top/customer/193_top_8457.png,193__top,0.5299073457717896,0.597353458404541,False
data/processed/cure_crops/193/top/customer/193_top_8458.png,193__top,0.5584448575973511,0.572257399559021,False
data/processed/cure_crops/193/top/customer/193_top_8459.png,193__top,0.641330361366272,0.5995457172393799,False
data/processed/cure_crops/193/top/customer/193_top_8460.png,193__top,0.5924584269523621,0.5316894054412842,False
data/processed/cure_crops/193/top/customer/193_top_8461.png,193__top,0.6023576855659485,0.6658471822738647,False
data/processed/cure_crops/193/top/customer/193_top_8462.png,193__top,0.6299601197242737,0.5894898176193237,False
data/processed/cure_crops/194/bottom/customer/194_bottom_8511.png,194__bottom,0.4627440869808197,0.3661557137966156,False
data/processed/cure_crops/194/bottom/customer/194_bottom_8512.png,194__bottom,0.5199426412582397,0.345656156539917,False
data/processed/cure_crops/194/bottom/customer/194_bottom_8513.png,194__bottom,0.5419331789016724,0.32775023579597473,False
data/processed/cure_crops/194/bottom/customer/194_bottom_8514.png,194__bottom,0.35174596309661865,0.44612669944763184,False
data/processed/cure_crops/194/bottom/customer/194_bottom_8515.png,194__bottom,0.3538684844970703,0.38363370299339294,False
data/processed/cure_crops/194/bottom/customer/194_bottom_8516.png,194__bottom,0.35260462760925293,0.4192708730697632,False
data/processed/cure_crops/194/bottom/customer/194_bottom_8517.png,194__bottom,0.5199956893920898,0.4254124164581299,False
data/processed/cure_crops/194/bottom/customer/194_bottom_8518.png,194__bottom,0.5410487055778503,0.44923919439315796,False
data/processed/cure_crops/194/bottom/customer/194_bottom_8519.png,194__bottom,0.5929070711135864,0.49023252725601196,False
data/processed/cure_crops/194/bottom/customer/194_bottom_8520.png,194__bottom,0.453355610370636,0.556464433670044,False
data/processed/cure_crops/194/bottom/customer/194_bottom_8521.png,194__bottom,0.37434300780296326,0.29480695724487305,False
data/processed/cure_crops/194/bottom/customer/194_bottom_8522.png,194__bottom,0.4181698262691498,0.4148023724555969,False
data/processed/cure_crops/194/bottom/customer/194_bottom_8523.png,194__bottom,0.42491137981414795,0.4461826980113983,False
data/processed/cure_crops/194/bottom/customer/194_bottom_8524.png,194__bottom,0.4014706313610077,0.5023657083511353,False
data/processed/cure_crops/194/bottom/customer/194_bottom_8525.png,194__bottom,0.4358007609844208,0.496025025844574,False
data/processed/cure_crops/194/bottom/customer/194_bottom_8526.png,194__bottom,0.3902132511138916,0.3254556655883789,False
data/processed/cure_crops/194/bottom/customer/194_bottom_8527.png,194__bottom,0.4284983277320862,0.4949590861797333,False
data/processed/cure_crops/194/bottom/customer/194_bottom_8528.png,194__bottom,0.395775705575943,0.4782244563102722,False
data/processed/cure_crops/194/bottom/customer/194_bottom_8529.png,194__bottom,0.38359495997428894,0.5028396844863892,False
data/processed/cure_crops/194/bottom/customer/194_bottom_8530.png,194__bottom,0.37336331605911255,0.4735834300518036,False
data/processed/cure_crops/194/bottom/customer/194_bottom_8531.png,194__bottom,0.4869152307510376,0.5518656969070435,False
data/processed/cure_crops/194/bottom/customer/194_bottom_8532.png,194__bottom,0.36561471223831177,0.42485976219177246,False
data/processed/cure_crops/194/bottom/customer/194_bottom_8533.png,194__bottom,0.38920730352401733,0.4381059408187866,False
data/processed/cure_crops/194/bottom/customer/194_bottom_8534.png,194__bottom,0.31640690565109253,0.3347662389278412,False
data/processed/cure_crops/194/top/customer/194_top_8485.png,194__top,0.7340703010559082,0.7363722920417786,False
data/processed/cure_crops/194/top/customer/194_top_8486.png,194__top,0.6923360824584961,0.7017155885696411,False
data/processed/cure_crops/194/top/customer/194_top_8487.png,194__top,0.6124157309532166,0.6761420965194702,False
data/processed/cure_crops/194/top/customer/194_top_8488.png,194__top,0.580461323261261,0.5894052386283875,False
data/processed/cure_crops/194/top/customer/194_top_8489.png,194__top,0.5778247117996216,0.7041428089141846,False
data/processed/cure_crops/194/top/customer/194_top_8490.png,194__top,0.5256866216659546,0.5705729722976685,False
data/processed/cure_crops/194/top/customer/194_top_8491.png,194__top,0.4959222674369812,0.48494210839271545,False
data/processed/cure_crops/194/top/customer/194_top_8492.png,194__top,0.5564924478530884,0.6955135464668274,False
data/processed/cure_crops/194/top/customer/194_top_8493.png,194__top,0.5715676546096802,0.6767941117286682,False
data/processed/cure_crops/194/top/customer/194_top_8494.png,194__top,0.5812559127807617,0.7723512649536133,False
data/processed/cure_crops/194/top/customer/194_top_8495.png,194__top,0.5444668531417847,0.7326722741127014,False
data/processed/cure_crops/194/top/customer/194_top_8496.png,194__top,0.6069158315658569,0.5954580307006836,False
data/processed/cure_crops/194/top/customer/194_top_8497.png,194__top,0.6355770826339722,0.6706964373588562,False
data/processed/cure_crops/194/top/customer/194_top_8498.png,194__top,0.6454739570617676,0.6321926712989807,False
data/processed/cure_crops/194/top/customer/194_top_8499.png,194__top,0.6201070547103882,0.662490725517273,False
data/processed/cure_crops/194/top/customer/194_top_8500.png,194__top,0.6456714868545532,0.6928804516792297,False
data/processed/cure_crops/194/top/customer/194_top_8501.png,194__top,0.6228115558624268,0.6629825830459595,False
data/processed/cure_crops/194/top/customer/194_top_8502.png,194__top,0.43587151169776917,0.38943150639533997,False
data/processed/cure_crops/194/top/customer/194_top_8503.png,194__top,0.6258805990219116,0.7073075175285339,False
data/processed/cure_crops/194/top/customer/194_top_8504.png,194__top,0.6058999300003052,0.6068383455276489,False
data/processed/cure_crops/194/top/customer/194_top_8505.png,194__top,0.5668660998344421,0.6292330026626587,False
data/processed/cure_crops/194/top/customer/194_top_8506.png,194__top,0.6395566463470459,0.6157586574554443,False
data/processed/cure_crops/194/top/customer/194_top_8507.png,194__top,0.3497658967971802,0.07590895146131516,False
data/processed/cure_crops/194/top/customer/194_top_8508.png,194__top,0.6318112015724182,0.6631760597229004,False
data/processed/cure_crops/194/top/customer/194_top_8509.png,194__top,0.2960098683834076,0.03533744812011719,False
data/processed/cure_crops/194/top/customer/194_top_8510.png,194__top,0.6389140486717224,0.7285261154174805,False
data/processed/cure_crops/195/bottom/customer/195_bottom_8558.png,195__bottom,,,False
data/processed/cure_crops/195/bottom/customer/195_bottom_8559.png,195__bottom,,,False
data/processed/cure_crops/195/bottom/customer/195_bottom_8560.png,195__bottom,,,False
data/processed/cure_crops/195/bottom/customer/195_bottom_8561.png,195__bottom,,,False
data/processed/cure_crops/195/bottom/customer/195_bottom_8562.png,195__bottom,,,False
data/processed/cure_crops/195/bottom/customer/195_bottom_8563.png,195__bottom,,,False
data/processed/cure_crops/195/bottom/customer/195_bottom_8564.png,195__bottom,,,False
data/processed/cure_crops/195/bottom/customer/195_bottom_8565.png,195__bottom,,,False
data/processed/cure_crops/195/bottom/customer/195_bottom_8566.png,195__bottom,,,False
data/processed/cure_crops/195/bottom/customer/195_bottom_8567.png,195__bottom,,,False
data/processed/cure_crops/195/bottom/customer/195_bottom_8568.png,195__bottom,,,False
data/processed/cure_crops/195/bottom/customer/195_bottom_8569.png,195__bottom,,,False
data/processed/cure_crops/195/bottom/customer/195_bottom_8570.png,195__bottom,,,False
data/processed/cure_crops/195/bottom/customer/195_bottom_8571.png,195__bottom,,,False
data/processed/cure_crops/195/bottom/customer/195_bottom_8572.png,195__bottom,,,False
data/processed/cure_crops/195/bottom/customer/195_bottom_8573.png,195__bottom,,,False
data/processed/cure_crops/195/bottom/customer/195_bottom_8574.png,195__bottom,,,False
data/processed/cure_crops/195/bottom/customer/195_bottom_8575.png,195__bottom,,,False
data/processed/cure_crops/195/bottom/customer/195_bottom_8576.png,195__bottom,,,False
data/processed/cure_crops/195/bottom/customer/195_bottom_8577.png,195__bottom,,,False
data/processed/cure_crops/195/bottom/customer/195_bottom_8578.png,195__bottom,,,False
data/processed/cure_crops/195/bottom/customer/195_bottom_8579.png,195__bottom,,,False
data/processed/cure_crops/195/bottom/customer/195_bottom_8580.png,195__bottom,,,False
data/processed/cure_crops/195/top/customer/195_top_8535.png,195__top,,,False
data/processed/cure_crops/195/top/customer/195_top_8536.png,195__top,,,False
data/processed/cure_crops/195/top/customer/195_top_8537.png,195__top,,,False
data/processed/cure_crops/195/top/customer/195_top_8538.png,195__top,,,False
data/processed/cure_crops/195/top/customer/195_top_8539.png,195__top,,,False
data/processed/cure_crops/195/top/customer/195_top_8540.png,195__top,,,False
data/processed/cure_crops/195/top/customer/195_top_8541.png,195__top,,,False
data/processed/cure_crops/195/top/customer/195_top_8542.png,195__top,,,False
data/processed/cure_crops/195/top/customer/195_top_8543.png,195__top,,,False
data/processed/cure_crops/195/top/customer/195_top_8544.png,195__top,,,False
data/processed/cure_crops/195/top/customer/195_top_8545.png,195__top,,,False
data/processed/cure_crops/195/top/customer/195_top_8546.png,195__top,,,False
data/processed/cure_crops/195/top/customer/195_top_8547.png,195__top,,,False
data/processed/cure_crops/195/top/customer/195_top_8548.png,195__top,,,False
data/processed/cure_crops/195/top/customer/195_top_8549.png,195__top,,,False
data/processed/cure_crops/195/top/customer/195_top_8550.png,195__top,,,False
data/processed/cure_crops/195/top/customer/195_top_8551.png,195__top,,,False
data/processed/cure_crops/195/top/customer/195_top_8552.png,195__top,,,False
data/processed/cure_crops/195/top/customer/195_top_8553.png,195__top,,,False
data/processed/cure_crops/195/top/customer/195_top_8554.png,195__top,,,False
data/processed/cure_crops/195/top/customer/195_top_8555.png,195__top,,,False
data/processed/cure_crops/195/top/customer/195_top_8556.png,195__top,,,False
data/processed/cure_crops/195/top/customer/195_top_8557.png,195__top,,,False
data/processed/cure_crops/2/bottom/customer/2_bottom_100.png,2__bottom,0.7625827789306641,0.8000171780586243,False
data/processed/cure_crops/2/bottom/customer/2_bottom_101.png,2__bottom,0.6556956768035889,0.7893892526626587,False
data/processed/cure_crops/2/bottom/customer/2_bottom_102.png,2__bottom,0.6402649283409119,0.7702891826629639,False
data/processed/cure_crops/2/bottom/customer/2_bottom_103.png,2__bottom,0.5778763294219971,0.7378605604171753,False
data/processed/cure_crops/2/bottom/customer/2_bottom_104.png,2__bottom,0.6340111494064331,0.7537031173706055,False
data/processed/cure_crops/2/bottom/customer/2_bottom_105.png,2__bottom,0.610297441482544,0.6030604839324951,False
data/processed/cure_crops/2/bottom/customer/2_bottom_106.png,2__bottom,0.5471385717391968,0.47543489933013916,False
data/processed/cure_crops/2/bottom/customer/2_bottom_107.png,2__bottom,0.4958835542201996,0.6036694049835205,False
data/processed/cure_crops/2/bottom/customer/2_bottom_108.png,2__bottom,0.5389381647109985,0.41677239537239075,False
data/processed/cure_crops/2/bottom/customer/2_bottom_109.png,2__bottom,0.6429129242897034,0.4438646137714386,False
data/processed/cure_crops/2/bottom/customer/2_bottom_110.png,2__bottom,0.6540762186050415,0.6902685165405273,False
data/processed/cure_crops/2/bottom/customer/2_bottom_111.png,2__bottom,0.5287767648696899,0.374104380607605,False
data/processed/cure_crops/2/bottom/customer/2_bottom_112.png,2__bottom,0.6703288555145264,0.5224326848983765,False
data/processed/cure_crops/2/bottom/customer/2_bottom_113.png,2__bottom,0.7283961772918701,0.6193244457244873,False
data/processed/cure_crops/2/bottom/customer/2_bottom_114.png,2__bottom,0.6314460635185242,0.33436068892478943,False
data/processed/cure_crops/2/bottom/customer/2_bottom_115.png,2__bottom,0.6378458738327026,0.35254326462745667,False
data/processed/cure_crops/2/bottom/customer/2_bottom_116.png,2__bottom,0.6270217895507812,0.39390790462493896,False
data/processed/cure_crops/2/bottom/customer/2_bottom_117.png,2__bottom,0.5653551816940308,0.3969525098800659,False
data/processed/cure_crops/2/bottom/customer/2_bottom_118.png,2__bottom,0.7013658285140991,0.3767538070678711,False
data/processed/cure_crops/2/bottom/customer/2_bottom_119.png,2__bottom,0.6958621740341187,0.4122856855392456,False
data/processed/cure_crops/2/bottom/customer/2_bottom_120.png,2__bottom,0.6997286081314087,0.6249552965164185,False
data/processed/cure_crops/2/bottom/customer/2_bottom_121.png,2__bottom,0.6201743483543396,0.48759543895721436,False
data/processed/cure_crops/2/bottom/customer/2_bottom_99.png,2__bottom,0.7152525782585144,0.7736412286758423,False
data/processed/cure_crops/2/top/customer/2_top_62.png,2__top,0.7004289031028748,0.8467615842819214,False
data/processed/cure_crops/2/top/customer/2_top_63.png,2__top,0.7221834659576416,0.844549298286438,False
data/processed/cure_crops/2/top/customer/2_top_64.png,2__top,0.7231020927429199,0.8402453660964966,False
data/processed/cure_crops/2/top/customer/2_top_65.png,2__top,0.7201508283615112,0.8300328254699707,False
data/processed/cure_crops/2/top/customer/2_top_66.png,2__top,0.6447177529335022,0.6505528092384338,False
data/processed/cure_crops/2/top/customer/2_top_67.png,2__top,0.6589496731758118,0.762489378452301,False
data/processed/cure_crops/2/top/customer/2_top_68.png,2__top,0.6615598201751709,0.6887734532356262,False
data/processed/cure_crops/2/top/customer/2_top_69.png,2__top,0.6642707586288452,0.7580581307411194,False
data/processed/cure_crops/2/top/customer/2_top_70.png,2__top,0.6601818799972534,0.7874836921691895,False
data/processed/cure_crops/2/top/customer/2_top_71.png,2__top,0.6694345474243164,0.788479208946228,False
data/processed/cure_crops/2/top/customer/2_top_72.png,2__top,0.7171412110328674,0.6549816131591797,False
data/processed/cure_crops/2/top/customer/2_top_73.png,2__top,0.7321186065673828,0.594459593296051,False
data/processed/cure_crops/2/top/customer/2_top_74.png,2__top,0.7170557975769043,0.5741970539093018,False
data/processed/cure_crops/2/top/customer/2_top_75.png,2__top,0.7510068416595459,0.6675024032592773,False
data/processed/cure_crops/2/top/customer/2_top_76.png,2__top,0.6837475299835205,0.7003350257873535,False
data/processed/cure_crops/2/top/customer/2_top_77.png,2__top,0.49767234921455383,0.6418147087097168,False
data/processed/cure_crops/2/top/customer/2_top_78.png,2__top,0.6997798681259155,0.543504536151886,False
data/processed/cure_crops/2/top/customer/2_top_79.png,2__top,0.7392109632492065,0.6569761037826538,False
data/processed/cure_crops/2/top/customer/2_top_80.png,2__top,0.4042823910713196,0.2939836382865906,False
data/processed/cure_crops/2/top/customer/2_top_81.png,2__top,0.7236708402633667,0.5457879304885864,False
data/processed/cure_crops/2/top/customer/2_top_82.png,2__top,0.7372307777404785,0.6822918653488159,False
data/processed/cure_crops/2/top/customer/2_top_83.png,2__top,0.7325839996337891,0.5372699499130249,False
data/processed/cure_crops/2/top/customer/2_top_84.png,2__top,0.5349847674369812,0.4973377585411072,False
data/processed/cure_crops/2/top/customer/2_top_85.png,2__top,0.7277725338935852,0.7564640641212463,False
data/processed/cure_crops/2/top/customer/2_top_86.png,2__top,0.7475349307060242,0.7104386687278748,False
data/processed/cure_crops/2/top/customer/2_top_87.png,2__top,0.780203640460968,0.6701493263244629,False
data/processed/cure_crops/2/top/customer/2_top_88.png,2__top,0.7438087463378906,0.6062724590301514,False
data/processed/cure_crops/2/top/customer/2_top_89.png,2__top,0.701514482498169,0.6516038179397583,False
data/processed/cure_crops/2/top/customer/2_top_90.png,2__top,0.687132716178894,0.6252449750900269,False
data/processed/cure_crops/2/top/customer/2_top_91.png,2__top,0.7659571170806885,0.6109424233436584,False
data/processed/cure_crops/2/top/customer/2_top_92.png,2__top,0.6647945642471313,0.6972227096557617,False
data/processed/cure_crops/2/top/customer/2_top_93.png,2__top,0.716550886631012,0.556816577911377,False
data/processed/cure_crops/2/top/customer/2_top_94.png,2__top,0.6737219095230103,0.744946300983429,False
data/processed/cure_crops/2/top/customer/2_top_95.png,2__top,0.6984661817550659,0.6650726795196533,False
data/processed/cure_crops/2/top/customer/2_top_96.png,2__top,0.669110894203186,0.6877745389938354,False
data/processed/cure_crops/2/top/customer/2_top_97.png,2__top,0.47076910734176636,0.4292144775390625,False
data/processed/cure_crops/2/top/customer/2_top_98.png,2__top,0.6130930781364441,0.5522658824920654,False
data/processed/cure_crops/20/bottom/customer/20_bottom_893.png,20__bottom,0.7144250869750977,0.8109274506568909,False
data/processed/cure_crops/20/bottom/customer/20_bottom_894.png,20__bottom,0.6832922697067261,0.7616062164306641,False
data/processed/cure_crops/20/bottom/customer/20_bottom_895.png,20__bottom,0.641462504863739,0.7798506021499634,False
data/processed/cure_crops/20/bottom/customer/20_bottom_896.png,20__bottom,0.6744622588157654,0.7606557607650757,False
data/processed/cure_crops/20/bottom/customer/20_bottom_897.png,20__bottom,0.5010476112365723,0.727726399898529,False
data/processed/cure_crops/20/bottom/customer/20_bottom_898.png,20__bottom,0.5033945441246033,0.7400361895561218,False
data/processed/cure_crops/20/bottom/customer/20_bottom_899.png,20__bottom,0.5231888294219971,0.7253513932228088,False
data/processed/cure_crops/20/bottom/customer/20_bottom_900.png,20__bottom,0.4638080894947052,0.6798454523086548,False
data/processed/cure_crops/20/bottom/customer/20_bottom_901.png,20__bottom,0.5080866813659668,0.6842225790023804,False
data/processed/cure_crops/20/bottom/customer/20_bottom_902.png,20__bottom,0.518096387386322,0.668641209602356,False
data/processed/cure_crops/20/bottom/customer/20_bottom_903.png,20__bottom,0.4308813512325287,0.4868208169937134,False
data/processed/cure_crops/20/bottom/customer/20_bottom_904.png,20__bottom,0.49281156063079834,0.6607909202575684,False
data/processed/cure_crops/20/bottom/customer/20_bottom_905.png,20__bottom,0.5059632062911987,0.49019938707351685,False
data/processed/cure_crops/20/bottom/customer/20_bottom_906.png,20__bottom,0.5126128196716309,0.570970356464386,False
data/processed/cure_crops/20/bottom/customer/20_bottom_907.png,20__bottom,0.49404847621917725,0.6324853897094727,False
data/processed/cure_crops/20/bottom/customer/20_bottom_908.png,20__bottom,0.5147547721862793,0.6607145667076111,False
data/processed/cure_crops/20/bottom/customer/20_bottom_909.png,20__bottom,0.4458462595939636,0.608881413936615,False
data/processed/cure_crops/20/bottom/customer/20_bottom_910.png,20__bottom,0.4774666428565979,0.49320244789123535,False
data/processed/cure_crops/20/bottom/customer/20_bottom_911.png,20__bottom,0.45818376541137695,0.4703521132469177,False
data/processed/cure_crops/20/bottom/customer/20_bottom_912.png,20__bottom,0.5371359586715698,0.6145211458206177,False
data/processed/cure_crops/20/bottom/customer/20_bottom_913.png,20__bottom,0.4897611141204834,0.5602973699569702,False
data/processed/cure_crops/20/bottom/customer/20_bottom_914.png,20__bottom,0.4952905774116516,0.6338363885879517,False
data/processed/cure_crops/20/bottom/customer/20_bottom_915.png,20__bottom,0.49191513657569885,0.5722721219062805,False
data/processed/cure_crops/20/bottom/customer/20_bottom_916.png,20__bottom,0.5237008333206177,0.5974072217941284,False
data/processed/cure_crops/20/bottom/customer/20_bottom_917.png,20__bottom,0.47683992981910706,0.589758038520813,False
data/processed/cure_crops/20/bottom/customer/20_bottom_918.png,20__bottom,0.48514658212661743,0.5976018905639648,False
data/processed/cure_crops/20/top/customer/20_top_869.png,20__top,0.5829229354858398,0.6993914842605591,False
data/processed/cure_crops/20/top/customer/20_top_870.png,20__top,0.6589490175247192,0.7918099164962769,False
data/processed/cure_crops/20/top/customer/20_top_871.png,20__top,0.6255502700805664,0.7379462122917175,False
data/processed/cure_crops/20/top/customer/20_top_872.png,20__top,0.6096656322479248,0.7757644653320312,False
data/processed/cure_crops/20/top/customer/20_top_873.png,20__top,0.5613949298858643,0.6800220012664795,False
data/processed/cure_crops/20/top/customer/20_top_874.png,20__top,0.5955902338027954,0.7220117449760437,False
data/processed/cure_crops/20/top/customer/20_top_875.png,20__top,0.6037280559539795,0.7459346055984497,False
data/processed/cure_crops/20/top/customer/20_top_876.png,20__top,0.6196904182434082,0.6997500658035278,False
data/processed/cure_crops/20/top/customer/20_top_877.png,20__top,0.5767446756362915,0.7180120348930359,False
data/processed/cure_crops/20/top/customer/20_top_878.png,20__top,0.5294821262359619,0.7034293413162231,False
data/processed/cure_crops/20/top/customer/20_top_879.png,20__top,0.43176472187042236,0.4236881732940674,False
data/processed/cure_crops/20/top/customer/20_top_880.png,20__top,0.6492576599121094,0.4495272636413574,False
data/processed/cure_crops/20/top/customer/20_top_881.png,20__top,0.5695614814758301,0.5031439065933228,False
data/processed/cure_crops/20/top/customer/20_top_882.png,20__top,0.4544907510280609,0.5408117771148682,False
data/processed/cure_crops/20/top/customer/20_top_883.png,20__top,0.645810604095459,0.5147591829299927,False
data/processed/cure_crops/20/top/customer/20_top_884.png,20__top,0.7113001346588135,0.6163224577903748,False
data/processed/cure_crops/20/top/customer/20_top_885.png,20__top,0.5166082382202148,0.29447436332702637,False
data/processed/cure_crops/20/top/customer/20_top_886.png,20__top,0.642789900302887,0.6102044582366943,False
data/processed/cure_crops/20/top/customer/20_top_887.png,20__top,0.710468053817749,0.587989330291748,False
data/processed/cure_crops/20/top/customer/20_top_888.png,20__top,0.7554094791412354,0.5737401247024536,False
data/processed/cure_crops/20/top/customer/20_top_889.png,20__top,0.7496280074119568,0.4990595579147339,False
data/processed/cure_crops/20/top/customer/20_top_890.png,20__top,0.6954474449157715,0.7153561115264893,False
data/processed/cure_crops/20/top/customer/20_top_891.png,20__top,0.7203706502914429,0.6907039880752563,False
data/processed/cure_crops/20/top/customer/20_top_892.png,20__top,0.6060236692428589,0.5552588701248169,False
data/processed/cure_crops/21/bottom/customer/21_bottom_945.png,21__bottom,0.7828471064567566,0.8716728091239929,False
data/processed/cure_crops/21/bottom/customer/21_bottom_946.png,21__bottom,0.738299548625946,0.8544027805328369,False
data/processed/cure_crops/21/bottom/customer/21_bottom_947.png,21__bottom,0.8384953737258911,0.8811194896697998,False
data/processed/cure_crops/21/bottom/customer/21_bottom_948.png,21__bottom,0.8594897389411926,0.876067042350769,False
data/processed/cure_crops/21/bottom/customer/21_bottom_949.png,21__bottom,0.6943784952163696,0.7522035837173462,False
data/processed/cure_crops/21/bottom/customer/21_bottom_950.png,21__bottom,0.6571357250213623,0.7445207238197327,False
data/processed/cure_crops/21/bottom/customer/21_bottom_951.png,21__bottom,0.721306562423706,0.7920848727226257,False
data/processed/cure_crops/21/bottom/customer/21_bottom_952.png,21__bottom,0.7822343111038208,0.8251641392707825,False
data/processed/cure_crops/21/bottom/customer/21_bottom_953.png,21__bottom,0.6274701356887817,0.7844732999801636,False
data/processed/cure_crops/21/bottom/customer/21_bottom_954.png,21__bottom,0.6714943647384644,0.823196530342102,False
data/processed/cure_crops/21/bottom/customer/21_bottom_955.png,21__bottom,0.7526477575302124,0.7794104218482971,False
data/processed/cure_crops/21/bottom/customer/21_bottom_956.png,21__bottom,0.6652534008026123,0.764772891998291,False
data/processed/cure_crops/21/bottom/customer/21_bottom_957.png,21__bottom,0.6909639835357666,0.7947460412979126,False
data/processed/cure_crops/21/bottom/customer/21_bottom_958.png,21__bottom,0.6926878690719604,0.668032169342041,False
data/processed/cure_crops/21/bottom/customer/21_bottom_959.png,21__bottom,0.7763996124267578,0.7133274674415588,False
data/processed/cure_crops/21/bottom/customer/21_bottom_960.png,21__bottom,0.6620475053787231,0.7939286828041077,False
data/processed/cure_crops/21/bottom/customer/21_bottom_961.png,21__bottom,0.7172924280166626,0.7656282186508179,False
data/processed/cure_crops/21/bottom/customer/21_bottom_962.png,21__bottom,0.703567385673523,0.7819581031799316,False
data/processed/cure_crops/21/bottom/customer/21_bottom_963.png,21__bottom,0.7485865950584412,0.7688618898391724,False
data/processed/cure_crops/21/bottom/customer/21_bottom_964.png,21__bottom,0.7325930595397949,0.7106258869171143,False
data/processed/cure_crops/21/bottom/customer/21_bottom_965.png,21__bottom,0.7299054861068726,0.8109856247901917,False
data/processed/cure_crops/21/bottom/customer/21_bottom_966.png,21__bottom,0.7006782293319702,0.6569222211837769,False
data/processed/cure_crops/21/top/customer/21_top_919.png,21__top,0.8317863345146179,0.8221947550773621,False
data/processed/cure_crops/21/top/customer/21_top_920.png,21__top,0.8129479885101318,0.768083930015564,False
data/processed/cure_crops/21/top/customer/21_top_921.png,21__top,0.8406491875648499,0.8364297151565552,False
data/processed/cure_crops/21/top/customer/21_top_922.png,21__top,0.8151713013648987,0.8253411650657654,False
data/processed/cure_crops/21/top/customer/21_top_923.png,21__top,0.7406118512153625,0.7572323083877563,False
data/processed/cure_crops/21/top/customer/21_top_924.png,21__top,0.7669901847839355,0.7630003094673157,False
data/processed/cure_crops/21/top/customer/21_top_925.png,21__top,0.7844519019126892,0.7409559488296509,False
data/processed/cure_crops/21/top/customer/21_top_926.png,21__top,0.6403744220733643,0.7107102870941162,False
data/processed/cure_crops/21/top/customer/21_top_927.png,21__top,0.7099199295043945,0.7517926096916199,False
data/processed/cure_crops/21/top/customer/21_top_928.png,21__top,0.7316499352455139,0.7049489617347717,False
data/processed/cure_crops/21/top/customer/21_top_929.png,21__top,0.8196842670440674,0.6577173471450806,False
data/processed/cure_crops/21/top/customer/21_top_930.png,21__top,0.8109713196754456,0.7282542586326599,False
data/processed/cure_crops/21/top/customer/21_top_931.png,21__top,0.8480623960494995,0.789064347743988,False
data/processed/cure_crops/21/top/customer/21_top_932.png,21__top,0.816048800945282,0.7880347967147827,False
data/processed/cure_crops/21/top/customer/21_top_933.png,21__top,0.7807682156562805,0.7503955364227295,False
data/processed/cure_crops/21/top/customer/21_top_934.png,21__top,0.8148161768913269,0.7158174514770508,False
data/processed/cure_crops/21/top/customer/21_top_935.png,21__top,0.7964021563529968,0.7255258560180664,False
data/processed/cure_crops/21/top/customer/21_top_936.png,21__top,0.8007193803787231,0.7584136128425598,False
data/processed/cure_crops/21/top/customer/21_top_937.png,21__top,0.8173636198043823,0.7138976454734802,False
data/processed/cure_crops/21/top/customer/21_top_938.png,21__top,0.8228453993797302,0.7297165393829346,False
data/processed/cure_crops/21/top/customer/21_top_939.png,21__top,0.8096410632133484,0.7159765958786011,False
data/processed/cure_crops/21/top/customer/21_top_940.png,21__top,0.8316588401794434,0.6887664198875427,False
data/processed/cure_crops/21/top/customer/21_top_941.png,21__top,0.6202030777931213,0.5173749923706055,False
data/processed/cure_crops/21/top/customer/21_top_942.png,21__top,0.8422511219978333,0.7137441039085388,False
data/processed/cure_crops/21/top/customer/21_top_943.png,21__top,0.6238292455673218,0.6288822889328003,False
data/processed/cure_crops/21/top/customer/21_top_944.png,21__top,0.7959316372871399,0.7344471216201782,False
data/processed/cure_crops/22/bottom/customer/22_bottom_1000.png,22__bottom,0.7319598197937012,0.8193116188049316,False
data/processed/cure_crops/22/bottom/customer/22_bottom_1001.png,22__bottom,0.3739560842514038,0.15317946672439575,False
data/processed/cure_crops/22/bottom/customer/22_bottom_1002.png,22__bottom,0.7195923328399658,0.8305889368057251,False
data/processed/cure_crops/22/bottom/customer/22_bottom_1003.png,22__bottom,0.6649795770645142,0.7545435428619385,False
data/processed/cure_crops/22/bottom/customer/22_bottom_1004.png,22__bottom,0.726876974105835,0.832645833492279,False
data/processed/cure_crops/22/bottom/customer/22_bottom_1005.png,22__bottom,0.6900259256362915,0.7927781343460083,False
data/processed/cure_crops/22/bottom/customer/22_bottom_1006.png,22__bottom,0.6999044418334961,0.8094947934150696,False
data/processed/cure_crops/22/bottom/customer/22_bottom_1007.png,22__bottom,0.682349681854248,0.806215763092041,False
data/processed/cure_crops/22/bottom/customer/22_bottom_1008.png,22__bottom,0.7104374170303345,0.7719253897666931,False
data/processed/cure_crops/22/bottom/customer/22_bottom_1009.png,22__bottom,0.7224394679069519,0.6803070306777954,False
data/processed/cure_crops/22/bottom/customer/22_bottom_1010.png,22__bottom,0.731268584728241,0.7468770146369934,False
data/processed/cure_crops/22/bottom/customer/22_bottom_988.png,22__bottom,0.8642190098762512,0.857578456401825,False
data/processed/cure_crops/22/bottom/customer/22_bottom_989.png,22__bottom,0.7702525854110718,0.8631638288497925,False
data/processed/cure_crops/22/bottom/customer/22_bottom_990.png,22__bottom,0.8300409317016602,0.8645751476287842,False
data/processed/cure_crops/22/bottom/customer/22_bottom_991.png,22__bottom,0.8191472291946411,0.8192892074584961,False
data/processed/cure_crops/22/bottom/customer/22_bottom_992.png,22__bottom,0.8226276636123657,0.792630136013031,False
data/processed/cure_crops/22/bottom/customer/22_bottom_993.png,22__bottom,0.7766408324241638,0.8305578231811523,False
data/processed/cure_crops/22/bottom/customer/22_bottom_994.png,22__bottom,0.7447195053100586,0.853649914264679,False
data/processed/cure_crops/22/bottom/customer/22_bottom_995.png,22__bottom,0.7319103479385376,0.8083420991897583,False
data/processed/cure_crops/22/bottom/customer/22_bottom_996.png,22__bottom,0.7314268350601196,0.80702805519104,False
data/processed/cure_crops/22/bottom/customer/22_bottom_997.png,22__bottom,0.7137086391448975,0.7983938455581665,False
data/processed/cure_crops/22/bottom/customer/22_bottom_998.png,22__bottom,0.7236618995666504,0.8305888175964355,False
data/processed/cure_crops/22/bottom/customer/22_bottom_999.png,22__bottom,0.7113348245620728,0.6303198337554932,False
data/processed/cure_crops/22/top/customer/22_top_967.png,22__top,0.7758278846740723,0.8546699285507202,False
data/processed/cure_crops/22/top/customer/22_top_968.png,22__top,0.833189845085144,0.8490164279937744,False
data/processed/cure_crops/22/top/customer/22_top_969.png,22__top,0.762191891670227,0.8115065693855286,False
data/processed/cure_crops/22/top/customer/22_top_970.png,22__top,0.7942824363708496,0.8598796129226685,False
data/processed/cure_crops/22/top/customer/22_top_971.png,22__top,0.7452082633972168,0.7106655240058899,False
data/processed/cure_crops/22/top/customer/22_top_972.png,22__top,0.7302191257476807,0.748766303062439,False
data/processed/cure_crops/22/top/customer/22_top_973.png,22__top,0.7286709547042847,0.74964839220047,False
data/processed/cure_crops/22/top/customer/22_top_974.png,22__top,0.7307432889938354,0.8132826685905457,False
data/processed/cure_crops/22/top/customer/22_top_975.png,22__top,0.7436853647232056,0.8188539743423462,False
data/processed/cure_crops/22/top/customer/22_top_976.png,22__top,0.7301092743873596,0.8269937038421631,False
data/processed/cure_crops/22/top/customer/22_top_977.png,22__top,0.49057430028915405,0.4478422999382019,False
data/processed/cure_crops/22/top/customer/22_top_978.png,22__top,0.8026541471481323,0.7264167070388794,False
data/processed/cure_crops/22/top/customer/22_top_979.png,22__top,0.7125422954559326,0.7041159868240356,False
data/processed/cure_crops/22/top/customer/22_top_980.png,22__top,0.7304171919822693,0.7156248092651367,False
data/processed/cure_crops/22/top/customer/22_top_981.png,22__top,0.7189979553222656,0.6784955263137817,False
data/processed/cure_crops/22/top/customer/22_top_982.png,22__top,0.7093486785888672,0.6704414486885071,False
data/processed/cure_crops/22/top/customer/22_top_983.png,22__top,0.7357743978500366,0.7041485905647278,False
data/processed/cure_crops/22/top/customer/22_top_984.png,22__top,0.6926537752151489,0.7208669185638428,False
data/processed/cure_crops/22/top/customer/22_top_985.png,22__top,0.7584383487701416,0.5749697685241699,False
data/processed/cure_crops/22/top/customer/22_top_986.png,22__top,0.7314819097518921,0.7246421575546265,False
data/processed/cure_crops/22/top/customer/22_top_987.png,22__top,0.7504259347915649,0.6980235576629639,False
data/processed/cure_crops/23/bottom/customer/23_bottom_1023.png,23__bottom,0.7129113674163818,0.5995753407478333,False
data/processed/cure_crops/23/bottom/customer/23_bottom_1024.png,23__bottom,0.6669391989707947,0.6324310302734375,False
data/processed/cure_crops/23/bottom/customer/23_bottom_1025.png,23__bottom,0.6968061923980713,0.5848169326782227,False
data/processed/cure_crops/23/bottom/customer/23_bottom_1028.png,23__bottom,0.6371625661849976,0.7364073991775513,False
data/processed/cure_crops/23/bottom/customer/23_bottom_1029.png,23__bottom,0.5152977108955383,0.5836833715438843,False
data/processed/cure_crops/23/bottom/customer/23_bottom_1030.png,23__bottom,0.5094171166419983,0.6147314310073853,False
data/processed/cure_crops/23/top/customer/23_top_1014.png,23__top,0.7178317904472351,0.8081485629081726,False
data/processed/cure_crops/23/top/customer/23_top_1015.png,23__top,0.730169415473938,0.7118420600891113,False
data/processed/cure_crops/23/top/customer/23_top_1016.png,23__top,0.7085254192352295,0.7528002858161926,False
data/processed/cure_crops/23/top/customer/23_top_1017.png,23__top,0.721113383769989,0.7900674343109131,False
data/processed/cure_crops/23/top/customer/23_top_1018.png,23__top,0.7150094509124756,0.7408304810523987,False
data/processed/cure_crops/23/top/customer/23_top_1019.png,23__top,0.6659188866615295,0.8476637601852417,False
data/processed/cure_crops/23/top/customer/23_top_1020.png,23__top,0.7408105134963989,0.8376514911651611,False
data/processed/cure_crops/23/top/customer/23_top_1021.png,23__top,0.6252726316452026,0.7647885084152222,False
data/processed/cure_crops/23/top/customer/23_top_1022.png,23__top,0.6985506415367126,0.793761134147644,False
data/processed/cure_crops/24/bottom/customer/24_bottom_1055.png,24__bottom,0.8017063140869141,0.803849458694458,False
data/processed/cure_crops/24/bottom/customer/24_bottom_1056.png,24__bottom,0.7436677813529968,0.7765597105026245,False
data/processed/cure_crops/24/bottom/customer/24_bottom_1057.png,24__bottom,0.7614121437072754,0.7465394735336304,False
data/processed/cure_crops/24/bottom/customer/24_bottom_1058.png,24__bottom,0.7829334735870361,0.6925559639930725,False
data/processed/cure_crops/24/bottom/customer/24_bottom_1059.png,24__bottom,0.7379304766654968,0.7530341148376465,False
data/processed/cure_crops/24/bottom/customer/24_bottom_1060.png,24__bottom,0.7446281909942627,0.7414277791976929,False
data/processed/cure_crops/24/bottom/customer/24_bottom_1061.png,24__bottom,0.7716542482376099,0.8397200107574463,False
data/processed/cure_crops/24/bottom/customer/24_bottom_1062.png,24__bottom,0.6546297073364258,0.7493647933006287,False
data/processed/cure_crops/24/bottom/customer/24_bottom_1063.png,24__bottom,0.6016318798065186,0.7806252241134644,False
data/processed/cure_crops/24/bottom/customer/24_bottom_1064.png,24__bottom,0.6747463941574097,0.7687692642211914,False
data/processed/cure_crops/24/bottom/customer/24_bottom_1065.png,24__bottom,0.7143406867980957,0.70323646068573,False
data/processed/cure_crops/24/bottom/customer/24_bottom_1066.png,24__bottom,0.756780207157135,0.7336238026618958,False
data/processed/cure_crops/24/bottom/customer/24_bottom_1067.png,24__bottom,0.8391351103782654,0.7013567686080933,False
data/processed/cure_crops/24/bottom/customer/24_bottom_1068.png,24__bottom,0.7540810108184814,0.7165437936782837,False
data/processed/cure_crops/24/bottom/customer/24_bottom_1069.png,24__bottom,0.754530131816864,0.702059805393219,False
data/processed/cure_crops/24/bottom/customer/24_bottom_1070.png,24__bottom,0.7245106101036072,0.6163524389266968,False
data/processed/cure_crops/24/bottom/customer/24_bottom_1071.png,24__bottom,0.763774037361145,0.6182383298873901,False
data/processed/cure_crops/24/bottom/customer/24_bottom_1072.png,24__bottom,0.7688003778457642,0.6810015439987183,False
data/processed/cure_crops/24/bottom/customer/24_bottom_1073.png,24__bottom,0.7152068018913269,0.6728421449661255,False
data/processed/cure_crops/24/bottom/customer/24_bottom_1074.png,24__bottom,0.81508469581604,0.7208895087242126,False
data/processed/cure_crops/24/bottom/customer/24_bottom_1075.png,24__bottom,0.7895054817199707,0.6534591913223267,False
data/processed/cure_crops/24/bottom/customer/24_bottom_1076.png,24__bottom,0.691513180732727,0.5823286175727844,False
data/processed/cure_crops/24/bottom/customer/24_bottom_1077.png,24__bottom,0.6568053364753723,0.6296638250350952,False
data/processed/cure_crops/24/top/customer/24_top_1033.png,24__top,0.7474274039268494,0.8149187564849854,False
data/processed/cure_crops/24/top/customer/24_top_1035.png,24__top,0.7822093963623047,0.8061607480049133,False
data/processed/cure_crops/24/top/customer/24_top_1036.png,24__top,0.7654075026512146,0.8183053731918335,False
data/processed/cure_crops/24/top/customer/24_top_1037.png,24__top,0.7708158493041992,0.7330904006958008,False
data/processed/cure_crops/24/top/customer/24_top_1038.png,24__top,0.7845524549484253,0.7868243455886841,False
data/processed/cure_crops/24/top/customer/24_top_1039.png,24__top,0.7223497629165649,0.759985089302063,False
data/processed/cure_crops/24/top/customer/24_top_1040.png,24__top,0.7143464684486389,0.7719161510467529,False
data/processed/cure_crops/24/top/customer/24_top_1041.png,24__top,0.7092668414115906,0.7627177238464355,False
data/processed/cure_crops/24/top/customer/24_top_1042.png,24__top,0.6731120347976685,0.7516170144081116,False
data/processed/cure_crops/24/top/customer/24_top_1043.png,24__top,0.7489691972732544,0.6735928058624268,False
data/processed/cure_crops/24/top/customer/24_top_1044.png,24__top,0.7527636885643005,0.6605696082115173,False
data/processed/cure_crops/24/top/customer/24_top_1045.png,24__top,0.7796854972839355,0.6428426504135132,False
data/processed/cure_crops/24/top/customer/24_top_1046.png,24__top,0.766274094581604,0.6529058814048767,False
data/processed/cure_crops/24/top/customer/24_top_1047.png,24__top,0.6874744296073914,0.5777565240859985,False
data/processed/cure_crops/24/top/customer/24_top_1048.png,24__top,0.7591354250907898,0.5976711511611938,False
data/processed/cure_crops/24/top/customer/24_top_1049.png,24__top,0.6526527404785156,0.7058877348899841,False
data/processed/cure_crops/24/top/customer/24_top_1050.png,24__top,0.7391894459724426,0.6471167802810669,False
data/processed/cure_crops/24/top/customer/24_top_1051.png,24__top,0.7910147309303284,0.6528662443161011,False
data/processed/cure_crops/24/top/customer/24_top_1052.png,24__top,0.7652534246444702,0.7289106249809265,False
data/processed/cure_crops/24/top/customer/24_top_1053.png,24__top,0.739801287651062,0.6789509057998657,False
data/processed/cure_crops/24/top/customer/24_top_1054.png,24__top,0.7801365852355957,0.681352972984314,False
data/processed/cure_crops/25/bottom/customer/25_bottom_1101.png,25__bottom,0.6920703053474426,0.8451528549194336,False
data/processed/cure_crops/25/bottom/customer/25_bottom_1102.png,25__bottom,0.7351408004760742,0.8541253209114075,False
data/processed/cure_crops/25/bottom/customer/25_bottom_1103.png,25__bottom,0.7742384076118469,0.8272746801376343,False
data/processed/cure_crops/25/bottom/customer/25_bottom_1104.png,25__bottom,0.7096202969551086,0.8018499612808228,False
data/processed/cure_crops/25/bottom/customer/25_bottom_1105.png,25__bottom,0.7178564071655273,0.6300190091133118,False
data/processed/cure_crops/25/bottom/customer/25_bottom_1106.png,25__bottom,0.6567502617835999,0.6332235932350159,False
data/processed/cure_crops/25/bottom/customer/25_bottom_1107.png,25__bottom,0.6927787065505981,0.6160805225372314,False
data/processed/cure_crops/25/bottom/customer/25_bottom_1108.png,25__bottom,0.5919151306152344,0.7239851355552673,False
data/processed/cure_crops/25/bottom/customer/25_bottom_1109.png,25__bottom,0.5952203869819641,0.7426137924194336,False
data/processed/cure_crops/25/bottom/customer/25_bottom_1110.png,25__bottom,0.5692834854125977,0.7027342915534973,False
data/processed/cure_crops/25/bottom/customer/25_bottom_1111.png,25__bottom,0.7828431129455566,0.7043139338493347,False
data/processed/cure_crops/25/bottom/customer/25_bottom_1112.png,25__bottom,0.7653031349182129,0.7748234868049622,False
data/processed/cure_crops/25/bottom/customer/25_bottom_1113.png,25__bottom,0.7677285075187683,0.7070621848106384,False
data/processed/cure_crops/25/bottom/customer/25_bottom_1114.png,25__bottom,0.7570332288742065,0.6593422293663025,False
data/processed/cure_crops/25/bottom/customer/25_bottom_1115.png,25__bottom,0.7882771492004395,0.7833058834075928,False
data/processed/cure_crops/25/bottom/customer/25_bottom_1116.png,25__bottom,0.7698478698730469,0.7637749910354614,False
data/processed/cure_crops/25/bottom/customer/25_bottom_1117.png,25__bottom,0.7653343081474304,0.7099316120147705,False
data/processed/cure_crops/25/bottom/customer/25_bottom_1118.png,25__bottom,0.7523664236068726,0.5668193101882935,False
data/processed/cure_crops/25/bottom/customer/25_bottom_1119.png,25__bottom,0.7514946460723877,0.5164384841918945,False
data/processed/cure_crops/25/bottom/customer/25_bottom_1120.png,25__bottom,0.7394339442253113,0.550244152545929,False
data/processed/cure_crops/25/bottom/customer/25_bottom_1121.png,25__bottom,0.7681748270988464,0.7542632818222046,False
data/processed/cure_crops/25/bottom/customer/25_bottom_1122.png,25__bottom,0.719141960144043,0.7163634300231934,False
data/processed/cure_crops/25/top/customer/25_top_1078.png,25__top,0.7182199358940125,0.6980918645858765,False
data/processed/cure_crops/25/top/customer/25_top_1079.png,25__top,0.6485193967819214,0.6758267879486084,False
data/processed/cure_crops/25/top/customer/25_top_1080.png,25__top,0.731552004814148,0.752557098865509,False
data/processed/cure_crops/25/top/customer/25_top_1081.png,25__top,0.6431313157081604,0.6660617589950562,False
data/processed/cure_crops/25/top/customer/25_top_1082.png,25__top,0.6638138294219971,0.5996185541152954,False
data/processed/cure_crops/25/top/customer/25_top_1083.png,25__top,0.7078421711921692,0.6570113897323608,False
data/processed/cure_crops/25/top/customer/25_top_1084.png,25__top,0.6368715167045593,0.6170119047164917,False
data/processed/cure_crops/25/top/customer/25_top_1085.png,25__top,0.649217426776886,0.5698438286781311,False
data/processed/cure_crops/25/top/customer/25_top_1086.png,25__top,0.5126564502716064,0.5901051163673401,False
data/processed/cure_crops/25/top/customer/25_top_1087.png,25__top,0.5325006246566772,0.5822545289993286,False
data/processed/cure_crops/25/top/customer/25_top_1088.png,25__top,0.7133170962333679,0.6370538473129272,False
data/processed/cure_crops/25/top/customer/25_top_1089.png,25__top,0.6997695565223694,0.41897082328796387,False
data/processed/cure_crops/25/top/customer/25_top_1090.png,25__top,0.7418288588523865,0.4959564208984375,False
data/processed/cure_crops/25/top/customer/25_top_1091.png,25__top,0.6900275349617004,0.5179716348648071,False
data/processed/cure_crops/25/top/customer/25_top_1092.png,25__top,0.748088002204895,0.5433568954467773,False
data/processed/cure_crops/25/top/customer/25_top_1093.png,25__top,0.7112220525741577,0.48518747091293335,False
data/processed/cure_crops/25/top/customer/25_top_1094.png,25__top,0.7608939409255981,0.47621893882751465,False
data/processed/cure_crops/25/top/customer/25_top_1095.png,25__top,0.6507952213287354,0.43736496567726135,False
data/processed/cure_crops/25/top/customer/25_top_1096.png,25__top,0.6869929432868958,0.4915649890899658,False
data/processed/cure_crops/25/top/customer/25_top_1097.png,25__top,0.6990482211112976,0.46984100341796875,False
data/processed/cure_crops/25/top/customer/25_top_1098.png,25__top,0.7711224555969238,0.530672550201416,False
data/processed/cure_crops/25/top/customer/25_top_1099.png,25__top,0.6489696502685547,0.49170276522636414,False
data/processed/cure_crops/25/top/customer/25_top_1100.png,25__top,0.7436484098434448,0.40862908959388733,False
data/processed/cure_crops/26/bottom/customer/26_bottom_1145.png,26__bottom,0.4424366354942322,0.3026653230190277,False
data/processed/cure_crops/26/bottom/customer/26_bottom_1146.png,26__bottom,0.4089092016220093,0.26367056369781494,False
data/processed/cure_crops/26/bottom/customer/26_bottom_1147.png,26__bottom,0.3497132360935211,0.31044360995292664,False
data/processed/cure_crops/26/bottom/customer/26_bottom_1148.png,26__bottom,0.3759261965751648,0.2549290657043457,False
data/processed/cure_crops/26/bottom/customer/26_bottom_1149.png,26__bottom,0.4422298073768616,0.25155818462371826,False
data/processed/cure_crops/26/bottom/customer/26_bottom_1150.png,26__bottom,0.4738111197948456,0.2999154329299927,False
data/processed/cure_crops/26/bottom/customer/26_bottom_1151.png,26__bottom,0.45844021439552307,0.21725954115390778,False
data/processed/cure_crops/26/bottom/customer/26_bottom_1153.png,26__bottom,0.4067573547363281,0.2744664251804352,False
data/processed/cure_crops/26/bottom/customer/26_bottom_1154.png,26__bottom,0.45302730798721313,0.22330665588378906,False
data/processed/cure_crops/26/bottom/customer/26_bottom_1155.png,26__bottom,0.407867431640625,0.2641647160053253,False
data/processed/cure_crops/26/bottom/customer/26_bottom_1156.png,26__bottom,0.37819480895996094,0.32619935274124146,False
data/processed/cure_crops/26/bottom/customer/26_bottom_1157.png,26__bottom,0.4238094687461853,0.29344719648361206,False
data/processed/cure_crops/26/bottom/customer/26_bottom_1158.png,26__bottom,0.43974506855010986,0.2733610272407532,False
data/processed/cure_crops/26/bottom/customer/26_bottom_1159.png,26__bottom,0.3867800831794739,0.26963579654693604,False
data/processed/cure_crops/26/bottom/customer/26_bottom_1160.png,26__bottom,0.33012861013412476,0.1809709370136261,False
data/processed/cure_crops/26/bottom/customer/26_bottom_1161.png,26__bottom,0.34632813930511475,0.34049496054649353,False
data/processed/cure_crops/26/bottom/customer/26_bottom_1162.png,26__bottom,0.34986209869384766,0.3151586651802063,False
data/processed/cure_crops/26/bottom/customer/26_bottom_1163.png,26__bottom,0.39790505170822144,0.25641465187072754,False
data/processed/cure_crops/26/bottom/customer/26_bottom_1164.png,26__bottom,0.38525956869125366,0.24732422828674316,False
data/processed/cure_crops/26/bottom/customer/26_bottom_1165.png,26__bottom,0.3989541232585907,0.2372245341539383,False
data/processed/cure_crops/26/bottom/customer/26_bottom_1166.png,26__bottom,0.4300267696380615,0.20362251996994019,False
data/processed/cure_crops/26/top/customer/26_top_1123.png,26__top,0.7811029553413391,0.8099484443664551,False
data/processed/cure_crops/26/top/customer/26_top_1124.png,26__top,0.6818881034851074,0.6645175218582153,False
data/processed/cure_crops/26/top/customer/26_top_1125.png,26__top,0.704866886138916,0.677695631980896,False
data/processed/cure_crops/26/top/customer/26_top_1126.png,26__top,0.6820821166038513,0.6985735893249512,False
data/processed/cure_crops/26/top/customer/26_top_1127.png,26__top,0.6453456282615662,0.6043700575828552,False
data/processed/cure_crops/26/top/customer/26_top_1128.png,26__top,0.7534376382827759,0.6493112444877625,False
data/processed/cure_crops/26/top/customer/26_top_1129.png,26__top,0.677311897277832,0.6104472875595093,False
data/processed/cure_crops/26/top/customer/26_top_1130.png,26__top,0.5552045106887817,0.5941492319107056,False
data/processed/cure_crops/26/top/customer/26_top_1131.png,26__top,0.6225576400756836,0.6402347087860107,False
data/processed/cure_crops/26/top/customer/26_top_1132.png,26__top,0.6700429916381836,0.6005638837814331,False
data/processed/cure_crops/26/top/customer/26_top_1133.png,26__top,0.6799216866493225,0.6308128833770752,False
data/processed/cure_crops/26/top/customer/26_top_1134.png,26__top,0.6465085744857788,0.5336874127388,False
data/processed/cure_crops/26/top/customer/26_top_1135.png,26__top,0.6787453889846802,0.6228901147842407,False
data/processed/cure_crops/26/top/customer/26_top_1136.png,26__top,0.6846081018447876,0.5512639284133911,False
data/processed/cure_crops/26/top/customer/26_top_1137.png,26__top,0.707095742225647,0.7150088548660278,False
data/processed/cure_crops/26/top/customer/26_top_1138.png,26__top,0.7012320756912231,0.42740288376808167,False
data/processed/cure_crops/26/top/customer/26_top_1139.png,26__top,0.6486624479293823,0.47498196363449097,False
data/processed/cure_crops/26/top/customer/26_top_1140.png,26__top,0.6665549874305725,0.5976181030273438,False
data/processed/cure_crops/26/top/customer/26_top_1141.png,26__top,0.6795661449432373,0.5341601371765137,False
data/processed/cure_crops/26/top/customer/26_top_1142.png,26__top,0.6104280948638916,0.6191611886024475,False
data/processed/cure_crops/26/top/customer/26_top_1143.png,26__top,0.6932220458984375,0.5673433542251587,False
data/processed/cure_crops/26/top/customer/26_top_1144.png,26__top,0.657403290271759,0.4505300521850586,False
data/processed/cure_crops/27/bottom/customer/27_bottom_1193.png,27__bottom,0.8291155099868774,0.7205959558486938,False
data/processed/cure_crops/27/bottom/customer/27_bottom_1194.png,27__bottom,0.7866730690002441,0.8079814314842224,False
data/processed/cure_crops/27/bottom/customer/27_bottom_1195.png,27__bottom,0.8173282146453857,0.6658141613006592,False
data/processed/cure_crops/27/bottom/customer/27_bottom_1196.png,27__bottom,0.788276731967926,0.7851625680923462,False
data/processed/cure_crops/27/bottom/customer/27_bottom_1197.png,27__bottom,0.7680325508117676,0.7015144228935242,False
data/processed/cure_crops/27/bottom/customer/27_bottom_1198.png,27__bottom,0.753328263759613,0.7061164975166321,False
data/processed/cure_crops/27/bottom/customer/27_bottom_1199.png,27__bottom,0.7856547832489014,0.690277099609375,False
data/processed/cure_crops/27/bottom/customer/27_bottom_1200.png,27__bottom,0.6480480432510376,0.6974563598632812,False
data/processed/cure_crops/27/bottom/customer/27_bottom_1201.png,27__bottom,0.7074012756347656,0.6891413927078247,False
data/processed/cure_crops/27/bottom/customer/27_bottom_1202.png,27__bottom,0.6736260056495667,0.7284847497940063,False
data/processed/cure_crops/27/bottom/customer/27_bottom_1203.png,27__bottom,0.8021864295005798,0.7665512561798096,False
data/processed/cure_crops/27/bottom/customer/27_bottom_1204.png,27__bottom,0.7909918427467346,0.66658616065979,False
data/processed/cure_crops/27/bottom/customer/27_bottom_1205.png,27__bottom,0.7856319546699524,0.7514716386795044,False
data/processed/cure_crops/27/bottom/customer/27_bottom_1206.png,27__bottom,0.7746264338493347,0.7346645593643188,False
data/processed/cure_crops/27/bottom/customer/27_bottom_1207.png,27__bottom,0.782598078250885,0.6889893412590027,False
data/processed/cure_crops/27/bottom/customer/27_bottom_1208.png,27__bottom,0.7961500287055969,0.6842038631439209,False
data/processed/cure_crops/27/bottom/customer/27_bottom_1209.png,27__bottom,0.8169165849685669,0.6836804151535034,False
data/processed/cure_crops/27/bottom/customer/27_bottom_1210.png,27__bottom,0.7316802144050598,0.6868124008178711,False
data/processed/cure_crops/27/bottom/customer/27_bottom_1211.png,27__bottom,0.7942747473716736,0.7284795045852661,False
data/processed/cure_crops/27/bottom/customer/27_bottom_1212.png,27__bottom,0.796180009841919,0.718423068523407,False
data/processed/cure_crops/27/bottom/customer/27_bottom_1213.png,27__bottom,0.7354390621185303,0.7488710284233093,False
data/processed/cure_crops/27/bottom/customer/27_bottom_1214.png,27__bottom,0.7871279716491699,0.7021793127059937,False
data/processed/cure_crops/27/bottom/customer/27_bottom_1215.png,27__bottom,0.785170316696167,0.6963318586349487,False
data/processed/cure_crops/27/top/customer/27_top_1167.png,27__top,0.8437451720237732,0.8471486568450928,False
data/processed/cure_crops/27/top/customer/27_top_1168.png,27__top,0.8231841921806335,0.8259757161140442,False
data/processed/cure_crops/27/top/customer/27_top_1169.png,27__top,0.7829891443252563,0.800972580909729,False
data/processed/cure_crops/27/top/customer/27_top_1170.png,27__top,0.6992888450622559,0.7033315896987915,False
data/processed/cure_crops/27/top/customer/27_top_1171.png,27__top,0.7911393046379089,0.7591300010681152,False
data/processed/cure_crops/27/top/customer/27_top_1172.png,27__top,0.7937024831771851,0.7233994007110596,False
data/processed/cure_crops/27/top/customer/27_top_1173.png,27__top,0.7172708511352539,0.7014366984367371,False
data/processed/cure_crops/27/top/customer/27_top_1174.png,27__top,0.7500710487365723,0.7033960819244385,False
data/processed/cure_crops/27/top/customer/27_top_1175.png,27__top,0.6586982011795044,0.6284657120704651,False
data/processed/cure_crops/27/top/customer/27_top_1176.png,27__top,0.652033805847168,0.6821553707122803,False
data/processed/cure_crops/27/top/customer/27_top_1177.png,27__top,0.711622953414917,0.7072150707244873,False
data/processed/cure_crops/27/top/customer/27_top_1178.png,27__top,0.7846102714538574,0.7051432132720947,False
data/processed/cure_crops/27/top/customer/27_top_1179.png,27__top,0.6749467849731445,0.723023533821106,False
data/processed/cure_crops/27/top/customer/27_top_1180.png,27__top,0.7678289413452148,0.6978473663330078,False
data/processed/cure_crops/27/top/customer/27_top_1181.png,27__top,0.7463289499282837,0.6616166830062866,False
data/processed/cure_crops/27/top/customer/27_top_1182.png,27__top,0.6983234882354736,0.7138258814811707,False
data/processed/cure_crops/27/top/customer/27_top_1183.png,27__top,0.7592154741287231,0.5884008407592773,False
data/processed/cure_crops/27/top/customer/27_top_1184.png,27__top,0.6945930123329163,0.5446774959564209,False
data/processed/cure_crops/27/top/customer/27_top_1185.png,27__top,0.6696247458457947,0.7304095029830933,False
data/processed/cure_crops/27/top/customer/27_top_1186.png,27__top,0.7484499216079712,0.6780673265457153,False
data/processed/cure_crops/27/top/customer/27_top_1187.png,27__top,0.7652082443237305,0.7263736724853516,False
data/processed/cure_crops/27/top/customer/27_top_1188.png,27__top,0.795944094657898,0.7875334024429321,False
data/processed/cure_crops/27/top/customer/27_top_1189.png,27__top,0.6705852746963501,0.5671194195747375,False
data/processed/cure_crops/27/top/customer/27_top_1190.png,27__top,0.7434651255607605,0.7081170678138733,False
data/processed/cure_crops/27/top/customer/27_top_1191.png,27__top,0.7805672287940979,0.6434992551803589,False
data/processed/cure_crops/27/top/customer/27_top_1192.png,27__top,0.7701420187950134,0.6859155893325806,False
data/processed/cure_crops/28/bottom/customer/28_bottom_1247.png,28__bottom,0.6583518981933594,0.7409549951553345,False
data/processed/cure_crops/28/bottom/customer/28_bottom_1248.png,28__bottom,0.6780476570129395,0.7948724031448364,False
data/processed/cure_crops/28/bottom/customer/28_bottom_1249.png,28__bottom,0.6115726232528687,0.7106347680091858,False
data/processed/cure_crops/28/bottom/customer/28_bottom_1250.png,28__bottom,0.6692896485328674,0.7433757781982422,False
data/processed/cure_crops/28/bottom/customer/28_bottom_1251.png,28__bottom,0.5379273295402527,0.626884937286377,False
data/processed/cure_crops/28/bottom/customer/28_bottom_1252.png,28__bottom,0.5221988558769226,0.5715285539627075,False
data/processed/cure_crops/28/bottom/customer/28_bottom_1253.png,28__bottom,0.5329183340072632,0.6384115815162659,False
data/processed/cure_crops/28/bottom/customer/28_bottom_1254.png,28__bottom,0.5107446908950806,0.6278891563415527,False
data/processed/cure_crops/28/bottom/customer/28_bottom_1255.png,28__bottom,0.5276975631713867,0.6449063420295715,False
data/processed/cure_crops/28/bottom/customer/28_bottom_1256.png,28__bottom,0.543603777885437,0.6429071426391602,False
data/processed/cure_crops/28/bottom/customer/28_bottom_1257.png,28__bottom,0.6767363548278809,0.6187976598739624,False
data/processed/cure_crops/28/bottom/customer/28_bottom_1258.png,28__bottom,0.7173652648925781,0.7065513134002686,False
data/processed/cure_crops/28/bottom/customer/28_bottom_1259.png,28__bottom,0.6991673707962036,0.7045468091964722,False
data/processed/cure_crops/28/bottom/customer/28_bottom_1260.png,28__bottom,0.6780402660369873,0.5392870903015137,False
data/processed/cure_crops/28/bottom/customer/28_bottom_1261.png,28__bottom,0.7540522813796997,0.7176203727722168,False
data/processed/cure_crops/28/bottom/customer/28_bottom_1262.png,28__bottom,0.7799645066261292,0.7232297658920288,False
data/processed/cure_crops/28/bottom/customer/28_bottom_1263.png,28__bottom,0.7600801587104797,0.7805876731872559,False
data/processed/cure_crops/28/bottom/customer/28_bottom_1264.png,28__bottom,0.750494122505188,0.7704766988754272,False
data/processed/cure_crops/28/bottom/customer/28_bottom_1265.png,28__bottom,0.7287541627883911,0.6271699666976929,False
data/processed/cure_crops/28/bottom/customer/28_bottom_1266.png,28__bottom,0.7063637971878052,0.6323734521865845,False
data/processed/cure_crops/28/bottom/customer/28_bottom_1267.png,28__bottom,0.7121396064758301,0.604220449924469,False
data/processed/cure_crops/28/bottom/customer/28_bottom_1268.png,28__bottom,0.6968109011650085,0.6062003374099731,False
data/processed/cure_crops/28/bottom/customer/28_bottom_1269.png,28__bottom,0.6765393614768982,0.6268893480300903,False
data/processed/cure_crops/28/bottom/customer/28_bottom_1270.png,28__bottom,0.7063193321228027,0.74508136510849,False
data/processed/cure_crops/28/top/customer/28_top_1216.png,28__top,0.7693721055984497,0.822912335395813,False
data/processed/cure_crops/28/top/customer/28_top_1217.png,28__top,0.7057442665100098,0.7460215091705322,False
data/processed/cure_crops/28/top/customer/28_top_1218.png,28__top,0.7466863393783569,0.8002394437789917,False
data/processed/cure_crops/28/top/customer/28_top_1219.png,28__top,0.7444087266921997,0.7774752974510193,False
data/processed/cure_crops/28/top/customer/28_top_1220.png,28__top,0.6649233102798462,0.7353903651237488,False
data/processed/cure_crops/28/top/customer/28_top_1221.png,28__top,0.48316141963005066,0.5067360997200012,False
data/processed/cure_crops/28/top/customer/28_top_1222.png,28__top,0.7105115652084351,0.7286983728408813,False
data/processed/cure_crops/28/top/customer/28_top_1223.png,28__top,0.650193452835083,0.8457950353622437,False
data/processed/cure_crops/28/top/customer/28_top_1224.png,28__top,0.6166130304336548,0.8054848909378052,False
data/processed/cure_crops/28/top/customer/28_top_1225.png,28__top,0.609762966632843,0.7259889841079712,False
data/processed/cure_crops/28/top/customer/28_top_1226.png,28__top,0.7132060527801514,0.7054281234741211,False
data/processed/cure_crops/28/top/customer/28_top_1227.png,28__top,0.6751552820205688,0.7720317840576172,False
data/processed/cure_crops/28/top/customer/28_top_1228.png,28__top,0.6936763525009155,0.8025896549224854,False
data/processed/cure_crops/28/top/customer/28_top_1229.png,28__top,0.6858310699462891,0.7459897994995117,False
data/processed/cure_crops/28/top/customer/28_top_1230.png,28__top,0.7021162509918213,0.7420423626899719,False
data/processed/cure_crops/28/top/customer/28_top_1231.png,28__top,0.6739916801452637,0.6887601017951965,False
data/processed/cure_crops/28/top/customer/28_top_1232.png,28__top,0.6906065940856934,0.792089581489563,False
data/processed/cure_crops/28/top/customer/28_top_1233.png,28__top,0.6827094554901123,0.6580421328544617,False
data/processed/cure_crops/28/top/customer/28_top_1234.png,28__top,0.6784929037094116,0.7399163842201233,False
data/processed/cure_crops/28/top/customer/28_top_1235.png,28__top,0.6890833377838135,0.730169415473938,False
data/processed/cure_crops/28/top/customer/28_top_1236.png,28__top,0.7262595891952515,0.7383603453636169,False
data/processed/cure_crops/28/top/customer/28_top_1237.png,28__top,0.6220054626464844,0.6664353609085083,False
data/processed/cure_crops/28/top/customer/28_top_1238.png,28__top,0.7290679216384888,0.7302589416503906,False
data/processed/cure_crops/28/top/customer/28_top_1239.png,28__top,0.6723129749298096,0.6441826820373535,False
data/processed/cure_crops/28/top/customer/28_top_1240.png,28__top,0.6771001219749451,0.6607043743133545,False
data/processed/cure_crops/28/top/customer/28_top_1241.png,28__top,0.6824113130569458,0.7333225607872009,False
data/processed/cure_crops/28/top/customer/28_top_1242.png,28__top,0.7215412855148315,0.7487793564796448,False
data/processed/cure_crops/28/top/customer/28_top_1243.png,28__top,0.738656759262085,0.7475097179412842,False
data/processed/cure_crops/28/top/customer/28_top_1244.png,28__top,0.6606178879737854,0.6146889925003052,False
data/processed/cure_crops/28/top/customer/28_top_1245.png,28__top,0.7140622735023499,0.8105040788650513,False
data/processed/cure_crops/28/top/customer/28_top_1246.png,28__top,0.7140593528747559,0.7570486664772034,False
data/processed/cure_crops/29/bottom/customer/29_bottom_1293.png,29__bottom,0.8353571891784668,0.8517241477966309,False
data/processed/cure_crops/29/bottom/customer/29_bottom_1294.png,29__bottom,0.8282217979431152,0.8513772487640381,False
data/processed/cure_crops/29/bottom/customer/29_bottom_1295.png,29__bottom,0.7950717210769653,0.8562706708908081,False
data/processed/cure_crops/29/bottom/customer/29_bottom_1296.png,29__bottom,0.8446524143218994,0.8457285165786743,False
data/processed/cure_crops/29/bottom/customer/29_bottom_1297.png,29__bottom,0.8264512419700623,0.7180057764053345,False
data/processed/cure_crops/29/bottom/customer/29_bottom_1298.png,29__bottom,0.8152866363525391,0.6022231578826904,False
data/processed/cure_crops/29/bottom/customer/29_bottom_1299.png,29__bottom,0.8507501482963562,0.8453502058982849,False
data/processed/cure_crops/29/bottom/customer/29_bottom_1300.png,29__bottom,0.7190762758255005,0.7895352244377136,False
data/processed/cure_crops/29/bottom/customer/29_bottom_1301.png,29__bottom,0.7590468525886536,0.8298045992851257,False
data/processed/cure_crops/29/bottom/customer/29_bottom_1302.png,29__bottom,0.7016181945800781,0.7900606393814087,False
data/processed/cure_crops/29/bottom/customer/29_bottom_1303.png,29__bottom,0.7258468270301819,0.7404037714004517,False
data/processed/cure_crops/29/bottom/customer/29_bottom_1304.png,29__bottom,0.7087132930755615,0.7536064982414246,False
data/processed/cure_crops/29/bottom/customer/29_bottom_1305.png,29__bottom,0.7734702229499817,0.8016103506088257,False
data/processed/cure_crops/29/bottom/customer/29_bottom_1306.png,29__bottom,0.713092029094696,0.8216707706451416,False
data/processed/cure_crops/29/bottom/customer/29_bottom_1307.png,29__bottom,0.7123740911483765,0.35041671991348267,False
data/processed/cure_crops/29/bottom/customer/29_bottom_1308.png,29__bottom,0.7281239032745361,0.746247410774231,False
data/processed/cure_crops/29/bottom/customer/29_bottom_1309.png,29__bottom,0.7323781251907349,0.7851042151451111,False
data/processed/cure_crops/29/bottom/customer/29_bottom_1310.png,29__bottom,0.7545318603515625,0.7470910549163818,False
data/processed/cure_crops/29/bottom/customer/29_bottom_1311.png,29__bottom,0.7477385997772217,0.7954225540161133,False
data/processed/cure_crops/29/bottom/customer/29_bottom_1312.png,29__bottom,0.7224159836769104,0.6921230554580688,False
data/processed/cure_crops/29/bottom/customer/29_bottom_1313.png,29__bottom,0.7384087443351746,0.8285214304924011,False
data/processed/cure_crops/29/bottom/customer/29_bottom_1314.png,29__bottom,0.7524585723876953,0.7258393168449402,False
data/processed/cure_crops/29/bottom/customer/29_bottom_1315.png,29__bottom,0.7515432834625244,0.7009768486022949,False
data/processed/cure_crops/29/top/customer/29_top_1271.png,29__top,0.8679289221763611,0.850318193435669,False
data/processed/cure_crops/29/top/customer/29_top_1272.png,29__top,0.8122218251228333,0.8275888562202454,False
data/processed/cure_crops/29/top/customer/29_top_1273.png,29__top,0.8147732019424438,0.8375818729400635,False
data/processed/cure_crops/29/top/customer/29_top_1274.png,29__top,0.8445351123809814,0.8585190176963806,False
data/processed/cure_crops/29/top/customer/29_top_1275.png,29__top,0.8008005023002625,0.7750349044799805,False
data/processed/cure_crops/29/top/customer/29_top_1276.png,29__top,0.8146536350250244,0.7968878149986267,False
data/processed/cure_crops/29/top/customer/29_top_1277.png,29__top,0.7874376773834229,0.651423454284668,False
data/processed/cure_crops/29/top/customer/29_top_1278.png,29__top,0.7314212322235107,0.7984238862991333,False
data/processed/cure_crops/29/top/customer/29_top_1279.png,29__top,0.7570102214813232,0.8053469657897949,False
data/processed/cure_crops/29/top/customer/29_top_1280.png,29__top,0.7690441012382507,0.7633732557296753,False
data/processed/cure_crops/29/top/customer/29_top_1281.png,29__top,0.7759381532669067,0.698123574256897,False
data/processed/cure_crops/29/top/customer/29_top_1282.png,29__top,0.7319250702857971,0.661152720451355,False
data/processed/cure_crops/29/top/customer/29_top_1283.png,29__top,0.7290496826171875,0.717686116695404,False
data/processed/cure_crops/29/top/customer/29_top_1284.png,29__top,0.4553797245025635,0.5068678855895996,False
data/processed/cure_crops/29/top/customer/29_top_1285.png,29__top,0.7188628911972046,0.6941623687744141,False
data/processed/cure_crops/29/top/customer/29_top_1286.png,29__top,0.75843346118927,0.7139761447906494,False
data/processed/cure_crops/29/top/customer/29_top_1287.png,29__top,0.7309819459915161,0.6674312353134155,False
data/processed/cure_crops/29/top/customer/29_top_1288.png,29__top,0.7213266491889954,0.7146536707878113,False
data/processed/cure_crops/29/top/customer/29_top_1289.png,29__top,0.715792179107666,0.6958950757980347,False
data/processed/cure_crops/29/top/customer/29_top_1290.png,29__top,0.6936012506484985,0.7546352744102478,False
data/processed/cure_crops/29/top/customer/29_top_1291.png,29__top,0.7048171758651733,0.7306231260299683,False
data/processed/cure_crops/29/top/customer/29_top_1292.png,29__top,0.5828942060470581,0.5032467842102051,False
data/processed/cure_crops/3/bottom/customer/3_bottom_151.png,3__bottom,0.6504474878311157,0.6492181420326233,False
data/processed/cure_crops/3/bottom/customer/3_bottom_152.png,3__bottom,0.6023439764976501,0.7175420522689819,False
data/processed/cure_crops/3/bottom/customer/3_bottom_153.png,3__bottom,0.6329870223999023,0.5883795022964478,False
data/processed/cure_crops/3/bottom/customer/3_bottom_154.png,3__bottom,0.5946002006530762,0.643484354019165,False
data/processed/cure_crops/3/bottom/customer/3_bottom_155.png,3__bottom,0.5434229373931885,0.658881664276123,False
data/processed/cure_crops/3/bottom/customer/3_bottom_156.png,3__bottom,0.622282862663269,0.5962464809417725,False
data/processed/cure_crops/3/bottom/customer/3_bottom_157.png,3__bottom,0.5980573892593384,0.5463603734970093,False
data/processed/cure_crops/3/bottom/customer/3_bottom_158.png,3__bottom,0.5820634961128235,0.5917794704437256,False
data/processed/cure_crops/3/bottom/customer/3_bottom_159.png,3__bottom,0.5722430944442749,0.5374596118927002,False
data/processed/cure_crops/3/bottom/customer/3_bottom_160.png,3__bottom,0.5721088647842407,0.46479499340057373,False
data/processed/cure_crops/3/bottom/customer/3_bottom_161.png,3__bottom,0.5976731777191162,0.5523136854171753,False
data/processed/cure_crops/3/bottom/customer/3_bottom_162.png,3__bottom,0.5979616641998291,0.5498701333999634,False
data/processed/cure_crops/3/bottom/customer/3_bottom_163.png,3__bottom,0.6117216944694519,0.6527563333511353,False
data/processed/cure_crops/3/bottom/customer/3_bottom_164.png,3__bottom,0.5947364568710327,0.5370751023292542,False
data/processed/cure_crops/3/bottom/customer/3_bottom_165.png,3__bottom,0.5884039998054504,0.5313552618026733,False
data/processed/cure_crops/3/bottom/customer/3_bottom_166.png,3__bottom,0.5979025959968567,0.5741263031959534,False
data/processed/cure_crops/3/bottom/customer/3_bottom_167.png,3__bottom,0.5999329090118408,0.5284140110015869,False
data/processed/cure_crops/3/bottom/customer/3_bottom_168.png,3__bottom,0.6091746091842651,0.5646114945411682,False
data/processed/cure_crops/3/bottom/customer/3_bottom_169.png,3__bottom,0.5476088523864746,0.45867180824279785,False
data/processed/cure_crops/3/bottom/customer/3_bottom_170.png,3__bottom,0.5986237525939941,0.5580939054489136,False
data/processed/cure_crops/3/bottom/customer/3_bottom_171.png,3__bottom,0.5921847820281982,0.6095402240753174,False
data/processed/cure_crops/3/top/customer/3_top_123.png,3__top,0.6426892280578613,0.7730066180229187,False
data/processed/cure_crops/3/top/customer/3_top_124.png,3__top,0.6459166407585144,0.7263026833534241,False
data/processed/cure_crops/3/top/customer/3_top_125.png,3__top,0.7074055671691895,0.7938288450241089,False
data/processed/cure_crops/3/top/customer/3_top_126.png,3__top,0.6546852588653564,0.687936544418335,False
data/processed/cure_crops/3/top/customer/3_top_127.png,3__top,0.6988714933395386,0.6938181519508362,False
data/processed/cure_crops/3/top/customer/3_top_129.png,3__top,0.6674566864967346,0.6643445491790771,False
data/processed/cure_crops/3/top/customer/3_top_130.png,3__top,0.6456302404403687,0.6236008405685425,False
data/processed/cure_crops/3/top/customer/3_top_131.png,3__top,0.6151479482650757,0.6701018810272217,False
data/processed/cure_crops/3/top/customer/3_top_132.png,3__top,0.6837801933288574,0.6209843754768372,False
data/processed/cure_crops/3/top/customer/3_top_133.png,3__top,0.7311639785766602,0.5125061273574829,False
data/processed/cure_crops/3/top/customer/3_top_134.png,3__top,0.7028588056564331,0.5878832340240479,False
data/processed/cure_crops/3/top/customer/3_top_135.png,3__top,0.7316080331802368,0.5240070819854736,False
data/processed/cure_crops/3/top/customer/3_top_136.png,3__top,0.5430752635002136,0.4279782772064209,False
data/processed/cure_crops/3/top/customer/3_top_137.png,3__top,0.743381142616272,0.5265365839004517,False
data/processed/cure_crops/3/top/customer/3_top_138.png,3__top,0.7013987302780151,0.5015995502471924,False
data/processed/cure_crops/3/top/customer/3_top_139.png,3__top,0.7053900957107544,0.4763600826263428,False
data/processed/cure_crops/3/top/customer/3_top_140.png,3__top,0.7131921648979187,0.6001321077346802,False
data/processed/cure_crops/3/top/customer/3_top_141.png,3__top,0.7152325510978699,0.6211848855018616,False
data/processed/cure_crops/3/top/customer/3_top_142.png,3__top,0.6962907314300537,0.5217466354370117,False
data/processed/cure_crops/3/top/customer/3_top_143.png,3__top,0.7282382845878601,0.6290035247802734,False
data/processed/cure_crops/3/top/customer/3_top_144.png,3__top,0.7215929627418518,0.6810003519058228,False
data/processed/cure_crops/3/top/customer/3_top_145.png,3__top,0.572181224822998,0.5863934755325317,False
data/processed/cure_crops/3/top/customer/3_top_146.png,3__top,0.6963969469070435,0.5340747833251953,False
data/processed/cure_crops/30/bottom/customer/30_bottom_1337.png,30__bottom,0.7464860081672668,0.7775721549987793,False
data/processed/cure_crops/30/bottom/customer/30_bottom_1338.png,30__bottom,0.7508415579795837,0.759844958782196,False
data/processed/cure_crops/30/bottom/customer/30_bottom_1339.png,30__bottom,0.7039602994918823,0.7500542402267456,False
data/processed/cure_crops/30/bottom/customer/30_bottom_1340.png,30__bottom,0.7722235918045044,0.7662310600280762,False
data/processed/cure_crops/30/bottom/customer/30_bottom_1341.png,30__bottom,0.7159449458122253,0.7512583136558533,False
data/processed/cure_crops/30/bottom/customer/30_bottom_1342.png,30__bottom,0.7132284641265869,0.7743918895721436,False
data/processed/cure_crops/30/bottom/customer/30_bottom_1343.png,30__bottom,0.7205549478530884,0.7909085750579834,False
data/processed/cure_crops/30/bottom/customer/30_bottom_1344.png,30__bottom,0.6276645660400391,0.7098724246025085,False
data/processed/cure_crops/30/bottom/customer/30_bottom_1345.png,30__bottom,0.6282221078872681,0.6758497357368469,False
data/processed/cure_crops/30/bottom/customer/30_bottom_1346.png,30__bottom,0.5334976315498352,0.6137229204177856,False
data/processed/cure_crops/30/bottom/customer/30_bottom_1347.png,30__bottom,0.6288097500801086,0.6086949110031128,False
data/processed/cure_crops/30/bottom/customer/30_bottom_1348.png,30__bottom,0.6595949530601501,0.5938161611557007,False
data/processed/cure_crops/30/bottom/customer/30_bottom_1349.png,30__bottom,0.7018440961837769,0.6312344670295715,False
data/processed/cure_crops/30/bottom/customer/30_bottom_1350.png,30__bottom,0.635966420173645,0.6140917539596558,False
data/processed/cure_crops/30/bottom/customer/30_bottom_1351.png,30__bottom,0.6535716652870178,0.6226987242698669,False
data/processed/cure_crops/30/bottom/customer/30_bottom_1352.png,30__bottom,0.6413291692733765,0.5588410496711731,False
data/processed/cure_crops/30/bottom/customer/30_bottom_1353.png,30__bottom,0.6602036356925964,0.6100683212280273,False
data/processed/cure_crops/30/bottom/customer/30_bottom_1354.png,30__bottom,0.6549925208091736,0.5883123874664307,False
data/processed/cure_crops/30/bottom/customer/30_bottom_1355.png,30__bottom,0.6123803853988647,0.5960369110107422,False
data/processed/cure_crops/30/bottom/customer/30_bottom_1356.png,30__bottom,0.7261157035827637,0.6453532576560974,False
data/processed/cure_crops/30/top/customer/30_top_1316.png,30__top,0.8154562711715698,0.8601303100585938,False
data/processed/cure_crops/30/top/customer/30_top_1317.png,30__top,0.7834343910217285,0.8551040887832642,False
data/processed/cure_crops/30/top/customer/30_top_1318.png,30__top,0.7677165865898132,0.8406434655189514,False
data/processed/cure_crops/30/top/customer/30_top_1319.png,30__top,0.7565001845359802,0.8115981817245483,False
data/processed/cure_crops/30/top/customer/30_top_1320.png,30__top,0.7053819894790649,0.7810143232345581,False
data/processed/cure_crops/30/top/customer/30_top_1321.png,30__top,0.692718505859375,0.7816879749298096,False
data/processed/cure_crops/30/top/customer/30_top_1322.png,30__top,0.7167094945907593,0.7978783845901489,False
data/processed/cure_crops/30/top/customer/30_top_1323.png,30__top,0.6578043699264526,0.8237516283988953,False
data/processed/cure_crops/30/top/customer/30_top_1324.png,30__top,0.6590537428855896,0.8009703159332275,False
data/processed/cure_crops/30/top/customer/30_top_1325.png,30__top,0.6609518527984619,0.7800028324127197,False
data/processed/cure_crops/30/top/customer/30_top_1326.png,30__top,0.8093428611755371,0.7760353684425354,False
data/processed/cure_crops/30/top/customer/30_top_1327.png,30__top,0.7804063558578491,0.6738773584365845,False
data/processed/cure_crops/30/top/customer/30_top_1328.png,30__top,0.7553735971450806,0.7518041133880615,False
data/processed/cure_crops/30/top/customer/30_top_1329.png,30__top,0.7645455002784729,0.7463987469673157,False
data/processed/cure_crops/30/top/customer/30_top_1330.png,30__top,0.7915956974029541,0.6990957260131836,False
data/processed/cure_crops/30/top/customer/30_top_1331.png,30__top,0.7969765663146973,0.7017278075218201,False
data/processed/cure_crops/30/top/customer/30_top_1332.png,30__top,0.8046769499778748,0.7130895256996155,False
data/processed/cure_crops/30/top/customer/30_top_1333.png,30__top,0.8135735988616943,0.7920268177986145,False
data/processed/cure_crops/30/top/customer/30_top_1334.png,30__top,0.7511518597602844,0.7391279935836792,False
data/processed/cure_crops/30/top/customer/30_top_1335.png,30__top,0.734378457069397,0.7127234935760498,False
data/processed/cure_crops/30/top/customer/30_top_1336.png,30__top,0.7399612665176392,0.7362020015716553,False
data/processed/cure_crops/31/bottom/customer/31_bottom_1376.png,31__bottom,0.6634347438812256,0.7503421306610107,False
data/processed/cure_crops/31/bottom/customer/31_bottom_1377.png,31__bottom,0.7034962773323059,0.8365323543548584,False
data/processed/cure_crops/31/bottom/customer/31_bottom_1378.png,31__bottom,0.6554657220840454,0.7973877191543579,False
data/processed/cure_crops/31/bottom/customer/31_bottom_1379.png,31__bottom,0.6583447456359863,0.7614104747772217,False
data/processed/cure_crops/31/bottom/customer/31_bottom_1380.png,31__bottom,0.7243773937225342,0.7258380651473999,False
data/processed/cure_crops/31/bottom/customer/31_bottom_1381.png,31__bottom,0.6935944557189941,0.7642650604248047,False
data/processed/cure_crops/31/bottom/customer/31_bottom_1382.png,31__bottom,0.6885499358177185,0.7764856815338135,False
data/processed/cure_crops/31/bottom/customer/31_bottom_1383.png,31__bottom,0.6387423872947693,0.7232629060745239,False
data/processed/cure_crops/31/bottom/customer/31_bottom_1384.png,31__bottom,0.7091038227081299,0.7718734741210938,False
data/processed/cure_crops/31/bottom/customer/31_bottom_1385.png,31__bottom,0.6868951916694641,0.7539060115814209,False
data/processed/cure_crops/31/bottom/customer/31_bottom_1386.png,31__bottom,0.7283309102058411,0.6742054224014282,False
data/processed/cure_crops/31/bottom/customer/31_bottom_1387.png,31__bottom,0.7311745882034302,0.674655556678772,False
data/processed/cure_crops/31/bottom/customer/31_bottom_1388.png,31__bottom,0.7405564785003662,0.650365948677063,False
data/processed/cure_crops/31/bottom/customer/31_bottom_1389.png,31__bottom,0.7784183025360107,0.6797969341278076,False
data/processed/cure_crops/31/bottom/customer/31_bottom_1390.png,31__bottom,0.6161470413208008,0.5660690069198608,False
data/processed/cure_crops/31/bottom/customer/31_bottom_1391.png,31__bottom,0.7129750847816467,0.6587526798248291,False
data/processed/cure_crops/31/bottom/customer/31_bottom_1392.png,31__bottom,0.7388834953308105,0.6834002137184143,False
data/processed/cure_crops/31/bottom/customer/31_bottom_1393.png,31__bottom,0.6941412687301636,0.5760458707809448,False
data/processed/cure_crops/31/bottom/customer/31_bottom_1394.png,31__bottom,0.77457594871521,0.6662264466285706,False
data/processed/cure_crops/31/bottom/customer/31_bottom_1395.png,31__bottom,0.7265352010726929,0.6530778408050537,False
data/processed/cure_crops/31/bottom/customer/31_bottom_1396.png,31__bottom,0.6546869874000549,0.46315786242485046,False
data/processed/cure_crops/31/bottom/customer/31_bottom_1397.png,31__bottom,0.7552089691162109,0.6125038862228394,False
data/processed/cure_crops/31/top/customer/31_top_1357.png,31__top,0.7183321714401245,0.7468072175979614,False
data/processed/cure_crops/31/top/customer/31_top_1358.png,31__top,0.7034929990768433,0.791329026222229,False
data/processed/cure_crops/31/top/customer/31_top_1359.png,31__top,0.6973464488983154,0.765312910079956,False
data/processed/cure_crops/31/top/customer/31_top_1360.png,31__top,0.6628845930099487,0.6846104860305786,False
data/processed/cure_crops/31/top/customer/31_top_1361.png,31__top,0.6472616195678711,0.7574248313903809,False
data/processed/cure_crops/31/top/customer/31_top_1362.png,31__top,0.6650924682617188,0.684023380279541,False
data/processed/cure_crops/31/top/customer/31_top_1363.png,31__top,0.6859666705131531,0.7229459285736084,False
data/processed/cure_crops/31/top/customer/31_top_1364.png,31__top,0.675362229347229,0.7000396251678467,False
data/processed/cure_crops/31/top/customer/31_top_1365.png,31__top,0.6271545886993408,0.6573288440704346,False
data/processed/cure_crops/31/top/customer/31_top_1366.png,31__top,0.6385335326194763,0.6595330238342285,False
data/processed/cure_crops/31/top/customer/31_top_1367.png,31__top,0.7014550566673279,0.5832542181015015,False
data/processed/cure_crops/31/top/customer/31_top_1368.png,31__top,0.7333288192749023,0.660999059677124,False
data/processed/cure_crops/31/top/customer/31_top_1369.png,31__top,0.7104800343513489,0.6342943906784058,False
data/processed/cure_crops/31/top/customer/31_top_1370.png,31__top,0.6195587515830994,0.5896655917167664,False
data/processed/cure_crops/31/top/customer/31_top_1371.png,31__top,0.7417597770690918,0.6601475477218628,False
data/processed/cure_crops/31/top/customer/31_top_1372.png,31__top,0.7655172348022461,0.6795209646224976,False
data/processed/cure_crops/31/top/customer/31_top_1373.png,31__top,0.5331863760948181,0.4883914887905121,False
data/processed/cure_crops/31/top/customer/31_top_1374.png,31__top,0.6779723763465881,0.5888282060623169,False
data/processed/cure_crops/31/top/customer/31_top_1375.png,31__top,0.6517871022224426,0.5498379468917847,False
data/processed/cure_crops/32/bottom/customer/32_bottom_1419.png,32__bottom,0.7628953456878662,0.8087916374206543,False
data/processed/cure_crops/32/bottom/customer/32_bottom_1420.png,32__bottom,0.728640079498291,0.8099868297576904,False
data/processed/cure_crops/32/bottom/customer/32_bottom_1421.png,32__bottom,0.7832440137863159,0.8289250731468201,False
data/processed/cure_crops/32/bottom/customer/32_bottom_1422.png,32__bottom,0.71795654296875,0.7983535528182983,False
data/processed/cure_crops/32/bottom/customer/32_bottom_1423.png,32__bottom,0.7566872835159302,0.8570592403411865,False
data/processed/cure_crops/32/bottom/customer/32_bottom_1424.png,32__bottom,0.7769568562507629,0.8773301839828491,False
data/processed/cure_crops/32/bottom/customer/32_bottom_1425.png,32__bottom,0.8167586326599121,0.8238376379013062,False
data/processed/cure_crops/32/bottom/customer/32_bottom_1426.png,32__bottom,0.729591429233551,0.8306883573532104,False
data/processed/cure_crops/32/bottom/customer/32_bottom_1427.png,32__bottom,0.6867326498031616,0.8480952978134155,False
data/processed/cure_crops/32/bottom/customer/32_bottom_1428.png,32__bottom,0.6908789277076721,0.7919585704803467,False
data/processed/cure_crops/32/bottom/customer/32_bottom_1429.png,32__bottom,0.7045100331306458,0.593895673751831,False
data/processed/cure_crops/32/bottom/customer/32_bottom_1430.png,32__bottom,0.7369774580001831,0.69783616065979,False
data/processed/cure_crops/32/bottom/customer/32_bottom_1431.png,32__bottom,0.7479242086410522,0.6935461163520813,False
data/processed/cure_crops/32/bottom/customer/32_bottom_1432.png,32__bottom,0.7568166255950928,0.7529913187026978,False
data/processed/cure_crops/32/bottom/customer/32_bottom_1433.png,32__bottom,0.7416521310806274,0.7127377390861511,False
data/processed/cure_crops/32/bottom/customer/32_bottom_1434.png,32__bottom,0.6923909187316895,0.6319946050643921,False
data/processed/cure_crops/32/bottom/customer/32_bottom_1435.png,32__bottom,0.7590581774711609,0.7029393911361694,False
data/processed/cure_crops/32/bottom/customer/32_bottom_1436.png,32__bottom,0.7405500411987305,0.6089268922805786,False
data/processed/cure_crops/32/bottom/customer/32_bottom_1437.png,32__bottom,0.7246895432472229,0.7312588691711426,False
data/processed/cure_crops/32/bottom/customer/32_bottom_1438.png,32__bottom,0.7282038331031799,0.719873309135437,False
data/processed/cure_crops/32/top/customer/32_top_1398.png,32__top,0.7391359806060791,0.6924263834953308,False
data/processed/cure_crops/32/top/customer/32_top_1399.png,32__top,0.7050229907035828,0.717073917388916,False
data/processed/cure_crops/32/top/customer/32_top_1400.png,32__top,0.72978675365448,0.6428403854370117,False
data/processed/cure_crops/32/top/customer/32_top_1401.png,32__top,0.700642466545105,0.7189006209373474,False
data/processed/cure_crops/32/top/customer/32_top_1402.png,32__top,0.7594593167304993,0.773730993270874,False
data/processed/cure_crops/32/top/customer/32_top_1403.png,32__top,0.7048822045326233,0.7995725274085999,False
data/processed/cure_crops/32/top/customer/32_top_1404.png,32__top,0.7372304201126099,0.8399107456207275,False
data/processed/cure_crops/32/top/customer/32_top_1405.png,32__top,0.6620103120803833,0.8100829124450684,False
data/processed/cure_crops/32/top/customer/32_top_1406.png,32__top,0.6888799071311951,0.7705093026161194,False
data/processed/cure_crops/32/top/customer/32_top_1407.png,32__top,0.6731466054916382,0.7269160747528076,False
data/processed/cure_crops/32/top/customer/32_top_1408.png,32__top,0.7490924596786499,0.6534895896911621,False
data/processed/cure_crops/32/top/customer/32_top_1409.png,32__top,0.7664430737495422,0.6723203659057617,False
data/processed/cure_crops/32/top/customer/32_top_1410.png,32__top,0.7579632997512817,0.687494158744812,False
data/processed/cure_crops/32/top/customer/32_top_1411.png,32__top,0.7393794655799866,0.7274020910263062,False
data/processed/cure_crops/32/top/customer/32_top_1412.png,32__top,0.7713840007781982,0.6811352968215942,False
data/processed/cure_crops/32/top/customer/32_top_1413.png,32__top,0.7590841054916382,0.718818724155426,False
data/processed/cure_crops/32/top/customer/32_top_1414.png,32__top,0.7204726934432983,0.6887102723121643,False
data/processed/cure_crops/32/top/customer/32_top_1415.png,32__top,0.7928529977798462,0.634893536567688,False
data/processed/cure_crops/32/top/customer/32_top_1416.png,32__top,0.7388049364089966,0.658967137336731,False
data/processed/cure_crops/32/top/customer/32_top_1417.png,32__top,0.7431702613830566,0.6431347727775574,False
data/processed/cure_crops/32/top/customer/32_top_1418.png,32__top,0.7539864778518677,0.7187662124633789,False
data/processed/cure_crops/33/bottom/customer/33_bottom_1463.png,33__bottom,0.8353674411773682,0.8078514337539673,False
data/processed/cure_crops/33/bottom/customer/33_bottom_1464.png,33__bottom,0.8247283101081848,0.795014500617981,False
data/processed/cure_crops/33/bottom/customer/33_bottom_1465.png,33__bottom,0.8373058438301086,0.7975799441337585,False
data/processed/cure_crops/33/bottom/customer/33_bottom_1466.png,33__bottom,0.8324950933456421,0.7582582235336304,False
data/processed/cure_crops/33/bottom/customer/33_bottom_1467.png,33__bottom,0.7906028032302856,0.7839994430541992,False
data/processed/cure_crops/33/bottom/customer/33_bottom_1468.png,33__bottom,0.7639501690864563,0.7151308059692383,False
data/processed/cure_crops/33/bottom/customer/33_bottom_1469.png,33__bottom,0.7773076295852661,0.7521246075630188,False
data/processed/cure_crops/33/bottom/customer/33_bottom_1470.png,33__bottom,0.6962270140647888,0.7263824939727783,False
data/processed/cure_crops/33/bottom/customer/33_bottom_1471.png,33__bottom,0.6758936643600464,0.7056017518043518,False
data/processed/cure_crops/33/bottom/customer/33_bottom_1472.png,33__bottom,0.7052607536315918,0.6964790225028992,False
data/processed/cure_crops/33/bottom/customer/33_bottom_1473.png,33__bottom,0.7244055271148682,0.6126260757446289,False
data/processed/cure_crops/33/bottom/customer/33_bottom_1474.png,33__bottom,0.6650144457817078,0.5685828924179077,False
data/processed/cure_crops/33/bottom/customer/33_bottom_1475.png,33__bottom,0.8116356730461121,0.6738955974578857,False
data/processed/cure_crops/33/bottom/customer/33_bottom_1476.png,33__bottom,0.812448263168335,0.6716519594192505,False
data/processed/cure_crops/33/bottom/customer/33_bottom_1477.png,33__bottom,0.7785085439682007,0.6635313034057617,False
data/processed/cure_crops/33/bottom/customer/33_bottom_1478.png,33__bottom,0.799792468547821,0.6684178113937378,False
data/processed/cure_crops/33/bottom/customer/33_bottom_1479.png,33__bottom,0.7796115875244141,0.6551536321640015,False
data/processed/cure_crops/33/bottom/customer/33_bottom_1480.png,33__bottom,0.8096384406089783,0.6511183977127075,False
data/processed/cure_crops/33/bottom/customer/33_bottom_1481.png,33__bottom,0.7849498987197876,0.6631622314453125,False
data/processed/cure_crops/33/bottom/customer/33_bottom_1482.png,33__bottom,0.8103245496749878,0.6443023681640625,False
data/processed/cure_crops/33/bottom/customer/33_bottom_1483.png,33__bottom,0.7909195423126221,0.6694862842559814,False
data/processed/cure_crops/33/bottom/customer/33_bottom_1484.png,33__bottom,0.8033305406570435,0.6432009935379028,False
data/processed/cure_crops/33/bottom/customer/33_bottom_1485.png,33__bottom,0.7557364702224731,0.6700189709663391,False
data/processed/cure_crops/33/bottom/customer/33_bottom_1486.png,33__bottom,0.7685728073120117,0.6947542428970337,False
data/processed/cure_crops/33/bottom/customer/33_bottom_1487.png,33__bottom,0.8231688737869263,0.6879417300224304,False
data/processed/cure_crops/33/top/customer/33_top_1439.png,33__top,0.8723365068435669,0.8090447187423706,False
data/processed/cure_crops/33/top/customer/33_top_1440.png,33__top,0.8203364610671997,0.8207167387008667,False
data/processed/cure_crops/33/top/customer/33_top_1441.png,33__top,0.8467113971710205,0.7794433832168579,False
data/processed/cure_crops/33/top/customer/33_top_1442.png,33__top,0.8359926342964172,0.7490904331207275,False
data/processed/cure_crops/33/top/customer/33_top_1443.png,33__top,0.7976897358894348,0.6720331311225891,False
data/processed/cure_crops/33/top/customer/33_top_1444.png,33__top,0.8345174193382263,0.6972885131835938,False
data/processed/cure_crops/33/top/customer/33_top_1445.png,33__top,0.8135422468185425,0.6952815055847168,False
data/processed/cure_crops/33/top/customer/33_top_1446.png,33__top,0.7500146627426147,0.7205801606178284,False
data/processed/cure_crops/33/top/customer/33_top_1447.png,33__top,0.7815538048744202,0.7629156112670898,False
data/processed/cure_crops/33/top/customer/33_top_1448.png,33__top,0.7615871429443359,0.7377513647079468,False
data/processed/cure_crops/33/top/customer/33_top_1449.png,33__top,0.7939661741256714,0.7470002174377441,False
data/processed/cure_crops/33/top/customer/33_top_1450.png,33__top,0.7004302740097046,0.6512570381164551,False
data/processed/cure_crops/33/top/customer/33_top_1451.png,33__top,0.7875663042068481,0.660305380821228,False
data/processed/cure_crops/33/top/customer/33_top_1452.png,33__top,0.8056278228759766,0.7797235250473022,False
data/processed/cure_crops/33/top/customer/33_top_1453.png,33__top,0.7025856971740723,0.6601079702377319,False
data/processed/cure_crops/33/top/customer/33_top_1454.png,33__top,0.7990121245384216,0.7435909509658813,False
data/processed/cure_crops/33/top/customer/33_top_1455.png,33__top,0.7868125438690186,0.6898229122161865,False
data/processed/cure_crops/33/top/customer/33_top_1456.png,33__top,0.8120845556259155,0.6997826099395752,False
data/processed/cure_crops/33/top/customer/33_top_1457.png,33__top,0.7785759568214417,0.7297424077987671,False
data/processed/cure_crops/33/top/customer/33_top_1458.png,33__top,0.7887721061706543,0.6840273141860962,False
data/processed/cure_crops/33/top/customer/33_top_1459.png,33__top,0.7468560934066772,0.6759105324745178,False
data/processed/cure_crops/33/top/customer/33_top_1460.png,33__top,0.8342333436012268,0.7033289074897766,False
data/processed/cure_crops/33/top/customer/33_top_1461.png,33__top,0.7768796682357788,0.6562706828117371,False
data/processed/cure_crops/33/top/customer/33_top_1462.png,33__top,0.7481045722961426,0.6033266186714172,False
data/processed/cure_crops/34/bottom/customer/34_bottom_1498.png,34__bottom,0.8591263294219971,0.8526197075843811,False
data/processed/cure_crops/34/bottom/customer/34_bottom_1499.png,34__bottom,0.8243212103843689,0.8079879879951477,False
data/processed/cure_crops/34/bottom/customer/34_bottom_1500.png,34__bottom,0.8152817487716675,0.7949944734573364,False
data/processed/cure_crops/34/bottom/customer/34_bottom_1501.png,34__bottom,0.7131521105766296,0.7161552906036377,False
data/processed/cure_crops/34/bottom/customer/34_bottom_1502.png,34__bottom,0.7160483598709106,0.742486834526062,False
data/processed/cure_crops/34/bottom/customer/34_bottom_1504.png,34__bottom,0.6861463189125061,0.7780525088310242,False
data/processed/cure_crops/34/top/customer/34_top_1488.png,34__top,0.8371781706809998,0.8131158351898193,False
data/processed/cure_crops/34/top/customer/34_top_1489.png,34__top,0.8046948909759521,0.8301549553871155,False
data/processed/cure_crops/34/top/customer/34_top_1490.png,34__top,0.7845799326896667,0.7738553285598755,False
data/processed/cure_crops/34/top/customer/34_top_1491.png,34__top,0.665848970413208,0.6723321676254272,False
data/processed/cure_crops/34/top/customer/34_top_1493.png,34__top,0.5644158124923706,0.5889819860458374,False
data/processed/cure_crops/34/top/customer/34_top_1495.png,34__top,0.714747965335846,0.7384029626846313,False
data/processed/cure_crops/34/top/customer/34_top_1496.png,34__top,0.6720009446144104,0.7517138719558716,False
data/processed/cure_crops/35/bottom/customer/35_bottom_1533.png,35__bottom,0.8687307834625244,0.786540150642395,False
data/processed/cure_crops/35/bottom/customer/35_bottom_1534.png,35__bottom,0.7414640188217163,0.7632561922073364,False
data/processed/cure_crops/35/bottom/customer/35_bottom_1535.png,35__bottom,0.8818731307983398,0.8585512638092041,False
data/processed/cure_crops/35/bottom/customer/35_bottom_1536.png,35__bottom,0.8372032642364502,0.8519243001937866,False
data/processed/cure_crops/35/bottom/customer/35_bottom_1537.png,35__bottom,0.7645794153213501,0.8108794093132019,False
data/processed/cure_crops/35/bottom/customer/35_bottom_1538.png,35__bottom,0.7815424799919128,0.809785008430481,False
data/processed/cure_crops/35/bottom/customer/35_bottom_1539.png,35__bottom,0.7694218158721924,0.8108922243118286,False
data/processed/cure_crops/35/bottom/customer/35_bottom_1540.png,35__bottom,0.7801504731178284,0.8379753828048706,False
data/processed/cure_crops/35/bottom/customer/35_bottom_1541.png,35__bottom,0.6738322973251343,0.7522110939025879,False
data/processed/cure_crops/35/bottom/customer/35_bottom_1542.png,35__bottom,0.6816418766975403,0.800437331199646,False
data/processed/cure_crops/35/bottom/customer/35_bottom_1543.png,35__bottom,0.8118557929992676,0.7173284292221069,False
data/processed/cure_crops/35/bottom/customer/35_bottom_1544.png,35__bottom,0.8237568736076355,0.7405980825424194,False
data/processed/cure_crops/35/bottom/customer/35_bottom_1545.png,35__bottom,0.7969605922698975,0.6674264669418335,False
data/processed/cure_crops/35/bottom/customer/35_bottom_1546.png,35__bottom,0.8109699487686157,0.7542726993560791,False
data/processed/cure_crops/35/bottom/customer/35_bottom_1547.png,35__bottom,0.7390100955963135,0.6117733716964722,False
data/processed/cure_crops/35/bottom/customer/35_bottom_1548.png,35__bottom,0.7754112482070923,0.622046709060669,False
data/processed/cure_crops/35/bottom/customer/35_bottom_1549.png,35__bottom,0.7259199023246765,0.6943845748901367,False
data/processed/cure_crops/35/bottom/customer/35_bottom_1550.png,35__bottom,0.7763700485229492,0.635769248008728,False
data/processed/cure_crops/35/bottom/customer/35_bottom_1551.png,35__bottom,0.7901195883750916,0.6925681829452515,False
data/processed/cure_crops/35/bottom/customer/35_bottom_1552.png,35__bottom,0.7386002540588379,0.6574386358261108,False
data/processed/cure_crops/35/bottom/customer/35_bottom_1553.png,35__bottom,0.7925743460655212,0.7411882281303406,False
data/processed/cure_crops/35/bottom/customer/35_bottom_1554.png,35__bottom,0.7566404342651367,0.6366884708404541,False
data/processed/cure_crops/35/top/customer/35_top_1508.png,35__top,0.7793331146240234,0.7510643005371094,False
data/processed/cure_crops/35/top/customer/35_top_1509.png,35__top,0.8743898868560791,0.7502776980400085,False
data/processed/cure_crops/35/top/customer/35_top_1510.png,35__top,0.8312554359436035,0.7473301887512207,False
data/processed/cure_crops/35/top/customer/35_top_1511.png,35__top,0.8763933181762695,0.7007265090942383,False
data/processed/cure_crops/35/top/customer/35_top_1512.png,35__top,0.6796659827232361,0.7578089833259583,False
data/processed/cure_crops/35/top/customer/35_top_1513.png,35__top,0.7446154356002808,0.7513478398323059,False
data/processed/cure_crops/35/top/customer/35_top_1514.png,35__top,0.7378590703010559,0.7399371266365051,False
data/processed/cure_crops/35/top/customer/35_top_1515.png,35__top,0.7138258218765259,0.7165652513504028,False
data/processed/cure_crops/35/top/customer/35_top_1516.png,35__top,0.8110802173614502,0.7652575969696045,False
data/processed/cure_crops/35/top/customer/35_top_1517.png,35__top,0.7049894332885742,0.7172090411186218,False
data/processed/cure_crops/35/top/customer/35_top_1518.png,35__top,0.8537683486938477,0.7397372722625732,False
data/processed/cure_crops/35/top/customer/35_top_1519.png,35__top,0.7540692090988159,0.6927323937416077,False
data/processed/cure_crops/35/top/customer/35_top_1520.png,35__top,0.8321729302406311,0.7501828670501709,False
data/processed/cure_crops/35/top/customer/35_top_1521.png,35__top,0.8194377422332764,0.6873872876167297,False
data/processed/cure_crops/35/top/customer/35_top_1522.png,35__top,0.7509002685546875,0.6452270150184631,False
data/processed/cure_crops/35/top/customer/35_top_1523.png,35__top,0.8269066214561462,0.6889772415161133,False
data/processed/cure_crops/35/top/customer/35_top_1524.png,35__top,0.7706955671310425,0.6521006226539612,False
data/processed/cure_crops/35/top/customer/35_top_1525.png,35__top,0.8255174160003662,0.6996574401855469,False
data/processed/cure_crops/35/top/customer/35_top_1526.png,35__top,0.8207138776779175,0.7007768154144287,False
data/processed/cure_crops/35/top/customer/35_top_1527.png,35__top,0.8043369650840759,0.589991569519043,False
data/processed/cure_crops/35/top/customer/35_top_1528.png,35__top,0.8572264909744263,0.6775713562965393,False
data/processed/cure_crops/35/top/customer/35_top_1529.png,35__top,0.8380833864212036,0.592200756072998,False
data/processed/cure_crops/35/top/customer/35_top_1530.png,35__top,0.7718771696090698,0.6754122972488403,False
data/processed/cure_crops/35/top/customer/35_top_1531.png,35__top,0.8067032098770142,0.595247745513916,False
data/processed/cure_crops/35/top/customer/35_top_1532.png,35__top,0.7895792126655579,0.7126653790473938,False
data/processed/cure_crops/36/bottom/customer/36_bottom_1574.png,36__bottom,0.6802600622177124,0.6444441676139832,False
data/processed/cure_crops/36/bottom/customer/36_bottom_1575.png,36__bottom,0.7427893877029419,0.5824552774429321,False
data/processed/cure_crops/36/bottom/customer/36_bottom_1576.png,36__bottom,0.6584771871566772,0.6718504428863525,False
data/processed/cure_crops/36/bottom/customer/36_bottom_1577.png,36__bottom,0.7481138110160828,0.6094341278076172,False
data/processed/cure_crops/36/bottom/customer/36_bottom_1578.png,36__bottom,0.7099510431289673,0.6942105293273926,False
data/processed/cure_crops/36/bottom/customer/36_bottom_1579.png,36__bottom,0.7298580408096313,0.578769326210022,False
data/processed/cure_crops/36/bottom/customer/36_bottom_1580.png,36__bottom,0.7241222858428955,0.7269203662872314,False
data/processed/cure_crops/36/bottom/customer/36_bottom_1581.png,36__bottom,0.7123968601226807,0.6728431582450867,False
data/processed/cure_crops/36/bottom/customer/36_bottom_1582.png,36__bottom,0.6869242191314697,0.652982771396637,False
data/processed/cure_crops/36/bottom/customer/36_bottom_1583.png,36__bottom,0.7583326697349548,0.5438488125801086,False
data/processed/cure_crops/36/top/customer/36_top_1555.png,36__top,0.8506841659545898,0.8939833045005798,False
data/processed/cure_crops/36/top/customer/36_top_1556.png,36__top,0.8006099462509155,0.8891828060150146,False
data/processed/cure_crops/36/top/customer/36_top_1557.png,36__top,0.828269362449646,0.8778286576271057,False
data/processed/cure_crops/36/top/customer/36_top_1558.png,36__top,0.775915801525116,0.869563102722168,False
data/processed/cure_crops/36/top/customer/36_top_1559.png,36__top,0.7452848553657532,0.7397124171257019,False
data/processed/cure_crops/36/top/customer/36_top_1560.png,36__top,0.7708702087402344,0.8533348441123962,False
data/processed/cure_crops/36/top/customer/36_top_1561.png,36__top,0.7815966010093689,0.8665440082550049,False
data/processed/cure_crops/36/top/customer/36_top_1562.png,36__top,0.734100341796875,0.870539665222168,False
data/processed/cure_crops/36/top/customer/36_top_1563.png,36__top,0.7459032535552979,0.8316810131072998,False
data/processed/cure_crops/36/top/customer/36_top_1564.png,36__top,0.7655986547470093,0.8067280054092407,False
data/processed/cure_crops/36/top/customer/36_top_1565.png,36__top,0.7491885423660278,0.7275663614273071,False
data/processed/cure_crops/36/top/customer/36_top_1566.png,36__top,0.6847569942474365,0.5597299337387085,False
data/processed/cure_crops/36/top/customer/36_top_1567.png,36__top,0.8052113652229309,0.7046172618865967,False
data/processed/cure_crops/36/top/customer/36_top_1568.png,36__top,0.8022017478942871,0.7971365451812744,False
data/processed/cure_crops/36/top/customer/36_top_1569.png,36__top,0.44650983810424805,0.2872464656829834,False
data/processed/cure_crops/36/top/customer/36_top_1570.png,36__top,0.7767367362976074,0.7361876964569092,False
data/processed/cure_crops/36/top/customer/36_top_1571.png,36__top,0.6895173788070679,0.7774056196212769,False
data/processed/cure_crops/36/top/customer/36_top_1572.png,36__top,0.6856292486190796,0.7097348570823669,False
data/processed/cure_crops/36/top/customer/36_top_1573.png,36__top,0.8148722648620605,0.6482899188995361,False
data/processed/cure_crops/37/bottom/customer/37_bottom_1605.png,37__bottom,0.65410977602005,0.75694739818573,False
data/processed/cure_crops/37/bottom/customer/37_bottom_1606.png,37__bottom,0.7311124801635742,0.84919273853302,False
data/processed/cure_crops/37/bottom/customer/37_bottom_1607.png,37__bottom,0.709408164024353,0.7182083129882812,False
data/processed/cure_crops/37/bottom/customer/37_bottom_1608.png,37__bottom,0.7574124932289124,0.7165836691856384,False
data/processed/cure_crops/37/bottom/customer/37_bottom_1609.png,37__bottom,0.6695199012756348,0.7341973781585693,False
data/processed/cure_crops/37/bottom/customer/37_bottom_1610.png,37__bottom,0.6848523616790771,0.5659472942352295,False
data/processed/cure_crops/37/bottom/customer/37_bottom_1611.png,37__bottom,0.6722896099090576,0.6792528033256531,False
data/processed/cure_crops/37/bottom/customer/37_bottom_1612.png,37__bottom,0.5386440753936768,0.694812536239624,False
data/processed/cure_crops/37/bottom/customer/37_bottom_1613.png,37__bottom,0.5431022047996521,0.6355235576629639,False
data/processed/cure_crops/37/bottom/customer/37_bottom_1615.png,37__bottom,0.6604397296905518,0.46935346722602844,False
data/processed/cure_crops/37/bottom/customer/37_bottom_1616.png,37__bottom,0.6479793787002563,0.5140861868858337,False
data/processed/cure_crops/37/bottom/customer/37_bottom_1617.png,37__bottom,0.6710396409034729,0.6050516963005066,False
data/processed/cure_crops/37/bottom/customer/37_bottom_1618.png,37__bottom,0.6493176221847534,0.6176166534423828,False
data/processed/cure_crops/37/bottom/customer/37_bottom_1619.png,37__bottom,0.7451217770576477,0.4720960855484009,False
data/processed/cure_crops/37/bottom/customer/37_bottom_1620.png,37__bottom,0.6563529968261719,0.5184522271156311,False
data/processed/cure_crops/37/bottom/customer/37_bottom_1621.png,37__bottom,0.701072096824646,0.6343571543693542,False
data/processed/cure_crops/37/bottom/customer/37_bottom_1622.png,37__bottom,0.632396936416626,0.5108870267868042,False
data/processed/cure_crops/37/bottom/customer/37_bottom_1623.png,37__bottom,0.6899335384368896,0.5410495400428772,False
data/processed/cure_crops/37/bottom/customer/37_bottom_1624.png,37__bottom,0.5984525680541992,0.483467161655426,False
data/processed/cure_crops/37/bottom/customer/37_bottom_1625.png,37__bottom,0.6424214839935303,0.521205484867096,False
data/processed/cure_crops/37/top/customer/37_top_1584.png,37__top,0.5384175777435303,0.6368119120597839,False
data/processed/cure_crops/37/top/customer/37_top_1585.png,37__top,0.6301693320274353,0.6353358030319214,False
data/processed/cure_crops/37/top/customer/37_top_1587.png,37__top,0.6056622266769409,0.7177173495292664,False
data/processed/cure_crops/37/top/customer/37_top_1588.png,37__top,0.5349584221839905,0.6303242444992065,False
data/processed/cure_crops/37/top/customer/37_top_1590.png,37__top,0.5442600250244141,0.5811464786529541,False
data/processed/cure_crops/37/top/customer/37_top_1591.png,37__top,0.42346665263175964,0.6593605279922485,False
data/processed/cure_crops/37/top/customer/37_top_1592.png,37__top,0.4366539716720581,0.5949101448059082,False
data/processed/cure_crops/37/top/customer/37_top_1593.png,37__top,0.44135379791259766,0.6004990935325623,False
data/processed/cure_crops/37/top/customer/37_top_1594.png,37__top,0.5298619270324707,0.4595981240272522,False
data/processed/cure_crops/37/top/customer/37_top_1595.png,37__top,0.602023720741272,0.38812434673309326,False
data/processed/cure_crops/37/top/customer/37_top_1596.png,37__top,0.597373366355896,0.3471985459327698,False
data/processed/cure_crops/37/top/customer/37_top_1597.png,37__top,0.5716425776481628,0.5221648216247559,False
data/processed/cure_crops/37/top/customer/37_top_1598.png,37__top,0.5988528728485107,0.5019522309303284,False
data/processed/cure_crops/37/top/customer/37_top_1599.png,37__top,0.6021431088447571,0.459703266620636,False
data/processed/cure_crops/37/top/customer/37_top_1600.png,37__top,0.604621410369873,0.4816056489944458,False
data/processed/cure_crops/37/top/customer/37_top_1601.png,37__top,0.5178785920143127,0.23551762104034424,False
data/processed/cure_crops/37/top/customer/37_top_1602.png,37__top,0.5529125928878784,0.47242873907089233,False
data/processed/cure_crops/37/top/customer/37_top_1603.png,37__top,0.6150366067886353,0.4102327227592468,False
data/processed/cure_crops/37/top/customer/37_top_1604.png,37__top,0.5653283596038818,0.4409473240375519,False
data/processed/cure_crops/38/bottom/customer/38_bottom_1647.png,38__bottom,0.7011287212371826,0.7771506309509277,False
data/processed/cure_crops/38/bottom/customer/38_bottom_1649.png,38__bottom,0.6769958734512329,0.7860691547393799,False
data/processed/cure_crops/38/bottom/customer/38_bottom_1650.png,38__bottom,0.7451992034912109,0.8034290075302124,False
data/processed/cure_crops/38/bottom/customer/38_bottom_1651.png,38__bottom,0.5951640009880066,0.7233917117118835,False
data/processed/cure_crops/38/bottom/customer/38_bottom_1652.png,38__bottom,0.5907434821128845,0.698536217212677,False
data/processed/cure_crops/38/bottom/customer/38_bottom_1653.png,38__bottom,0.5798832178115845,0.7469830513000488,False
data/processed/cure_crops/38/bottom/customer/38_bottom_1654.png,38__bottom,0.6479968428611755,0.724590539932251,False
data/processed/cure_crops/38/bottom/customer/38_bottom_1655.png,38__bottom,0.6242203712463379,0.716945230960846,False
data/processed/cure_crops/38/bottom/customer/38_bottom_1656.png,38__bottom,0.6138103604316711,0.7410199046134949,False
data/processed/cure_crops/38/bottom/customer/38_bottom_1657.png,38__bottom,0.5959117412567139,0.6857175827026367,False
data/processed/cure_crops/38/bottom/customer/38_bottom_1658.png,38__bottom,0.6044155359268188,0.6411678791046143,False
data/processed/cure_crops/38/bottom/customer/38_bottom_1659.png,38__bottom,0.6641764640808105,0.6888086199760437,False
data/processed/cure_crops/38/bottom/customer/38_bottom_1660.png,38__bottom,0.5656970739364624,0.3881593942642212,False
data/processed/cure_crops/38/bottom/customer/38_bottom_1661.png,38__bottom,0.6120819449424744,0.5396066904067993,False
data/processed/cure_crops/38/bottom/customer/38_bottom_1662.png,38__bottom,0.5323212146759033,0.6877764463424683,False
data/processed/cure_crops/38/bottom/customer/38_bottom_1663.png,38__bottom,0.6646798849105835,0.6286330819129944,False
data/processed/cure_crops/38/bottom/customer/38_bottom_1664.png,38__bottom,0.6670940518379211,0.6350567936897278,False
data/processed/cure_crops/38/bottom/customer/38_bottom_1665.png,38__bottom,0.6329007148742676,0.5278836488723755,False
data/processed/cure_crops/38/bottom/customer/38_bottom_1666.png,38__bottom,0.5996425747871399,0.6937482357025146,False
data/processed/cure_crops/38/bottom/customer/38_bottom_1667.png,38__bottom,0.5639644861221313,0.6028722524642944,False
data/processed/cure_crops/38/bottom/customer/38_bottom_1668.png,38__bottom,0.6680333614349365,0.6352335214614868,False
data/processed/cure_crops/38/top/customer/38_top_1626.png,38__top,0.8239269256591797,0.8069725632667542,False
data/processed/cure_crops/38/top/customer/38_top_1627.png,38__top,0.7843426465988159,0.7604473829269409,False
data/processed/cure_crops/38/top/customer/38_top_1628.png,38__top,0.7862005829811096,0.802566409111023,False
data/processed/cure_crops/38/top/customer/38_top_1629.png,38__top,0.8227224946022034,0.8175476789474487,False
data/processed/cure_crops/38/top/customer/38_top_1630.png,38__top,0.7696849703788757,0.6792947053909302,False
data/processed/cure_crops/38/top/customer/38_top_1631.png,38__top,0.7450687885284424,0.8167144656181335,False
data/processed/cure_crops/38/top/customer/38_top_1632.png,38__top,0.7403645515441895,0.6827206611633301,False
data/processed/cure_crops/38/top/customer/38_top_1633.png,38__top,0.7391608953475952,0.7486270070075989,False
data/processed/cure_crops/38/top/customer/38_top_1634.png,38__top,0.695704996585846,0.713962733745575,False
data/processed/cure_crops/38/top/customer/38_top_1635.png,38__top,0.7231230735778809,0.7718085050582886,False
data/processed/cure_crops/38/top/customer/38_top_1636.png,38__top,0.7082497477531433,0.7512632608413696,False
data/processed/cure_crops/38/top/customer/38_top_1637.png,38__top,0.6516984701156616,0.7092272043228149,False
data/processed/cure_crops/38/top/customer/38_top_1638.png,38__top,0.6824164390563965,0.5487470626831055,False
data/processed/cure_crops/38/top/customer/38_top_1639.png,38__top,0.6061751842498779,0.6803953647613525,False
data/processed/cure_crops/38/top/customer/38_top_1640.png,38__top,0.6003669500350952,0.657118022441864,False
data/processed/cure_crops/38/top/customer/38_top_1641.png,38__top,0.7236682176589966,0.717071533203125,False
data/processed/cure_crops/38/top/customer/38_top_1642.png,38__top,0.6998445987701416,0.6408652067184448,False
data/processed/cure_crops/38/top/customer/38_top_1643.png,38__top,0.5882540345191956,0.6621682643890381,False
data/processed/cure_crops/38/top/customer/38_top_1644.png,38__top,0.7363002300262451,0.6383920907974243,False
data/processed/cure_crops/38/top/customer/38_top_1645.png,38__top,0.6833088397979736,0.5692369341850281,False
data/processed/cure_crops/38/top/customer/38_top_1646.png,38__top,0.7140421867370605,0.7175087928771973,False
data/processed/cure_crops/39/bottom/customer/39_bottom_1691.png,39__bottom,0.7918614149093628,0.6082863211631775,False
data/processed/cure_crops/39/bottom/customer/39_bottom_1692.png,39__bottom,0.78874671459198,0.6644988059997559,False
data/processed/cure_crops/39/bottom/customer/39_bottom_1693.png,39__bottom,0.7629729509353638,0.6524193286895752,False
data/processed/cure_crops/39/bottom/customer/39_bottom_1694.png,39__bottom,0.8061916828155518,0.6291580200195312,False
data/processed/cure_crops/39/bottom/customer/39_bottom_1695.png,39__bottom,0.710418701171875,0.6017680764198303,False
data/processed/cure_crops/39/bottom/customer/39_bottom_1696.png,39__bottom,0.7627592086791992,0.5823644399642944,False
data/processed/cure_crops/39/bottom/customer/39_bottom_1697.png,39__bottom,0.7240862846374512,0.5475987792015076,False
data/processed/cure_crops/39/bottom/customer/39_bottom_1698.png,39__bottom,0.6710394620895386,0.533942461013794,False
data/processed/cure_crops/39/bottom/customer/39_bottom_1699.png,39__bottom,0.7059659957885742,0.5138037800788879,False
data/processed/cure_crops/39/bottom/customer/39_bottom_1700.png,39__bottom,0.7012094855308533,0.5629730820655823,False
data/processed/cure_crops/39/bottom/customer/39_bottom_1701.png,39__bottom,0.7246021032333374,0.6590713262557983,False
data/processed/cure_crops/39/bottom/customer/39_bottom_1702.png,39__bottom,0.7209612131118774,0.6616708636283875,False
data/processed/cure_crops/39/bottom/customer/39_bottom_1703.png,39__bottom,0.7005993127822876,0.6769459247589111,False
data/processed/cure_crops/39/bottom/customer/39_bottom_1704.png,39__bottom,0.761263906955719,0.6402506828308105,False
data/processed/cure_crops/39/bottom/customer/39_bottom_1705.png,39__bottom,0.733413577079773,0.6989278793334961,False
data/processed/cure_crops/39/bottom/customer/39_bottom_1706.png,39__bottom,0.7496423125267029,0.6588954329490662,False
data/processed/cure_crops/39/bottom/customer/39_bottom_1707.png,39__bottom,0.7318617701530457,0.6076932549476624,False
data/processed/cure_crops/39/bottom/customer/39_bottom_1708.png,39__bottom,0.7430895566940308,0.5166870951652527,False
data/processed/cure_crops/39/bottom/customer/39_bottom_1709.png,39__bottom,0.7573013305664062,0.5669693946838379,False
data/processed/cure_crops/39/bottom/customer/39_bottom_1710.png,39__bottom,0.7277566194534302,0.6668190360069275,False
data/processed/cure_crops/39/bottom/customer/39_bottom_1711.png,39__bottom,0.8096012473106384,0.6389364004135132,False
data/processed/cure_crops/39/bottom/customer/39_bottom_1712.png,39__bottom,0.6908177137374878,0.6041894555091858,False
data/processed/cure_crops/39/bottom/customer/39_bottom_1713.png,39__bottom,0.7996103167533875,0.6992252469062805,False
data/processed/cure_crops/39/top/customer/39_top_1669.png,39__top,0.8271777629852295,0.8218475580215454,False
data/processed/cure_crops/39/top/customer/39_top_1670.png,39__top,0.8380759954452515,0.8205695152282715,False
data/processed/cure_crops/39/top/customer/39_top_1671.png,39__top,0.8257609009742737,0.8415514230728149,False
data/processed/cure_crops/39/top/customer/39_top_1672.png,39__top,0.7828357815742493,0.7831150889396667,False
data/processed/cure_crops/39/top/customer/39_top_1673.png,39__top,0.7359502911567688,0.7059085369110107,False
data/processed/cure_crops/39/top/customer/39_top_1674.png,39__top,0.7686895132064819,0.7955609560012817,False
data/processed/cure_crops/39/top/customer/39_top_1675.png,39__top,0.7604314684867859,0.7903522253036499,False
data/processed/cure_crops/39/top/customer/39_top_1676.png,39__top,0.7423244714736938,0.7841491103172302,False
data/processed/cure_crops/39/top/customer/39_top_1677.png,39__top,0.6741877794265747,0.7688032984733582,False
data/processed/cure_crops/39/top/customer/39_top_1678.png,39__top,0.6771259307861328,0.8037316203117371,False
data/processed/cure_crops/39/top/customer/39_top_1679.png,39__top,0.7745130062103271,0.7276743650436401,False
data/processed/cure_crops/39/top/customer/39_top_1680.png,39__top,0.8236204385757446,0.7535730600357056,False
data/processed/cure_crops/39/top/customer/39_top_1681.png,39__top,0.7525573968887329,0.739545464515686,False
data/processed/cure_crops/39/top/customer/39_top_1682.png,39__top,0.7575792074203491,0.7144668102264404,False
data/processed/cure_crops/39/top/customer/39_top_1683.png,39__top,0.8088520169258118,0.7858340740203857,False
data/processed/cure_crops/39/top/customer/39_top_1684.png,39__top,0.7972686290740967,0.7555915713310242,False
data/processed/cure_crops/39/top/customer/39_top_1685.png,39__top,0.8350712656974792,0.7803162932395935,False
data/processed/cure_crops/39/top/customer/39_top_1686.png,39__top,0.7948962450027466,0.767757773399353,False
data/processed/cure_crops/39/top/customer/39_top_1687.png,39__top,0.827399492263794,0.7376383543014526,False
data/processed/cure_crops/39/top/customer/39_top_1688.png,39__top,0.7324559092521667,0.7590868473052979,False
data/processed/cure_crops/39/top/customer/39_top_1689.png,39__top,0.7680684328079224,0.7320536375045776,False
data/processed/cure_crops/39/top/customer/39_top_1690.png,39__top,0.8279205560684204,0.7664722204208374,False
data/processed/cure_crops/4/bottom/customer/4_bottom_191.png,4__bottom,0.6491224765777588,0.809140682220459,False
data/processed/cure_crops/4/bottom/customer/4_bottom_192.png,4__bottom,0.7434356212615967,0.8229609131813049,False
data/processed/cure_crops/4/bottom/customer/4_bottom_193.png,4__bottom,0.6965044736862183,0.6574225425720215,False
data/processed/cure_crops/4/bottom/customer/4_bottom_194.png,4__bottom,0.7511757612228394,0.8020545244216919,False
data/processed/cure_crops/4/bottom/customer/4_bottom_195.png,4__bottom,0.7614116668701172,0.7472395896911621,False
data/processed/cure_crops/4/bottom/customer/4_bottom_196.png,4__bottom,0.6786847114562988,0.6889785528182983,False
data/processed/cure_crops/4/bottom/customer/4_bottom_197.png,4__bottom,0.6934916377067566,0.8505368232727051,False
data/processed/cure_crops/4/bottom/customer/4_bottom_198.png,4__bottom,0.6964746713638306,0.8154797554016113,False
data/processed/cure_crops/4/bottom/customer/4_bottom_199.png,4__bottom,0.6758192181587219,0.8119447231292725,False
data/processed/cure_crops/4/bottom/customer/4_bottom_200.png,4__bottom,0.6669684648513794,0.810947835445404,False
data/processed/cure_crops/4/bottom/customer/4_bottom_201.png,4__bottom,0.6754496693611145,0.6139135360717773,False
data/processed/cure_crops/4/bottom/customer/4_bottom_202.png,4__bottom,0.5902798175811768,0.6154113411903381,False
data/processed/cure_crops/4/bottom/customer/4_bottom_203.png,4__bottom,0.6175525188446045,0.620063304901123,False
data/processed/cure_crops/4/bottom/customer/4_bottom_204.png,4__bottom,0.6566925048828125,0.5849594473838806,False
data/processed/cure_crops/4/bottom/customer/4_bottom_205.png,4__bottom,0.5738980770111084,0.6336269974708557,False
data/processed/cure_crops/4/bottom/customer/4_bottom_206.png,4__bottom,0.5969793796539307,0.6256999373435974,False
data/processed/cure_crops/4/bottom/customer/4_bottom_207.png,4__bottom,0.6025921702384949,0.5938723087310791,False
data/processed/cure_crops/4/bottom/customer/4_bottom_208.png,4__bottom,0.5903627872467041,0.6067681312561035,False
data/processed/cure_crops/4/bottom/customer/4_bottom_209.png,4__bottom,0.6054055690765381,0.5151107311248779,False
data/processed/cure_crops/4/bottom/customer/4_bottom_210.png,4__bottom,0.5953667163848877,0.4728323817253113,False
data/processed/cure_crops/4/bottom/customer/4_bottom_211.png,4__bottom,0.6293996572494507,0.610427975654602,False
data/processed/cure_crops/4/top/customer/4_top_172.png,4__top,0.7005900144577026,0.7585139274597168,False
data/processed/cure_crops/4/top/customer/4_top_173.png,4__top,0.6932729482650757,0.6934152841567993,False
data/processed/cure_crops/4/top/customer/4_top_175.png,4__top,0.5752723813056946,0.6736043691635132,False
data/processed/cure_crops/4/top/customer/4_top_176.png,4__top,0.63480544090271,0.6800073981285095,False
data/processed/cure_crops/4/top/customer/4_top_177.png,4__top,0.6542733907699585,0.6356115341186523,False
data/processed/cure_crops/4/top/customer/4_top_178.png,4__top,0.6530882716178894,0.64515221118927,False
data/processed/cure_crops/4/top/customer/4_top_179.png,4__top,0.5928199887275696,0.58045494556427,False
data/processed/cure_crops/4/top/customer/4_top_180.png,4__top,0.6165409684181213,0.6344530582427979,False
data/processed/cure_crops/4/top/customer/4_top_182.png,4__top,0.6015940308570862,0.6120486259460449,False
data/processed/cure_crops/4/top/customer/4_top_183.png,4__top,0.5229028463363647,0.6067138910293579,False
data/processed/cure_crops/4/top/customer/4_top_184.png,4__top,0.6390371322631836,0.6388636827468872,False
data/processed/cure_crops/4/top/customer/4_top_185.png,4__top,0.6747426986694336,0.6158081293106079,False
data/processed/cure_crops/4/top/customer/4_top_186.png,4__top,0.5703510642051697,0.6070792078971863,False
data/processed/cure_crops/4/top/customer/4_top_187.png,4__top,0.6024832725524902,0.6282299160957336,False
data/processed/cure_crops/4/top/customer/4_top_188.png,4__top,0.6741541028022766,0.6258516311645508,False
data/processed/cure_crops/4/top/customer/4_top_189.png,4__top,0.5453275442123413,0.5731722712516785,False
data/processed/cure_crops/4/top/customer/4_top_190.png,4__top,0.5794781446456909,0.6623111963272095,False
data/processed/cure_crops/40/bottom/customer/40_bottom_1735.png,40__bottom,0.7644219398498535,0.7776927351951599,False
data/processed/cure_crops/40/bottom/customer/40_bottom_1736.png,40__bottom,0.8016762733459473,0.8090275526046753,False
data/processed/cure_crops/40/bottom/customer/40_bottom_1737.png,40__bottom,0.7054649591445923,0.7373068332672119,False
data/processed/cure_crops/40/bottom/customer/40_bottom_1738.png,40__bottom,0.7676372528076172,0.7946500778198242,False
data/processed/cure_crops/40/bottom/customer/40_bottom_1739.png,40__bottom,0.6441627144813538,0.5704092979431152,False
data/processed/cure_crops/40/bottom/customer/40_bottom_1740.png,40__bottom,0.6283305883407593,0.593479573726654,False
data/processed/cure_crops/40/bottom/customer/40_bottom_1741.png,40__bottom,0.6398202180862427,0.5821452140808105,False
data/processed/cure_crops/40/bottom/customer/40_bottom_1742.png,40__bottom,0.5714232325553894,0.6087183952331543,False
data/processed/cure_crops/40/bottom/customer/40_bottom_1743.png,40__bottom,0.542365550994873,0.6106935739517212,False
data/processed/cure_crops/40/bottom/customer/40_bottom_1744.png,40__bottom,0.5846809148788452,0.5913124680519104,False
data/processed/cure_crops/40/bottom/customer/40_bottom_1745.png,40__bottom,0.6667187809944153,0.4032347798347473,False
data/processed/cure_crops/40/bottom/customer/40_bottom_1746.png,40__bottom,0.7264026999473572,0.5567123293876648,False
data/processed/cure_crops/40/bottom/customer/40_bottom_1747.png,40__bottom,0.5717124938964844,0.4984482526779175,False
data/processed/cure_crops/40/bottom/customer/40_bottom_1748.png,40__bottom,0.7120258808135986,0.47061705589294434,False
data/processed/cure_crops/40/bottom/customer/40_bottom_1749.png,40__bottom,0.6781015396118164,0.472650945186615,False
data/processed/cure_crops/40/bottom/customer/40_bottom_1750.png,40__bottom,0.5662130117416382,0.5309109687805176,False
data/processed/cure_crops/40/bottom/customer/40_bottom_1751.png,40__bottom,0.716273307800293,0.5169026255607605,False
data/processed/cure_crops/40/bottom/customer/40_bottom_1752.png,40__bottom,0.7151974439620972,0.5676244497299194,False
data/processed/cure_crops/40/bottom/customer/40_bottom_1753.png,40__bottom,0.6411333084106445,0.4749755859375,False
data/processed/cure_crops/40/bottom/customer/40_bottom_1754.png,40__bottom,0.6972699761390686,0.48182180523872375,False
data/processed/cure_crops/40/bottom/customer/40_bottom_1755.png,40__bottom,0.6361221075057983,0.470042884349823,False
data/processed/cure_crops/40/bottom/customer/40_bottom_1756.png,40__bottom,0.655997633934021,0.42202305793762207,False
data/processed/cure_crops/40/bottom/customer/40_bottom_1757.png,40__bottom,0.6264321804046631,0.4430554509162903,False
data/processed/cure_crops/40/bottom/customer/40_bottom_1758.png,40__bottom,0.6437753438949585,0.4910568296909332,False
data/processed/cure_crops/40/top/customer/40_top_1714.png,40__top,0.8388880491256714,0.7975664138793945,False
data/processed/cure_crops/40/top/customer/40_top_1715.png,40__top,0.8524674773216248,0.7983081340789795,False
data/processed/cure_crops/40/top/customer/40_top_1716.png,40__top,0.8343611359596252,0.8020288944244385,False
data/processed/cure_crops/40/top/customer/40_top_1717.png,40__top,0.850292980670929,0.7985610961914062,False
data/processed/cure_crops/40/top/customer/40_top_1718.png,40__top,0.7777686715126038,0.7341613173484802,False
data/processed/cure_crops/40/top/customer/40_top_1719.png,40__top,0.8360461592674255,0.7194193601608276,False
data/processed/cure_crops/40/top/customer/40_top_1720.png,40__top,0.8433060646057129,0.7322551608085632,False
data/processed/cure_crops/40/top/customer/40_top_1721.png,40__top,0.7791332006454468,0.7736716270446777,False
data/processed/cure_crops/40/top/customer/40_top_1722.png,40__top,0.7914457321166992,0.7357960939407349,False
data/processed/cure_crops/40/top/customer/40_top_1723.png,40__top,0.7827339172363281,0.7345938682556152,False
data/processed/cure_crops/40/top/customer/40_top_1724.png,40__top,0.7499510049819946,0.4564368724822998,False
data/processed/cure_crops/40/top/customer/40_top_1725.png,40__top,0.7652318477630615,0.56822669506073,False
data/processed/cure_crops/40/top/customer/40_top_1726.png,40__top,0.8057640790939331,0.5072414875030518,False
data/processed/cure_crops/40/top/customer/40_top_1727.png,40__top,0.6914221048355103,0.487259179353714,False
data/processed/cure_crops/40/top/customer/40_top_1728.png,40__top,0.7684458494186401,0.4684908390045166,False
data/processed/cure_crops/40/top/customer/40_top_1729.png,40__top,0.6805812120437622,0.5876733064651489,False
data/processed/cure_crops/40/top/customer/40_top_1730.png,40__top,0.7430435419082642,0.58437180519104,False
data/processed/cure_crops/40/top/customer/40_top_1731.png,40__top,0.8102375268936157,0.601706862449646,False
data/processed/cure_crops/40/top/customer/40_top_1732.png,40__top,0.7864241600036621,0.646201491355896,False
data/processed/cure_crops/40/top/customer/40_top_1733.png,40__top,0.7379056215286255,0.5784604549407959,False
data/processed/cure_crops/40/top/customer/40_top_1734.png,40__top,0.7454748153686523,0.5939933061599731,False
data/processed/cure_crops/41/bottom/customer/41_bottom_1779.png,41__bottom,0.6402290463447571,0.7127647399902344,False
data/processed/cure_crops/41/bottom/customer/41_bottom_1780.png,41__bottom,0.7232392430305481,0.8013135194778442,False
data/processed/cure_crops/41/bottom/customer/41_bottom_1781.png,41__bottom,0.5870378613471985,0.7732586860656738,False
data/processed/cure_crops/41/bottom/customer/41_bottom_1782.png,41__bottom,0.7695463299751282,0.8346630334854126,False
data/processed/cure_crops/41/bottom/customer/41_bottom_1783.png,41__bottom,0.5734833478927612,0.7384544610977173,False
data/processed/cure_crops/41/bottom/customer/41_bottom_1784.png,41__bottom,0.5807554721832275,0.7135876417160034,False
data/processed/cure_crops/41/bottom/customer/41_bottom_1785.png,41__bottom,0.632070779800415,0.7245501279830933,False
data/processed/cure_crops/41/bottom/customer/41_bottom_1786.png,41__bottom,0.5478484034538269,0.734315037727356,False
data/processed/cure_crops/41/bottom/customer/41_bottom_1787.png,41__bottom,0.429743230342865,0.7354941964149475,False
data/processed/cure_crops/41/bottom/customer/41_bottom_1788.png,41__bottom,0.564963161945343,0.7111298441886902,False
data/processed/cure_crops/41/bottom/customer/41_bottom_1789.png,41__bottom,0.5588467121124268,0.6998940706253052,False
data/processed/cure_crops/41/bottom/customer/41_bottom_1790.png,41__bottom,0.6221268773078918,0.7137640714645386,False
data/processed/cure_crops/41/bottom/customer/41_bottom_1791.png,41__bottom,0.4347013831138611,0.2918505072593689,False
data/processed/cure_crops/41/bottom/customer/41_bottom_1792.png,41__bottom,0.5020014643669128,0.7176578044891357,False
data/processed/cure_crops/41/bottom/customer/41_bottom_1793.png,41__bottom,0.4851311445236206,0.6676585078239441,False
data/processed/cure_crops/41/bottom/customer/41_bottom_1794.png,41__bottom,0.565258264541626,0.7042547464370728,False
data/processed/cure_crops/41/bottom/customer/41_bottom_1795.png,41__bottom,0.6475223302841187,0.6828791499137878,False
data/processed/cure_crops/41/bottom/customer/41_bottom_1796.png,41__bottom,0.5782796144485474,0.6619982123374939,False
data/processed/cure_crops/41/bottom/customer/41_bottom_1797.png,41__bottom,0.5485498309135437,0.6317594051361084,False
data/processed/cure_crops/41/bottom/customer/41_bottom_1798.png,41__bottom,0.5145650506019592,0.7070850133895874,False
data/processed/cure_crops/41/bottom/customer/41_bottom_1799.png,41__bottom,0.5156537890434265,0.6799064874649048,False
data/processed/cure_crops/41/bottom/customer/41_bottom_1800.png,41__bottom,0.5970937013626099,0.6783528327941895,False
data/processed/cure_crops/41/top/customer/41_top_1759.png,41__top,0.635182797908783,0.7280228137969971,False
data/processed/cure_crops/41/top/customer/41_top_1760.png,41__top,0.6907276511192322,0.7743196487426758,False
data/processed/cure_crops/41/top/customer/41_top_1761.png,41__top,0.6768129467964172,0.7103304862976074,False
data/processed/cure_crops/41/top/customer/41_top_1762.png,41__top,0.6738626956939697,0.750180184841156,False
data/processed/cure_crops/41/top/customer/41_top_1763.png,41__top,0.6136712431907654,0.6347265839576721,False
data/processed/cure_crops/41/top/customer/41_top_1764.png,41__top,0.6625858545303345,0.6682732105255127,False
data/processed/cure_crops/41/top/customer/41_top_1765.png,41__top,0.7152796983718872,0.6809501647949219,False
data/processed/cure_crops/41/top/customer/41_top_1766.png,41__top,0.5406771898269653,0.6932140588760376,False
data/processed/cure_crops/41/top/customer/41_top_1767.png,41__top,0.6060081720352173,0.6684539318084717,False
data/processed/cure_crops/41/top/customer/41_top_1768.png,41__top,0.5450029373168945,0.6309815645217896,False
data/processed/cure_crops/41/top/customer/41_top_1769.png,41__top,0.7229375839233398,0.706619918346405,False
data/processed/cure_crops/41/top/customer/41_top_1770.png,41__top,0.7160055041313171,0.662006139755249,False
data/processed/cure_crops/41/top/customer/41_top_1771.png,41__top,0.7014725208282471,0.6541205644607544,False
data/processed/cure_crops/41/top/customer/41_top_1772.png,41__top,0.7152600288391113,0.5643367767333984,False
data/processed/cure_crops/41/top/customer/41_top_1773.png,41__top,0.6891862154006958,0.7272622585296631,False
data/processed/cure_crops/41/top/customer/41_top_1774.png,41__top,0.7465296983718872,0.7031770944595337,False
data/processed/cure_crops/41/top/customer/41_top_1775.png,41__top,0.6496458649635315,0.734196662902832,False
data/processed/cure_crops/41/top/customer/41_top_1776.png,41__top,0.7114728689193726,0.7515475749969482,False
data/processed/cure_crops/41/top/customer/41_top_1777.png,41__top,0.7369124889373779,0.7134103178977966,False
data/processed/cure_crops/41/top/customer/41_top_1778.png,41__top,0.6221928596496582,0.7137525081634521,False
data/processed/cure_crops/42/bottom/customer/42_bottom_1823.png,42__bottom,0.6756656169891357,0.7987920045852661,False
data/processed/cure_crops/42/bottom/customer/42_bottom_1824.png,42__bottom,0.7660504579544067,0.7675658464431763,False
data/processed/cure_crops/42/bottom/customer/42_bottom_1825.png,42__bottom,0.658816933631897,0.8701618909835815,False
data/processed/cure_crops/42/bottom/customer/42_bottom_1826.png,42__bottom,0.6772950887680054,0.7060670852661133,False
data/processed/cure_crops/42/bottom/customer/42_bottom_1827.png,42__bottom,0.6983758807182312,0.7977251410484314,False
data/processed/cure_crops/42/bottom/customer/42_bottom_1828.png,42__bottom,0.6695936918258667,0.7325518131256104,False
data/processed/cure_crops/42/bottom/customer/42_bottom_1829.png,42__bottom,0.6560277342796326,0.749468207359314,False
data/processed/cure_crops/42/bottom/customer/42_bottom_1830.png,42__bottom,0.6485068798065186,0.7215539216995239,False
data/processed/cure_crops/42/bottom/customer/42_bottom_1831.png,42__bottom,0.6175458431243896,0.6714094281196594,False
data/processed/cure_crops/42/bottom/customer/42_bottom_1832.png,42__bottom,0.5801917314529419,0.6923545598983765,False
data/processed/cure_crops/42/bottom/customer/42_bottom_1833.png,42__bottom,0.5052370429039001,0.5393102765083313,False
data/processed/cure_crops/42/bottom/customer/42_bottom_1834.png,42__bottom,0.6561853885650635,0.6291020512580872,False
data/processed/cure_crops/42/bottom/customer/42_bottom_1835.png,42__bottom,0.6873762607574463,0.6654450297355652,False
data/processed/cure_crops/42/bottom/customer/42_bottom_1836.png,42__bottom,0.7369793653488159,0.6634069085121155,False
data/processed/cure_crops/42/bottom/customer/42_bottom_1837.png,42__bottom,0.6561622619628906,0.5538533926010132,False
data/processed/cure_crops/42/bottom/customer/42_bottom_1838.png,42__bottom,0.6164523959159851,0.6209310293197632,False
data/processed/cure_crops/42/bottom/customer/42_bottom_1839.png,42__bottom,0.5329486131668091,0.5123131275177002,False
data/processed/cure_crops/42/bottom/customer/42_bottom_1840.png,42__bottom,0.6310784816741943,0.6200512647628784,False
data/processed/cure_crops/42/bottom/customer/42_bottom_1841.png,42__bottom,0.7193095684051514,0.6524048447608948,False
data/processed/cure_crops/42/bottom/customer/42_bottom_1842.png,42__bottom,0.6290887594223022,0.5310266017913818,False
data/processed/cure_crops/42/bottom/customer/42_bottom_1843.png,42__bottom,0.6072114706039429,0.5600399971008301,False
data/processed/cure_crops/42/bottom/customer/42_bottom_1844.png,42__bottom,0.6751186847686768,0.5613880753517151,False
data/processed/cure_crops/42/top/customer/42_top_1801.png,42__top,0.4976612329483032,0.6047252416610718,False
data/processed/cure_crops/42/top/customer/42_top_1802.png,42__top,0.5826517939567566,0.5659750699996948,False
data/processed/cure_crops/42/top/customer/42_top_1803.png,42__top,0.5575507879257202,0.598576009273529,False
data/processed/cure_crops/42/top/customer/42_top_1804.png,42__top,0.449604332447052,0.6125949025154114,False
data/processed/cure_crops/42/top/customer/42_top_1805.png,42__top,0.5368067622184753,0.5785579681396484,False
data/processed/cure_crops/42/top/customer/42_top_1806.png,42__top,0.5157265663146973,0.5020285844802856,False
data/processed/cure_crops/42/top/customer/42_top_1807.png,42__top,0.500771164894104,0.562546968460083,False
data/processed/cure_crops/42/top/customer/42_top_1808.png,42__top,0.4958093762397766,0.5347521305084229,False
data/processed/cure_crops/42/top/customer/42_top_1809.png,42__top,0.43040549755096436,0.516362190246582,False
data/processed/cure_crops/42/top/customer/42_top_1810.png,42__top,0.5883677005767822,0.5994492173194885,False
data/processed/cure_crops/42/top/customer/42_top_1811.png,42__top,0.6285579800605774,0.4330143332481384,False
data/processed/cure_crops/42/top/customer/42_top_1812.png,42__top,0.5803065299987793,0.34327349066734314,False
data/processed/cure_crops/42/top/customer/42_top_1813.png,42__top,0.5504259467124939,0.3907710313796997,False
data/processed/cure_crops/42/top/customer/42_top_1814.png,42__top,0.5677403807640076,0.32816752791404724,False
data/processed/cure_crops/42/top/customer/42_top_1815.png,42__top,0.5436757802963257,0.3121154308319092,False
data/processed/cure_crops/42/top/customer/42_top_1816.png,42__top,0.6250832080841064,0.427498459815979,False
data/processed/cure_crops/42/top/customer/42_top_1817.png,42__top,0.6156712174415588,0.4007807970046997,False
data/processed/cure_crops/42/top/customer/42_top_1818.png,42__top,0.6224895715713501,0.461818128824234,False
data/processed/cure_crops/42/top/customer/42_top_1819.png,42__top,0.6513471603393555,0.4760201573371887,False
data/processed/cure_crops/42/top/customer/42_top_1820.png,42__top,0.5805482864379883,0.3460468649864197,False
data/processed/cure_crops/42/top/customer/42_top_1821.png,42__top,0.6498758792877197,0.44894784688949585,False
data/processed/cure_crops/42/top/customer/42_top_1822.png,42__top,0.6451988220214844,0.45439738035202026,False
data/processed/cure_crops/43/bottom/customer/43_bottom_1867.png,43__bottom,0.8451941013336182,0.8583618402481079,False
data/processed/cure_crops/43/bottom/customer/43_bottom_1868.png,43__bottom,0.679913341999054,0.805069088935852,False
data/processed/cure_crops/43/bottom/customer/43_bottom_1869.png,43__bottom,0.8293383121490479,0.8112951517105103,False
data/processed/cure_crops/43/bottom/customer/43_bottom_1870.png,43__bottom,0.6115772128105164,0.789359450340271,False
data/processed/cure_crops/43/bottom/customer/43_bottom_1871.png,43__bottom,0.7367696762084961,0.8073336482048035,False
data/processed/cure_crops/43/bottom/customer/43_bottom_1872.png,43__bottom,0.7139295935630798,0.7640759944915771,False
data/processed/cure_crops/43/bottom/customer/43_bottom_1873.png,43__bottom,0.6789233684539795,0.7538208961486816,False
data/processed/cure_crops/43/bottom/customer/43_bottom_1874.png,43__bottom,0.7753647565841675,0.8135144710540771,False
data/processed/cure_crops/43/bottom/customer/43_bottom_1875.png,43__bottom,0.6385438442230225,0.7766525745391846,False
data/processed/cure_crops/43/bottom/customer/43_bottom_1876.png,43__bottom,0.658275842666626,0.7608314752578735,False
data/processed/cure_crops/43/bottom/customer/43_bottom_1877.png,43__bottom,0.6939695477485657,0.7744084596633911,False
data/processed/cure_crops/43/bottom/customer/43_bottom_1878.png,43__bottom,0.7824592590332031,0.8207650780677795,False
data/processed/cure_crops/43/bottom/customer/43_bottom_1879.png,43__bottom,0.7545327544212341,0.7737452983856201,False
data/processed/cure_crops/43/bottom/customer/43_bottom_1880.png,43__bottom,0.7596997022628784,0.7875932455062866,False
data/processed/cure_crops/43/bottom/customer/43_bottom_1881.png,43__bottom,0.7374582886695862,0.7943172454833984,False
data/processed/cure_crops/43/bottom/customer/43_bottom_1882.png,43__bottom,0.507745623588562,0.6018897891044617,False
data/processed/cure_crops/43/bottom/customer/43_bottom_1883.png,43__bottom,0.7233465313911438,0.805991530418396,False
data/processed/cure_crops/43/bottom/customer/43_bottom_1884.png,43__bottom,0.7144347429275513,0.784160852432251,False
data/processed/cure_crops/43/bottom/customer/43_bottom_1885.png,43__bottom,0.7628155946731567,0.7968146800994873,False
data/processed/cure_crops/43/bottom/customer/43_bottom_1886.png,43__bottom,0.7617868185043335,0.7846503257751465,False
data/processed/cure_crops/43/bottom/customer/43_bottom_1887.png,43__bottom,0.769403874874115,0.8163977861404419,False
data/processed/cure_crops/43/bottom/customer/43_bottom_1888.png,43__bottom,0.71910160779953,0.7867010831832886,False
data/processed/cure_crops/43/top/customer/43_top_1845.png,43__top,0.6400360465049744,0.7048864364624023,False
data/processed/cure_crops/43/top/customer/43_top_1846.png,43__top,0.8597021102905273,0.8584855794906616,False
data/processed/cure_crops/43/top/customer/43_top_1847.png,43__top,0.6415281295776367,0.7498548030853271,False
data/processed/cure_crops/43/top/customer/43_top_1848.png,43__top,0.7905203104019165,0.8371343612670898,False
data/processed/cure_crops/43/top/customer/43_top_1849.png,43__top,0.6917886137962341,0.8578310608863831,False
data/processed/cure_crops/43/top/customer/43_top_1850.png,43__top,0.7363541722297668,0.8568558692932129,False
data/processed/cure_crops/43/top/customer/43_top_1851.png,43__top,0.7012273073196411,0.8317549228668213,False
data/processed/cure_crops/43/top/customer/43_top_1852.png,43__top,0.7076340317726135,0.776847243309021,False
data/processed/cure_crops/43/top/customer/43_top_1853.png,43__top,0.6753427982330322,0.7660161256790161,False
data/processed/cure_crops/43/top/customer/43_top_1854.png,43__top,0.6313621997833252,0.7685015797615051,False
data/processed/cure_crops/43/top/customer/43_top_1855.png,43__top,0.5867040157318115,0.6538937091827393,False
data/processed/cure_crops/43/top/customer/43_top_1856.png,43__top,0.6577172875404358,0.7000790238380432,False
data/processed/cure_crops/43/top/customer/43_top_1857.png,43__top,0.651770830154419,0.7207972407341003,False
data/processed/cure_crops/43/top/customer/43_top_1858.png,43__top,0.6597071886062622,0.6344728469848633,False
data/processed/cure_crops/43/top/customer/43_top_1859.png,43__top,0.6128023862838745,0.6942660808563232,False
data/processed/cure_crops/43/top/customer/43_top_1860.png,43__top,0.5800478458404541,0.6602377891540527,False
data/processed/cure_crops/43/top/customer/43_top_1861.png,43__top,0.6183767318725586,0.6329401135444641,False
data/processed/cure_crops/43/top/customer/43_top_1862.png,43__top,0.6400985717773438,0.6773586869239807,False
data/processed/cure_crops/43/top/customer/43_top_1863.png,43__top,0.6376922130584717,0.6567374467849731,False
data/processed/cure_crops/43/top/customer/43_top_1864.png,43__top,0.5963783860206604,0.708249032497406,False
data/processed/cure_crops/43/top/customer/43_top_1865.png,43__top,0.6089248657226562,0.7229471206665039,False
data/processed/cure_crops/43/top/customer/43_top_1866.png,43__top,0.572414219379425,0.706906795501709,False
data/processed/cure_crops/44/bottom/customer/44_bottom_1908.png,44__bottom,0.8428802490234375,0.9112518429756165,False
data/processed/cure_crops/44/bottom/customer/44_bottom_1909.png,44__bottom,0.6538833379745483,0.715817928314209,False
data/processed/cure_crops/44/bottom/customer/44_bottom_1910.png,44__bottom,0.8405935168266296,0.8315644264221191,False
data/processed/cure_crops/44/bottom/customer/44_bottom_1911.png,44__bottom,0.7165108323097229,0.6952298283576965,False
data/processed/cure_crops/44/bottom/customer/44_bottom_1912.png,44__bottom,0.7208747863769531,0.782456636428833,False
data/processed/cure_crops/44/bottom/customer/44_bottom_1913.png,44__bottom,0.7344700694084167,0.7519752383232117,False
data/processed/cure_crops/44/bottom/customer/44_bottom_1914.png,44__bottom,0.6995270848274231,0.7894223928451538,False
data/processed/cure_crops/44/bottom/customer/44_bottom_1915.png,44__bottom,0.7447154521942139,0.8245834112167358,False
data/processed/cure_crops/44/bottom/customer/44_bottom_1916.png,44__bottom,0.6389802694320679,0.7634561657905579,False
data/processed/cure_crops/44/bottom/customer/44_bottom_1917.png,44__bottom,0.6082835793495178,0.6869771480560303,False
data/processed/cure_crops/44/bottom/customer/44_bottom_1918.png,44__bottom,0.692711591720581,0.678741991519928,False
data/processed/cure_crops/44/bottom/customer/44_bottom_1919.png,44__bottom,0.6906082630157471,0.5822042226791382,False
data/processed/cure_crops/44/bottom/customer/44_bottom_1920.png,44__bottom,0.6753628849983215,0.660306990146637,False
data/processed/cure_crops/44/bottom/customer/44_bottom_1921.png,44__bottom,0.6863673329353333,0.6307904124259949,False
data/processed/cure_crops/44/bottom/customer/44_bottom_1922.png,44__bottom,0.6642851233482361,0.5683457851409912,False
data/processed/cure_crops/44/bottom/customer/44_bottom_1923.png,44__bottom,0.6468127965927124,0.6312787532806396,False
data/processed/cure_crops/44/bottom/customer/44_bottom_1924.png,44__bottom,0.692383885383606,0.6335955262184143,False
data/processed/cure_crops/44/bottom/customer/44_bottom_1925.png,44__bottom,0.6962307691574097,0.681778073310852,False
data/processed/cure_crops/44/bottom/customer/44_bottom_1926.png,44__bottom,0.6576313972473145,0.6770984530448914,False
data/processed/cure_crops/44/bottom/customer/44_bottom_1927.png,44__bottom,0.7191346883773804,0.5332598686218262,False
data/processed/cure_crops/44/bottom/customer/44_bottom_1928.png,44__bottom,0.6805378198623657,0.6002451777458191,False
data/processed/cure_crops/44/bottom/customer/44_bottom_1929.png,44__bottom,0.7284562587738037,0.5854175090789795,False
data/processed/cure_crops/44/top/customer/44_top_1889.png,44__top,0.5136723518371582,0.7763607501983643,False
data/processed/cure_crops/44/top/customer/44_top_1890.png,44__top,0.834143340587616,0.8835253715515137,False
data/processed/cure_crops/44/top/customer/44_top_1891.png,44__top,0.5611648559570312,0.7581737041473389,False
data/processed/cure_crops/44/top/customer/44_top_1892.png,44__top,0.7270932197570801,0.7579039931297302,False
data/processed/cure_crops/44/top/customer/44_top_1893.png,44__top,0.691978394985199,0.7860537767410278,False
data/processed/cure_crops/44/top/customer/44_top_1894.png,44__top,0.7286931872367859,0.8418244123458862,False
data/processed/cure_crops/44/top/customer/44_top_1895.png,44__top,0.7070519924163818,0.8201849460601807,False
data/processed/cure_crops/44/top/customer/44_top_1896.png,44__top,0.6433193683624268,0.7366198301315308,False
data/processed/cure_crops/44/top/customer/44_top_1897.png,44__top,0.5687433481216431,0.7777312994003296,False
data/processed/cure_crops/44/top/customer/44_top_1898.png,44__top,0.5427111387252808,0.6864787340164185,False
data/processed/cure_crops/44/top/customer/44_top_1899.png,44__top,0.7295081615447998,0.6317982077598572,False
data/processed/cure_crops/44/top/customer/44_top_1900.png,44__top,0.7014245986938477,0.6271932125091553,False
data/processed/cure_crops/44/top/customer/44_top_1901.png,44__top,0.6982176303863525,0.5776563286781311,False
data/processed/cure_crops/44/top/customer/44_top_1902.png,44__top,0.7052198052406311,0.6111351847648621,False
data/processed/cure_crops/44/top/customer/44_top_1903.png,44__top,0.6884137988090515,0.6636267900466919,False
data/processed/cure_crops/44/top/customer/44_top_1904.png,44__top,0.7101464867591858,0.5937169790267944,False
data/processed/cure_crops/44/top/customer/44_top_1905.png,44__top,0.719099760055542,0.5930955410003662,False
data/processed/cure_crops/44/top/customer/44_top_1906.png,44__top,0.7498016357421875,0.611971378326416,False
data/processed/cure_crops/44/top/customer/44_top_1907.png,44__top,0.6910196542739868,0.5970326662063599,False
data/processed/cure_crops/45/bottom/customer/45_bottom_1958.png,45__bottom,0.80656898021698,0.9282459020614624,False
data/processed/cure_crops/45/bottom/customer/45_bottom_1959.png,45__bottom,0.8220790028572083,0.8767359256744385,False
data/processed/cure_crops/45/bottom/customer/45_bottom_1960.png,45__bottom,0.7231336236000061,0.8668431043624878,False
data/processed/cure_crops/45/bottom/customer/45_bottom_1961.png,45__bottom,0.6992276906967163,0.8502682447433472,False
data/processed/cure_crops/45/bottom/customer/45_bottom_1964.png,45__bottom,0.7026577591896057,0.8451488018035889,False
data/processed/cure_crops/45/bottom/customer/45_bottom_1965.png,45__bottom,0.6638627052307129,0.8325355052947998,False
data/processed/cure_crops/45/bottom/customer/45_bottom_1966.png,45__bottom,0.611523449420929,0.8664990067481995,False
data/processed/cure_crops/45/bottom/customer/45_bottom_1967.png,45__bottom,0.6521467566490173,0.8536556363105774,False
data/processed/cure_crops/45/bottom/customer/45_bottom_1968.png,45__bottom,0.6110697984695435,0.5926231741905212,False
data/processed/cure_crops/45/bottom/customer/45_bottom_1969.png,45__bottom,0.7533978223800659,0.8163784146308899,False
data/processed/cure_crops/45/bottom/customer/45_bottom_1970.png,45__bottom,0.3731485903263092,0.2928190529346466,False
data/processed/cure_crops/45/bottom/customer/45_bottom_1971.png,45__bottom,0.3779451549053192,0.2944818139076233,False
data/processed/cure_crops/45/bottom/customer/45_bottom_1972.png,45__bottom,0.7179112434387207,0.796750545501709,False
data/processed/cure_crops/45/bottom/customer/45_bottom_1973.png,45__bottom,0.6999573707580566,0.7702533006668091,False
data/processed/cure_crops/45/bottom/customer/45_bottom_1974.png,45__bottom,0.3852006196975708,0.3266434967517853,False
data/processed/cure_crops/45/bottom/customer/45_bottom_1975.png,45__bottom,0.6198148131370544,0.5659967064857483,False
data/processed/cure_crops/45/bottom/customer/45_bottom_1976.png,45__bottom,0.7171289324760437,0.7377446889877319,False
data/processed/cure_crops/45/bottom/customer/45_bottom_1977.png,45__bottom,0.3636687397956848,0.29153215885162354,False
data/processed/cure_crops/45/bottom/customer/45_bottom_1978.png,45__bottom,0.7324373722076416,0.738829493522644,False
data/processed/cure_crops/45/bottom/customer/45_bottom_1979.png,45__bottom,0.6468570828437805,0.6459403038024902,False
data/processed/cure_crops/45/bottom/customer/45_bottom_1981.png,45__bottom,0.3673497438430786,0.30667978525161743,False
data/processed/cure_crops/45/bottom/customer/45_bottom_1982.png,45__bottom,0.7310874462127686,0.7566279172897339,False
data/processed/cure_crops/45/bottom/customer/45_bottom_1983.png,45__bottom,0.7645643353462219,0.7944364547729492,False
data/processed/cure_crops/45/top/customer/45_top_1930.png,45__top,0.7288327217102051,0.8320032358169556,False
data/processed/cure_crops/45/top/customer/45_top_1932.png,45__top,0.7294861674308777,0.8771542310714722,False
data/processed/cure_crops/45/top/customer/45_top_1933.png,45__top,0.6596346497535706,0.8217990398406982,False
data/processed/cure_crops/45/top/customer/45_top_1936.png,45__top,0.5698384046554565,0.7479905486106873,False
data/processed/cure_crops/45/top/customer/45_top_1937.png,45__top,0.6971797347068787,0.7816692590713501,False
data/processed/cure_crops/45/top/customer/45_top_1938.png,45__top,0.5536901354789734,0.7815535664558411,False
data/processed/cure_crops/45/top/customer/45_top_1939.png,45__top,0.5978161692619324,0.7555432319641113,False
data/processed/cure_crops/45/top/customer/45_top_1940.png,45__top,0.6545736789703369,0.5668778419494629,False
data/processed/cure_crops/45/top/customer/45_top_1941.png,45__top,0.63086998462677,0.5345078706741333,False
data/processed/cure_crops/45/top/customer/45_top_1942.png,45__top,0.7885364294052124,0.7293334007263184,False
data/processed/cure_crops/45/top/customer/45_top_1943.png,45__top,0.5673518180847168,0.5367962121963501,False
data/processed/cure_crops/45/top/customer/45_top_1944.png,45__top,0.507487416267395,0.29536014795303345,False
data/processed/cure_crops/45/top/customer/45_top_1945.png,45__top,0.5797268152236938,0.4388847351074219,False
data/processed/cure_crops/45/top/customer/45_top_1946.png,45__top,0.5792304277420044,0.45676517486572266,False
data/processed/cure_crops/45/top/customer/45_top_1947.png,45__top,0.7643522620201111,0.6979874968528748,False
data/processed/cure_crops/45/top/customer/45_top_1948.png,45__top,0.7642049789428711,0.5969306230545044,False
data/processed/cure_crops/45/top/customer/45_top_1949.png,45__top,0.6812870502471924,0.5682837963104248,False
data/processed/cure_crops/45/top/customer/45_top_1950.png,45__top,0.664637565612793,0.5624569654464722,False
data/processed/cure_crops/45/top/customer/45_top_1951.png,45__top,0.7296266555786133,0.6407980918884277,False
data/processed/cure_crops/45/top/customer/45_top_1952.png,45__top,0.7773550152778625,0.6263875961303711,False
data/processed/cure_crops/45/top/customer/45_top_1953.png,45__top,0.7194600105285645,0.6366166472434998,False
data/processed/cure_crops/45/top/customer/45_top_1954.png,45__top,0.7221603393554688,0.5793879628181458,False
data/processed/cure_crops/45/top/customer/45_top_1955.png,45__top,0.5635930895805359,0.5195295214653015,False
data/processed/cure_crops/45/top/customer/45_top_1956.png,45__top,0.7625440359115601,0.6555764079093933,False
data/processed/cure_crops/45/top/customer/45_top_1957.png,45__top,0.5759613513946533,0.4234219789505005,False
data/processed/cure_crops/46/bottom/customer/46_bottom_2009.png,46__bottom,0.709602952003479,0.852928876876831,False
data/processed/cure_crops/46/bottom/customer/46_bottom_2010.png,46__bottom,0.7581334114074707,0.7812590003013611,False
data/processed/cure_crops/46/bottom/customer/46_bottom_2011.png,46__bottom,0.807087779045105,0.7962077856063843,False
data/processed/cure_crops/46/bottom/customer/46_bottom_2012.png,46__bottom,0.7615498304367065,0.8620090484619141,False
data/processed/cure_crops/46/bottom/customer/46_bottom_2013.png,46__bottom,0.7852715849876404,0.6942917704582214,False
data/processed/cure_crops/46/bottom/customer/46_bottom_2014.png,46__bottom,0.715175449848175,0.7791463732719421,False
data/processed/cure_crops/46/bottom/customer/46_bottom_2015.png,46__bottom,0.7868560552597046,0.7467101216316223,False
data/processed/cure_crops/46/bottom/customer/46_bottom_2016.png,46__bottom,0.5860502123832703,0.7556650638580322,False
data/processed/cure_crops/46/bottom/customer/46_bottom_2017.png,46__bottom,0.5812070369720459,0.7621003985404968,False
data/processed/cure_crops/46/bottom/customer/46_bottom_2018.png,46__bottom,0.7303488850593567,0.6839955449104309,False
data/processed/cure_crops/46/bottom/customer/46_bottom_2019.png,46__bottom,0.4665711224079132,0.5625672340393066,False
data/processed/cure_crops/46/bottom/customer/46_bottom_2020.png,46__bottom,0.4719162583351135,0.4999350905418396,False
data/processed/cure_crops/46/bottom/customer/46_bottom_2021.png,46__bottom,0.4871828854084015,0.4207579791545868,False
data/processed/cure_crops/46/bottom/customer/46_bottom_2022.png,46__bottom,0.5145546197891235,0.6325998902320862,False
data/processed/cure_crops/46/bottom/customer/46_bottom_2023.png,46__bottom,0.46017253398895264,0.5585944056510925,False
data/processed/cure_crops/46/bottom/customer/46_bottom_2024.png,46__bottom,0.4980907440185547,0.4985056519508362,False
data/processed/cure_crops/46/bottom/customer/46_bottom_2025.png,46__bottom,0.4999088644981384,0.49582377076148987,False
data/processed/cure_crops/46/bottom/customer/46_bottom_2026.png,46__bottom,0.5171257853507996,0.583168625831604,False
data/processed/cure_crops/46/bottom/customer/46_bottom_2027.png,46__bottom,0.4397340416908264,0.5543666481971741,False
data/processed/cure_crops/46/bottom/customer/46_bottom_2028.png,46__bottom,0.45481088757514954,0.5431064963340759,False
data/processed/cure_crops/46/bottom/customer/46_bottom_2029.png,46__bottom,0.5554909706115723,0.5645630359649658,False
data/processed/cure_crops/46/bottom/customer/46_bottom_2030.png,46__bottom,0.5243226289749146,0.5672124624252319,False
data/processed/cure_crops/46/bottom/customer/46_bottom_2031.png,46__bottom,0.49192678928375244,0.5344998240470886,False
data/processed/cure_crops/46/top/customer/46_top_1984.png,46__top,0.6937811970710754,0.6421322822570801,False
data/processed/cure_crops/46/top/customer/46_top_1985.png,46__top,0.8603798151016235,0.8756064176559448,False
data/processed/cure_crops/46/top/customer/46_top_1986.png,46__top,0.6751517057418823,0.7305236458778381,False
data/processed/cure_crops/46/top/customer/46_top_1987.png,46__top,0.7734778523445129,0.8434517979621887,False
data/processed/cure_crops/46/top/customer/46_top_1988.png,46__top,0.7222868800163269,0.7188374996185303,False
data/processed/cure_crops/46/top/customer/46_top_1989.png,46__top,0.687189519405365,0.7254871129989624,False
data/processed/cure_crops/46/top/customer/46_top_1990.png,46__top,0.8360096216201782,0.8068361282348633,False
data/processed/cure_crops/46/top/customer/46_top_1991.png,46__top,0.6605526208877563,0.7716442346572876,False
data/processed/cure_crops/46/top/customer/46_top_1992.png,46__top,0.604607343673706,0.7139719724655151,False
data/processed/cure_crops/46/top/customer/46_top_1993.png,46__top,0.6430484056472778,0.8011373281478882,False
data/processed/cure_crops/46/top/customer/46_top_1994.png,46__top,0.5301386117935181,0.6174579858779907,False
data/processed/cure_crops/46/top/customer/46_top_1995.png,46__top,0.5199956893920898,0.6313178539276123,False
data/processed/cure_crops/46/top/customer/46_top_1996.png,46__top,0.6109585762023926,0.6032789945602417,False
data/processed/cure_crops/46/top/customer/46_top_1997.png,46__top,0.5631647706031799,0.6573408842086792,False
data/processed/cure_crops/46/top/customer/46_top_1998.png,46__top,0.5565579533576965,0.6188223958015442,False
data/processed/cure_crops/46/top/customer/46_top_1999.png,46__top,0.586787760257721,0.6479266881942749,False
data/processed/cure_crops/46/top/customer/46_top_2000.png,46__top,0.6008297801017761,0.6240440607070923,False
data/processed/cure_crops/46/top/customer/46_top_2001.png,46__top,0.5434955358505249,0.5798179507255554,False
data/processed/cure_crops/46/top/customer/46_top_2002.png,46__top,0.514626145362854,0.5974847078323364,False
data/processed/cure_crops/46/top/customer/46_top_2003.png,46__top,0.5514301657676697,0.6389719247817993,False
data/processed/cure_crops/46/top/customer/46_top_2004.png,46__top,0.5513808131217957,0.6968222260475159,False
data/processed/cure_crops/46/top/customer/46_top_2005.png,46__top,0.564348578453064,0.5544785857200623,False
data/processed/cure_crops/46/top/customer/46_top_2006.png,46__top,0.4784052073955536,0.6145726442337036,False
data/processed/cure_crops/46/top/customer/46_top_2007.png,46__top,0.5529772043228149,0.49683770537376404,False
data/processed/cure_crops/46/top/customer/46_top_2008.png,46__top,0.6340407133102417,0.6598080396652222,False
data/processed/cure_crops/47/bottom/customer/47_bottom_2056.png,47__bottom,,,False
data/processed/cure_crops/47/bottom/customer/47_bottom_2057.png,47__bottom,,,False
data/processed/cure_crops/47/bottom/customer/47_bottom_2058.png,47__bottom,,,False
data/processed/cure_crops/47/bottom/customer/47_bottom_2059.png,47__bottom,,,False
data/processed/cure_crops/47/bottom/customer/47_bottom_2060.png,47__bottom,,,False
data/processed/cure_crops/47/bottom/customer/47_bottom_2061.png,47__bottom,,,False
data/processed/cure_crops/47/bottom/customer/47_bottom_2062.png,47__bottom,,,False
data/processed/cure_crops/47/bottom/customer/47_bottom_2063.png,47__bottom,,,False
data/processed/cure_crops/47/bottom/customer/47_bottom_2064.png,47__bottom,,,False
data/processed/cure_crops/47/bottom/customer/47_bottom_2065.png,47__bottom,,,False
data/processed/cure_crops/47/bottom/customer/47_bottom_2066.png,47__bottom,,,False
data/processed/cure_crops/47/bottom/customer/47_bottom_2067.png,47__bottom,,,False
data/processed/cure_crops/47/bottom/customer/47_bottom_2068.png,47__bottom,,,False
data/processed/cure_crops/47/bottom/customer/47_bottom_2069.png,47__bottom,,,False
data/processed/cure_crops/47/bottom/customer/47_bottom_2070.png,47__bottom,,,False
data/processed/cure_crops/47/bottom/customer/47_bottom_2071.png,47__bottom,,,False
data/processed/cure_crops/47/bottom/customer/47_bottom_2072.png,47__bottom,,,False
data/processed/cure_crops/47/bottom/customer/47_bottom_2073.png,47__bottom,,,False
data/processed/cure_crops/47/bottom/customer/47_bottom_2074.png,47__bottom,,,False
data/processed/cure_crops/47/bottom/customer/47_bottom_2075.png,47__bottom,,,False
data/processed/cure_crops/47/bottom/customer/47_bottom_2076.png,47__bottom,,,False
data/processed/cure_crops/47/bottom/customer/47_bottom_2077.png,47__bottom,,,False
data/processed/cure_crops/47/top/customer/47_top_2033.png,47__top,0.8511395454406738,0.772889256477356,False
data/processed/cure_crops/47/top/customer/47_top_2034.png,47__top,0.6873099207878113,0.789811372756958,False
data/processed/cure_crops/47/top/customer/47_top_2035.png,47__top,0.7448028326034546,0.7691455483436584,False
data/processed/cure_crops/47/top/customer/47_top_2036.png,47__top,0.6229523420333862,0.6408460140228271,False
data/processed/cure_crops/47/top/customer/47_top_2037.png,47__top,0.7084951996803284,0.6744171380996704,False
data/processed/cure_crops/47/top/customer/47_top_2038.png,47__top,0.7090567946434021,0.7186676263809204,False
data/processed/cure_crops/47/top/customer/47_top_2039.png,47__top,0.6856194734573364,0.7307901382446289,False
data/processed/cure_crops/47/top/customer/47_top_2040.png,47__top,0.6022298336029053,0.6978020668029785,False
data/processed/cure_crops/47/top/customer/47_top_2041.png,47__top,0.6316474676132202,0.6045991778373718,False
data/processed/cure_crops/47/top/customer/47_top_2042.png,47__top,0.7257531881332397,0.5907768607139587,False
data/processed/cure_crops/47/top/customer/47_top_2043.png,47__top,0.6675459146499634,0.5946768522262573,False
data/processed/cure_crops/47/top/customer/47_top_2044.png,47__top,0.6381178498268127,0.5226352214813232,False
data/processed/cure_crops/47/top/customer/47_top_2045.png,47__top,0.7108594179153442,0.5969092845916748,False
data/processed/cure_crops/47/top/customer/47_top_2046.png,47__top,0.6849735975265503,0.5677705407142639,False
data/processed/cure_crops/47/top/customer/47_top_2047.png,47__top,0.6900327205657959,0.6340105533599854,False
data/processed/cure_crops/47/top/customer/47_top_2048.png,47__top,0.6768701672554016,0.5448046922683716,False
data/processed/cure_crops/47/top/customer/47_top_2049.png,47__top,0.7002129554748535,0.5261898636817932,False
data/processed/cure_crops/47/top/customer/47_top_2050.png,47__top,0.4216887950897217,0.5052489042282104,False
data/processed/cure_crops/47/top/customer/47_top_2051.png,47__top,0.6957622766494751,0.598121166229248,False
data/processed/cure_crops/47/top/customer/47_top_2052.png,47__top,0.6769207715988159,0.6075772643089294,False
data/processed/cure_crops/47/top/customer/47_top_2053.png,47__top,0.6436747312545776,0.4550281763076782,False
data/processed/cure_crops/47/top/customer/47_top_2054.png,47__top,0.6866478323936462,0.5472334623336792,False
data/processed/cure_crops/47/top/customer/47_top_2055.png,47__top,0.6309055685997009,0.5553990602493286,False
data/processed/cure_crops/48/bottom/customer/48_bottom_2102.png,48__bottom,,,False
data/processed/cure_crops/48/bottom/customer/48_bottom_2103.png,48__bottom,,,False
data/processed/cure_crops/48/bottom/customer/48_bottom_2104.png,48__bottom,,,False
data/processed/cure_crops/48/bottom/customer/48_bottom_2105.png,48__bottom,,,False
data/processed/cure_crops/48/bottom/customer/48_bottom_2106.png,48__bottom,,,False
data/processed/cure_crops/48/bottom/customer/48_bottom_2107.png,48__bottom,,,False
data/processed/cure_crops/48/bottom/customer/48_bottom_2108.png,48__bottom,,,False
data/processed/cure_crops/48/bottom/customer/48_bottom_2109.png,48__bottom,,,False
data/processed/cure_crops/48/bottom/customer/48_bottom_2110.png,48__bottom,,,False
data/processed/cure_crops/48/bottom/customer/48_bottom_2111.png,48__bottom,,,False
data/processed/cure_crops/48/bottom/customer/48_bottom_2112.png,48__bottom,,,False
data/processed/cure_crops/48/bottom/customer/48_bottom_2113.png,48__bottom,,,False
data/processed/cure_crops/48/bottom/customer/48_bottom_2114.png,48__bottom,,,False
data/processed/cure_crops/48/bottom/customer/48_bottom_2115.png,48__bottom,,,False
data/processed/cure_crops/48/bottom/customer/48_bottom_2116.png,48__bottom,,,False
data/processed/cure_crops/48/bottom/customer/48_bottom_2117.png,48__bottom,,,False
data/processed/cure_crops/48/bottom/customer/48_bottom_2118.png,48__bottom,,,False
data/processed/cure_crops/48/bottom/customer/48_bottom_2119.png,48__bottom,,,False
data/processed/cure_crops/48/bottom/customer/48_bottom_2120.png,48__bottom,,,False
data/processed/cure_crops/48/bottom/customer/48_bottom_2121.png,48__bottom,,,False
data/processed/cure_crops/48/bottom/customer/48_bottom_2122.png,48__bottom,,,False
data/processed/cure_crops/48/bottom/customer/48_bottom_2123.png,48__bottom,,,False
data/processed/cure_crops/48/top/customer/48_top_2078.png,48__top,0.6855273246765137,0.8327913880348206,False
data/processed/cure_crops/48/top/customer/48_top_2079.png,48__top,0.8081275224685669,0.8515684604644775,False
data/processed/cure_crops/48/top/customer/48_top_2080.png,48__top,0.8023903965950012,0.8765822649002075,False
data/processed/cure_crops/48/top/customer/48_top_2081.png,48__top,0.6857709884643555,0.8272448182106018,False
data/processed/cure_crops/48/top/customer/48_top_2082.png,48__top,0.7111210823059082,0.7565593719482422,False
data/processed/cure_crops/48/top/customer/48_top_2083.png,48__top,0.7166571617126465,0.7674645185470581,False
data/processed/cure_crops/48/top/customer/48_top_2084.png,48__top,0.6908968091011047,0.7352103590965271,False
data/processed/cure_crops/48/top/customer/48_top_2085.png,48__top,0.6133001446723938,0.7514240145683289,False
data/processed/cure_crops/48/top/customer/48_top_2086.png,48__top,0.7251748442649841,0.7543166875839233,False
data/processed/cure_crops/48/top/customer/48_top_2087.png,48__top,0.621321439743042,0.761801540851593,False
data/processed/cure_crops/48/top/customer/48_top_2088.png,48__top,0.4593443274497986,0.6450326442718506,False
data/processed/cure_crops/48/top/customer/48_top_2089.png,48__top,0.7779836654663086,0.743490993976593,False
data/processed/cure_crops/48/top/customer/48_top_2090.png,48__top,0.7633746266365051,0.6532378792762756,False
data/processed/cure_crops/48/top/customer/48_top_2091.png,48__top,0.752426266670227,0.6987518072128296,False
data/processed/cure_crops/48/top/customer/48_top_2092.png,48__top,0.7039762735366821,0.7205618619918823,False
data/processed/cure_crops/48/top/customer/48_top_2093.png,48__top,0.7343479990959167,0.7048627734184265,False
data/processed/cure_crops/48/top/customer/48_top_2094.png,48__top,0.6704627275466919,0.7534651756286621,False
data/processed/cure_crops/48/top/customer/48_top_2095.png,48__top,0.7000644207000732,0.6595441102981567,False
data/processed/cure_crops/48/top/customer/48_top_2096.png,48__top,0.8141041994094849,0.7481537461280823,False
data/processed/cure_crops/48/top/customer/48_top_2097.png,48__top,0.7437760233879089,0.7476344704627991,False
data/processed/cure_crops/48/top/customer/48_top_2098.png,48__top,0.6736037731170654,0.7108933925628662,False
data/processed/cure_crops/48/top/customer/48_top_2099.png,48__top,0.705058217048645,0.6708536148071289,False
data/processed/cure_crops/48/top/customer/48_top_2100.png,48__top,0.7344025373458862,0.7148547172546387,False
data/processed/cure_crops/48/top/customer/48_top_2101.png,48__top,0.7636845111846924,0.665966808795929,False
data/processed/cure_crops/49/bottom/customer/49_bottom_2152.png,49__bottom,0.8210338354110718,0.7967594861984253,False
data/processed/cure_crops/49/bottom/customer/49_bottom_2153.png,49__bottom,0.8295539617538452,0.6944901347160339,False
data/processed/cure_crops/49/bottom/customer/49_bottom_2154.png,49__bottom,0.8324561715126038,0.8598977327346802,False
data/processed/cure_crops/49/bottom/customer/49_bottom_2156.png,49__bottom,0.7965414524078369,0.6577763557434082,False
data/processed/cure_crops/49/bottom/customer/49_bottom_2157.png,49__bottom,0.6465417146682739,0.624488353729248,False
data/processed/cure_crops/49/bottom/customer/49_bottom_2158.png,49__bottom,0.7191705107688904,0.7192700505256653,False
data/processed/cure_crops/49/bottom/customer/49_bottom_2159.png,49__bottom,0.6480308771133423,0.5969699621200562,False
data/processed/cure_crops/49/bottom/customer/49_bottom_2160.png,49__bottom,0.6497151851654053,0.6792967319488525,False
data/processed/cure_crops/49/bottom/customer/49_bottom_2161.png,49__bottom,0.6802642345428467,0.7156953811645508,False
data/processed/cure_crops/49/bottom/customer/49_bottom_2162.png,49__bottom,0.6242067813873291,0.7079529762268066,False
data/processed/cure_crops/49/bottom/customer/49_bottom_2163.png,49__bottom,0.736261248588562,0.799546480178833,False
data/processed/cure_crops/49/bottom/customer/49_bottom_2164.png,49__bottom,0.7545209527015686,0.7684444189071655,False
data/processed/cure_crops/49/bottom/customer/49_bottom_2165.png,49__bottom,0.7687987089157104,0.7477046251296997,False
data/processed/cure_crops/49/bottom/customer/49_bottom_2166.png,49__bottom,0.7020084857940674,0.8045514225959778,False
data/processed/cure_crops/49/bottom/customer/49_bottom_2167.png,49__bottom,0.7643083333969116,0.7357087135314941,False
data/processed/cure_crops/49/bottom/customer/49_bottom_2168.png,49__bottom,0.7086849212646484,0.7373843193054199,False
data/processed/cure_crops/49/bottom/customer/49_bottom_2169.png,49__bottom,0.639568030834198,0.7731145024299622,False
data/processed/cure_crops/49/bottom/customer/49_bottom_2170.png,49__bottom,0.7782104015350342,0.734216570854187,False
data/processed/cure_crops/49/bottom/customer/49_bottom_2171.png,49__bottom,0.7175393104553223,0.7750402688980103,False
data/processed/cure_crops/49/bottom/customer/49_bottom_2172.png,49__bottom,0.7952404022216797,0.8118874430656433,False
data/processed/cure_crops/49/top/customer/49_top_2124.png,49__top,0.7457031607627869,0.7456457614898682,False
data/processed/cure_crops/49/top/customer/49_top_2125.png,49__top,0.6998953223228455,0.7733047604560852,False
data/processed/cure_crops/49/top/customer/49_top_2126.png,49__top,0.7587728500366211,0.752197802066803,False
data/processed/cure_crops/49/top/customer/49_top_2127.png,49__top,0.6389879584312439,0.7695766687393188,False
data/processed/cure_crops/49/top/customer/49_top_2128.png,49__top,0.661216139793396,0.7686536908149719,False
data/processed/cure_crops/49/top/customer/49_top_2129.png,49__top,0.6866917014122009,0.787746787071228,False
data/processed/cure_crops/49/top/customer/49_top_2130.png,49__top,0.638709306716919,0.7670613527297974,False
data/processed/cure_crops/49/top/customer/49_top_2131.png,49__top,0.6487417221069336,0.7392241954803467,False
data/processed/cure_crops/49/top/customer/49_top_2132.png,49__top,0.6542218923568726,0.7660641670227051,False
data/processed/cure_crops/49/top/customer/49_top_2133.png,49__top,0.6752106547355652,0.7898203134536743,False
data/processed/cure_crops/49/top/customer/49_top_2134.png,49__top,0.6290878057479858,0.6720637083053589,False
data/processed/cure_crops/49/top/customer/49_top_2135.png,49__top,0.644103467464447,0.610150158405304,False
data/processed/cure_crops/49/top/customer/49_top_2136.png,49__top,0.6567813158035278,0.6077245473861694,False
data/processed/cure_crops/49/top/customer/49_top_2137.png,49__top,0.6284812092781067,0.6631081104278564,False
data/processed/cure_crops/49/top/customer/49_top_2138.png,49__top,0.6299948692321777,0.6385595202445984,False
data/processed/cure_crops/49/top/customer/49_top_2139.png,49__top,0.6727869510650635,0.7074319124221802,False
data/processed/cure_crops/49/top/customer/49_top_2140.png,49__top,0.6790456175804138,0.6696068048477173,False
data/processed/cure_crops/49/top/customer/49_top_2141.png,49__top,0.5678247213363647,0.6865859627723694,False
data/processed/cure_crops/49/top/customer/49_top_2142.png,49__top,0.6926670670509338,0.6316278576850891,False
data/processed/cure_crops/49/top/customer/49_top_2143.png,49__top,0.5779504776000977,0.49469250440597534,False
data/processed/cure_crops/49/top/customer/49_top_2144.png,49__top,0.6412613391876221,0.6155338287353516,False
data/processed/cure_crops/49/top/customer/49_top_2145.png,49__top,0.6744870543479919,0.7028591632843018,False
data/processed/cure_crops/49/top/customer/49_top_2146.png,49__top,0.5708391070365906,0.6320335865020752,False
data/processed/cure_crops/49/top/customer/49_top_2147.png,49__top,0.610023558139801,0.6740235090255737,False
data/processed/cure_crops/49/top/customer/49_top_2148.png,49__top,0.6557018160820007,0.6884546875953674,False
data/processed/cure_crops/49/top/customer/49_top_2149.png,49__top,0.5887236595153809,0.654901385307312,False
data/processed/cure_crops/49/top/customer/49_top_2150.png,49__top,0.6579301953315735,0.6175121068954468,False
data/processed/cure_crops/49/top/customer/49_top_2151.png,49__top,0.46553999185562134,0.41374829411506653,False
data/processed/cure_crops/5/bottom/customer/5_bottom_232.png,5__bottom,0.5768611431121826,0.6346739530563354,False
data/processed/cure_crops/5/bottom/customer/5_bottom_234.png,5__bottom,0.6494530439376831,0.7328753471374512,False
data/processed/cure_crops/5/bottom/customer/5_bottom_235.png,5__bottom,0.6590069532394409,0.7214714288711548,False
data/processed/cure_crops/5/bottom/customer/5_bottom_236.png,5__bottom,0.6443485617637634,0.6385631561279297,False
data/processed/cure_crops/5/bottom/customer/5_bottom_237.png,5__bottom,0.6686550378799438,0.7289455533027649,False
data/processed/cure_crops/5/bottom/customer/5_bottom_238.png,5__bottom,0.615103542804718,0.5006483197212219,False
data/processed/cure_crops/5/bottom/customer/5_bottom_239.png,5__bottom,0.6453776359558105,0.5625419020652771,False
data/processed/cure_crops/5/bottom/customer/5_bottom_240.png,5__bottom,0.6492912173271179,0.5812509655952454,False
data/processed/cure_crops/5/bottom/customer/5_bottom_242.png,5__bottom,0.5773981213569641,0.5447887182235718,False
data/processed/cure_crops/5/bottom/customer/5_bottom_243.png,5__bottom,0.5868282318115234,0.6142188310623169,False
data/processed/cure_crops/5/bottom/customer/5_bottom_244.png,5__bottom,0.6405184864997864,0.6251200437545776,False
data/processed/cure_crops/5/bottom/customer/5_bottom_245.png,5__bottom,0.6206050515174866,0.6057624816894531,False
data/processed/cure_crops/5/bottom/customer/5_bottom_246.png,5__bottom,0.6115390062332153,0.6816766262054443,False
data/processed/cure_crops/5/bottom/customer/5_bottom_247.png,5__bottom,0.6044782400131226,0.5295987129211426,False
data/processed/cure_crops/5/bottom/customer/5_bottom_248.png,5__bottom,0.571603536605835,0.5308092832565308,False
data/processed/cure_crops/5/bottom/customer/5_bottom_249.png,5__bottom,0.6497988700866699,0.6688085198402405,False
data/processed/cure_crops/5/bottom/customer/5_bottom_250.png,5__bottom,0.659957766532898,0.6112323999404907,False
data/processed/cure_crops/5/bottom/customer/5_bottom_251.png,5__bottom,0.6027670502662659,0.5659842491149902,False
data/processed/cure_crops/5/bottom/customer/5_bottom_252.png,5__bottom,0.5525187253952026,0.6757335662841797,False
data/processed/cure_crops/5/top/customer/5_top_212.png,5__top,0.7754144668579102,0.7513692378997803,False
data/processed/cure_crops/5/top/customer/5_top_213.png,5__top,0.7243857383728027,0.7151274681091309,False
data/processed/cure_crops/5/top/customer/5_top_214.png,5__top,0.728766918182373,0.7657892107963562,False
data/processed/cure_crops/5/top/customer/5_top_215.png,5__top,0.704506516456604,0.704067051410675,False
data/processed/cure_crops/5/top/customer/5_top_216.png,5__top,0.629892885684967,0.5979158878326416,False
data/processed/cure_crops/5/top/customer/5_top_217.png,5__top,0.7378426194190979,0.7435014843940735,False
data/processed/cure_crops/5/top/customer/5_top_218.png,5__top,0.6511209607124329,0.7068260908126831,False
data/processed/cure_crops/5/top/customer/5_top_219.png,5__top,0.6836814880371094,0.685121476650238,False
data/processed/cure_crops/5/top/customer/5_top_220.png,5__top,0.6510884761810303,0.6778165102005005,False
data/processed/cure_crops/5/top/customer/5_top_221.png,5__top,0.6768673658370972,0.661980390548706,False
data/processed/cure_crops/5/top/customer/5_top_222.png,5__top,0.6364292502403259,0.5578909516334534,False
data/processed/cure_crops/5/top/customer/5_top_223.png,5__top,0.6574954390525818,0.6035978198051453,False
data/processed/cure_crops/5/top/customer/5_top_224.png,5__top,0.6666115522384644,0.6788105964660645,False
data/processed/cure_crops/5/top/customer/5_top_225.png,5__top,0.6486455202102661,0.6288800239562988,False
data/processed/cure_crops/5/top/customer/5_top_226.png,5__top,0.7002599239349365,0.6616582870483398,False
data/processed/cure_crops/5/top/customer/5_top_227.png,5__top,0.6166586875915527,0.5528686046600342,False
data/processed/cure_crops/5/top/customer/5_top_228.png,5__top,0.6812756657600403,0.5060807466506958,False
data/processed/cure_crops/5/top/customer/5_top_229.png,5__top,0.6115018725395203,0.5856215357780457,False
data/processed/cure_crops/5/top/customer/5_top_230.png,5__top,0.6455856561660767,0.4829255938529968,False
data/processed/cure_crops/5/top/customer/5_top_231.png,5__top,0.6033490896224976,0.5464405417442322,False
data/processed/cure_crops/50/bottom/customer/50_bottom_2188.png,50__bottom,0.6272749304771423,0.6854345798492432,False
data/processed/cure_crops/50/bottom/customer/50_bottom_2189.png,50__bottom,0.782429575920105,0.6821529269218445,False
data/processed/cure_crops/50/bottom/customer/50_bottom_2190.png,50__bottom,0.7256362438201904,0.7221367359161377,False
data/processed/cure_crops/50/bottom/customer/50_bottom_2191.png,50__bottom,0.8337392210960388,0.8569111824035645,False
data/processed/cure_crops/50/bottom/customer/50_bottom_2192.png,50__bottom,0.6458961963653564,0.8276112675666809,False
data/processed/cure_crops/50/bottom/customer/50_bottom_2194.png,50__bottom,0.7943198084831238,0.7574449777603149,False
data/processed/cure_crops/50/bottom/customer/50_bottom_2195.png,50__bottom,0.5649729371070862,0.6511435508728027,False
data/processed/cure_crops/50/bottom/customer/50_bottom_2196.png,50__bottom,0.7202089428901672,0.5977524518966675,False
data/processed/cure_crops/50/bottom/customer/50_bottom_2197.png,50__bottom,0.7935783863067627,0.8030812740325928,False
data/processed/cure_crops/50/bottom/customer/50_bottom_2198.png,50__bottom,0.5463902950286865,0.4582400321960449,False
data/processed/cure_crops/50/bottom/customer/50_bottom_2199.png,50__bottom,0.6409710049629211,0.5491744875907898,False
data/processed/cure_crops/50/bottom/customer/50_bottom_2200.png,50__bottom,0.7106050252914429,0.6737091541290283,False
data/processed/cure_crops/50/bottom/customer/50_bottom_2201.png,50__bottom,0.7564902305603027,0.6511460542678833,False
data/processed/cure_crops/50/bottom/customer/50_bottom_2202.png,50__bottom,0.6266088485717773,0.48402971029281616,False
data/processed/cure_crops/50/bottom/customer/50_bottom_2203.png,50__bottom,0.6986150741577148,0.6862480640411377,False
data/processed/cure_crops/50/bottom/customer/50_bottom_2204.png,50__bottom,0.6960300207138062,0.6051847338676453,False
data/processed/cure_crops/50/bottom/customer/50_bottom_2205.png,50__bottom,0.6635251045227051,0.6339246034622192,False
data/processed/cure_crops/50/bottom/customer/50_bottom_2206.png,50__bottom,0.683143138885498,0.632674515247345,False
data/processed/cure_crops/50/bottom/customer/50_bottom_2207.png,50__bottom,0.6112880706787109,0.6391943693161011,False
data/processed/cure_crops/50/bottom/customer/50_bottom_2208.png,50__bottom,0.6004233956336975,0.4342532753944397,False
data/processed/cure_crops/50/bottom/customer/50_bottom_2209.png,50__bottom,0.6648827791213989,0.5165110230445862,False
data/processed/cure_crops/50/bottom/customer/50_bottom_2210.png,50__bottom,0.7282942533493042,0.6749930381774902,False
data/processed/cure_crops/50/bottom/customer/50_bottom_2211.png,50__bottom,0.6702340841293335,0.61522376537323,False
data/processed/cure_crops/50/bottom/customer/50_bottom_2212.png,50__bottom,0.7216371297836304,0.627223014831543,False
data/processed/cure_crops/50/top/customer/50_top_2173.png,50__top,0.6563367247581482,0.5650331974029541,False
data/processed/cure_crops/50/top/customer/50_top_2174.png,50__top,0.6924465894699097,0.6630661487579346,False
data/processed/cure_crops/50/top/customer/50_top_2175.png,50__top,0.7267248630523682,0.6534531116485596,False
data/processed/cure_crops/50/top/customer/50_top_2176.png,50__top,0.632591962814331,0.5407830476760864,False
data/processed/cure_crops/50/top/customer/50_top_2177.png,50__top,0.7427583932876587,0.5231599807739258,False
data/processed/cure_crops/50/top/customer/50_top_2178.png,50__top,0.6276841163635254,0.46720877289772034,False
data/processed/cure_crops/50/top/customer/50_top_2179.png,50__top,0.5674020051956177,0.5765317678451538,False
data/processed/cure_crops/50/top/customer/50_top_2180.png,50__top,0.644832968711853,0.5529707670211792,False
data/processed/cure_crops/50/top/customer/50_top_2181.png,50__top,0.5734973549842834,0.5968799591064453,False
data/processed/cure_crops/50/top/customer/50_top_2182.png,50__top,0.5550833940505981,0.3799085021018982,False
data/processed/cure_crops/50/top/customer/50_top_2183.png,50__top,0.6713099479675293,0.582039475440979,False
data/processed/cure_crops/50/top/customer/50_top_2184.png,50__top,0.6892796754837036,0.5788134336471558,False
data/processed/cure_crops/50/top/customer/50_top_2185.png,50__top,0.6763686537742615,0.6724340915679932,False
data/processed/cure_crops/50/top/customer/50_top_2186.png,50__top,0.666431188583374,0.6708511114120483,False
data/processed/cure_crops/50/top/customer/50_top_2187.png,50__top,0.6602873802185059,0.6115356683731079,False
data/processed/cure_crops/51/bottom/customer/51_bottom_2240.png,51__bottom,0.40319472551345825,0.5564326047897339,False
data/processed/cure_crops/51/bottom/customer/51_bottom_2241.png,51__bottom,0.6961201429367065,0.7903590202331543,False
data/processed/cure_crops/51/bottom/customer/51_bottom_2242.png,51__bottom,0.7687207460403442,0.8169844150543213,False
data/processed/cure_crops/51/bottom/customer/51_bottom_2243.png,51__bottom,0.7546851634979248,0.8150299787521362,False
data/processed/cure_crops/51/bottom/customer/51_bottom_2244.png,51__bottom,0.6932839751243591,0.787484347820282,False
data/processed/cure_crops/51/bottom/customer/51_bottom_2245.png,51__bottom,0.7950812578201294,0.7565337419509888,False
data/processed/cure_crops/51/bottom/customer/51_bottom_2246.png,51__bottom,0.7622870802879333,0.7932934165000916,False
data/processed/cure_crops/51/bottom/customer/51_bottom_2247.png,51__bottom,0.6018744111061096,0.7487695813179016,False
data/processed/cure_crops/51/bottom/customer/51_bottom_2248.png,51__bottom,0.6659204959869385,0.7852976322174072,False
data/processed/cure_crops/51/bottom/customer/51_bottom_2249.png,51__bottom,0.683390736579895,0.7992697954177856,False
data/processed/cure_crops/51/bottom/customer/51_bottom_2250.png,51__bottom,0.6811111569404602,0.766486644744873,False
data/processed/cure_crops/51/bottom/customer/51_bottom_2251.png,51__bottom,0.7057089805603027,0.7074698209762573,False
data/processed/cure_crops/51/bottom/customer/51_bottom_2252.png,51__bottom,0.6966643929481506,0.7279552817344666,False
data/processed/cure_crops/51/bottom/customer/51_bottom_2253.png,51__bottom,0.6990429162979126,0.7519731521606445,False
data/processed/cure_crops/51/bottom/customer/51_bottom_2254.png,51__bottom,0.6872586607933044,0.763131856918335,False
data/processed/cure_crops/51/bottom/customer/51_bottom_2255.png,51__bottom,0.7645594477653503,0.7610371708869934,False
data/processed/cure_crops/51/bottom/customer/51_bottom_2256.png,51__bottom,0.6882799863815308,0.7193344831466675,False
data/processed/cure_crops/51/bottom/customer/51_bottom_2257.png,51__bottom,0.7555172443389893,0.7776029109954834,False
data/processed/cure_crops/51/bottom/customer/51_bottom_2258.png,51__bottom,0.69191575050354,0.7210566401481628,False
data/processed/cure_crops/51/bottom/customer/51_bottom_2259.png,51__bottom,0.6585147380828857,0.749458372592926,False
data/processed/cure_crops/51/top/customer/51_top_2214.png,51__top,0.7552136182785034,0.874015212059021,False
data/processed/cure_crops/51/top/customer/51_top_2215.png,51__top,0.7416292428970337,0.7969404458999634,False
data/processed/cure_crops/51/top/customer/51_top_2216.png,51__top,0.5533728003501892,0.5736303329467773,False
data/processed/cure_crops/51/top/customer/51_top_2217.png,51__top,0.7093037962913513,0.8520278930664062,False
data/processed/cure_crops/51/top/customer/51_top_2218.png,51__top,0.7449190020561218,0.8000047206878662,False
data/processed/cure_crops/51/top/customer/51_top_2219.png,51__top,0.5729618072509766,0.7430306673049927,False
data/processed/cure_crops/51/top/customer/51_top_2220.png,51__top,0.6279654502868652,0.6680318117141724,False
data/processed/cure_crops/51/top/customer/51_top_2221.png,51__top,0.7377278804779053,0.7057146430015564,False
data/processed/cure_crops/51/top/customer/51_top_2223.png,51__top,0.6965433955192566,0.7826933860778809,False
data/processed/cure_crops/51/top/customer/51_top_2224.png,51__top,0.651752233505249,0.8073558807373047,False
data/processed/cure_crops/51/top/customer/51_top_2225.png,51__top,0.6682499051094055,0.7673330903053284,False
data/processed/cure_crops/51/top/customer/51_top_2226.png,51__top,0.6386486291885376,0.7191363573074341,False
data/processed/cure_crops/51/top/customer/51_top_2227.png,51__top,0.6186760067939758,0.7398033142089844,False
data/processed/cure_crops/51/top/customer/51_top_2228.png,51__top,0.5978579521179199,0.7239305973052979,False
data/processed/cure_crops/51/top/customer/51_top_2229.png,51__top,0.7025522589683533,0.7783963680267334,False
data/processed/cure_crops/51/top/customer/51_top_2230.png,51__top,0.7206565737724304,0.734070897102356,False
data/processed/cure_crops/51/top/customer/51_top_2231.png,51__top,0.6697210073471069,0.639796257019043,False
data/processed/cure_crops/51/top/customer/51_top_2232.png,51__top,0.7136916518211365,0.7747650146484375,False
data/processed/cure_crops/51/top/customer/51_top_2233.png,51__top,0.6432859301567078,0.7382107377052307,False
data/processed/cure_crops/51/top/customer/51_top_2234.png,51__top,0.6243982911109924,0.7571554183959961,False
data/processed/cure_crops/51/top/customer/51_top_2235.png,51__top,0.600376546382904,0.673096776008606,False
data/processed/cure_crops/51/top/customer/51_top_2236.png,51__top,0.703652024269104,0.759708046913147,False
data/processed/cure_crops/51/top/customer/51_top_2237.png,51__top,0.6878992319107056,0.7271751165390015,False
data/processed/cure_crops/51/top/customer/51_top_2238.png,51__top,0.6853918433189392,0.7657965421676636,False
data/processed/cure_crops/51/top/customer/51_top_2239.png,51__top,0.5800681710243225,0.708523154258728,False
data/processed/cure_crops/52/bottom/customer/52_bottom_2284.png,52__bottom,0.8057310581207275,0.7348443269729614,False
data/processed/cure_crops/52/bottom/customer/52_bottom_2285.png,52__bottom,0.6320732831954956,0.739240288734436,False
data/processed/cure_crops/52/bottom/customer/52_bottom_2286.png,52__bottom,0.7481454610824585,0.7392576932907104,False
data/processed/cure_crops/52/bottom/customer/52_bottom_2287.png,52__bottom,0.701235294342041,0.6305139660835266,False
data/processed/cure_crops/52/bottom/customer/52_bottom_2289.png,52__bottom,0.6716845035552979,0.6687333583831787,False
data/processed/cure_crops/52/bottom/customer/52_bottom_2290.png,52__bottom,0.7657012939453125,0.6828922629356384,False
data/processed/cure_crops/52/bottom/customer/52_bottom_2291.png,52__bottom,0.6627459526062012,0.5957791805267334,False
data/processed/cure_crops/52/bottom/customer/52_bottom_2292.png,52__bottom,0.7451289296150208,0.6390646696090698,False
data/processed/cure_crops/52/bottom/customer/52_bottom_2293.png,52__bottom,0.611907958984375,0.6065505146980286,False
data/processed/cure_crops/52/bottom/customer/52_bottom_2294.png,52__bottom,0.7500295639038086,0.6649501323699951,False
data/processed/cure_crops/52/bottom/customer/52_bottom_2295.png,52__bottom,0.7569241523742676,0.6664775609970093,False
data/processed/cure_crops/52/bottom/customer/52_bottom_2296.png,52__bottom,0.7032390832901001,0.6736454963684082,False
data/processed/cure_crops/52/bottom/customer/52_bottom_2297.png,52__bottom,0.7772282361984253,0.7271295785903931,False
data/processed/cure_crops/52/bottom/customer/52_bottom_2298.png,52__bottom,0.727039635181427,0.6786876320838928,False
data/processed/cure_crops/52/bottom/customer/52_bottom_2299.png,52__bottom,0.750259280204773,0.7265692353248596,False
data/processed/cure_crops/52/bottom/customer/52_bottom_2300.png,52__bottom,0.6860237717628479,0.6934541463851929,False
data/processed/cure_crops/52/bottom/customer/52_bottom_2301.png,52__bottom,0.7002474069595337,0.6846100687980652,False
data/processed/cure_crops/52/bottom/customer/52_bottom_2302.png,52__bottom,0.6835089325904846,0.696372389793396,False
data/processed/cure_crops/52/bottom/customer/52_bottom_2303.png,52__bottom,0.7740775942802429,0.6812578439712524,False
data/processed/cure_crops/52/bottom/customer/52_bottom_2304.png,52__bottom,0.73272305727005,0.6752299070358276,False
data/processed/cure_crops/52/bottom/customer/52_bottom_2305.png,52__bottom,0.689945638179779,0.72276771068573,False
data/processed/cure_crops/52/top/customer/52_top_2260.png,52__top,0.7289249300956726,0.7874725461006165,False
data/processed/cure_crops/52/top/customer/52_top_2261.png,52__top,0.6599420309066772,0.6766154170036316,False
data/processed/cure_crops/52/top/customer/52_top_2262.png,52__top,0.800360918045044,0.8468897342681885,False
data/processed/cure_crops/52/top/customer/52_top_2263.png,52__top,0.6008254885673523,0.6811684370040894,False
data/processed/cure_crops/52/top/customer/52_top_2264.png,52__top,0.7267918586730957,0.7041561603546143,False
data/processed/cure_crops/52/top/customer/52_top_2265.png,52__top,0.6675357818603516,0.7672287225723267,False
data/processed/cure_crops/52/top/customer/52_top_2266.png,52__top,0.8865323066711426,0.8427338600158691,False
data/processed/cure_crops/52/top/customer/52_top_2267.png,52__top,0.5495171546936035,0.6846698522567749,False
data/processed/cure_crops/52/top/customer/52_top_2268.png,52__top,0.74904465675354,0.7625772356987,False
data/processed/cure_crops/52/top/customer/52_top_2269.png,52__top,0.6400132775306702,0.6871367692947388,False
data/processed/cure_crops/52/top/customer/52_top_2270.png,52__top,0.6808793544769287,0.6551082134246826,False
data/processed/cure_crops/52/top/customer/52_top_2271.png,52__top,0.7292647361755371,0.6897644400596619,False
data/processed/cure_crops/52/top/customer/52_top_2272.png,52__top,0.7220560908317566,0.6840534210205078,False
data/processed/cure_crops/52/top/customer/52_top_2273.png,52__top,0.7420167922973633,0.6456155776977539,False
data/processed/cure_crops/52/top/customer/52_top_2274.png,52__top,0.8269530534744263,0.6895124912261963,False
data/processed/cure_crops/52/top/customer/52_top_2275.png,52__top,0.8346295952796936,0.6893612146377563,False
data/processed/cure_crops/52/top/customer/52_top_2276.png,52__top,0.7825840711593628,0.7393277883529663,False
data/processed/cure_crops/52/top/customer/52_top_2277.png,52__top,0.719413161277771,0.649500846862793,False
data/processed/cure_crops/52/top/customer/52_top_2278.png,52__top,0.7300892472267151,0.6623587608337402,False
data/processed/cure_crops/52/top/customer/52_top_2279.png,52__top,0.8262052536010742,0.6866362690925598,False
data/processed/cure_crops/52/top/customer/52_top_2280.png,52__top,0.8242993354797363,0.6867525577545166,False
data/processed/cure_crops/52/top/customer/52_top_2281.png,52__top,0.8183585405349731,0.6507461071014404,False
data/processed/cure_crops/52/top/customer/52_top_2282.png,52__top,0.6520639657974243,0.6388441324234009,False
data/processed/cure_crops/52/top/customer/52_top_2283.png,52__top,0.8497695326805115,0.6891708374023438,False
data/processed/cure_crops/53/bottom/customer/53_bottom_2332.png,53__bottom,0.7970983982086182,0.7342247366905212,False
data/processed/cure_crops/53/bottom/customer/53_bottom_2333.png,53__bottom,0.6638532876968384,0.7778003215789795,False
data/processed/cure_crops/53/bottom/customer/53_bottom_2334.png,53__bottom,0.7514212131500244,0.8234440684318542,False
data/processed/cure_crops/53/bottom/customer/53_bottom_2335.png,53__bottom,0.6282460689544678,0.703463613986969,False
data/processed/cure_crops/53/bottom/customer/53_bottom_2336.png,53__bottom,0.6301355361938477,0.5637887716293335,False
data/processed/cure_crops/53/bottom/customer/53_bottom_2338.png,53__bottom,0.5832173824310303,0.542098343372345,False
data/processed/cure_crops/53/bottom/customer/53_bottom_2339.png,53__bottom,0.6067502498626709,0.514304518699646,False
data/processed/cure_crops/53/bottom/customer/53_bottom_2340.png,53__bottom,0.5796599388122559,0.6310416460037231,False
data/processed/cure_crops/53/bottom/customer/53_bottom_2341.png,53__bottom,0.5403157472610474,0.6148916482925415,False
data/processed/cure_crops/53/bottom/customer/53_bottom_2342.png,53__bottom,0.7269986271858215,0.7197776436805725,False
data/processed/cure_crops/53/bottom/customer/53_bottom_2343.png,53__bottom,0.7613048553466797,0.7421613931655884,False
data/processed/cure_crops/53/bottom/customer/53_bottom_2344.png,53__bottom,0.6879863142967224,0.7494601011276245,False
data/processed/cure_crops/53/bottom/customer/53_bottom_2345.png,53__bottom,0.748672366142273,0.5864301919937134,False
data/processed/cure_crops/53/bottom/customer/53_bottom_2346.png,53__bottom,0.7510558366775513,0.6555308699607849,False
data/processed/cure_crops/53/bottom/customer/53_bottom_2347.png,53__bottom,0.7335307002067566,0.7603951692581177,False
data/processed/cure_crops/53/bottom/customer/53_bottom_2348.png,53__bottom,0.7441550493240356,0.636086106300354,False
data/processed/cure_crops/53/bottom/customer/53_bottom_2349.png,53__bottom,0.6439334154129028,0.554476261138916,False
data/processed/cure_crops/53/bottom/customer/53_bottom_2350.png,53__bottom,0.4417928457260132,0.4734320640563965,False
data/processed/cure_crops/53/top/customer/53_top_2306.png,53__top,0.5582985281944275,0.8353239297866821,False
data/processed/cure_crops/53/top/customer/53_top_2307.png,53__top,0.6685848236083984,0.844771683216095,False
data/processed/cure_crops/53/top/customer/53_top_2308.png,53__top,0.5906247496604919,0.7762947082519531,False
data/processed/cure_crops/53/top/customer/53_top_2309.png,53__top,0.6487047672271729,0.7447918057441711,False
data/processed/cure_crops/53/top/customer/53_top_2310.png,53__top,0.6157630681991577,0.617459774017334,False
data/processed/cure_crops/53/top/customer/53_top_2311.png,53__top,0.5974729657173157,0.6413882374763489,False
data/processed/cure_crops/53/top/customer/53_top_2312.png,53__top,0.6293811798095703,0.6062160134315491,False
data/processed/cure_crops/53/top/customer/53_top_2313.png,53__top,0.671862006187439,0.7204720973968506,False
data/processed/cure_crops/53/top/customer/53_top_2314.png,53__top,0.6559778451919556,0.6732174754142761,False
data/processed/cure_crops/53/top/customer/53_top_2315.png,53__top,0.6173425912857056,0.7133966684341431,False
data/processed/cure_crops/53/top/customer/53_top_2316.png,53__top,0.5489141941070557,0.783203661441803,False
data/processed/cure_crops/53/top/customer/53_top_2317.png,53__top,0.5797539949417114,0.7802859544754028,False
data/processed/cure_crops/53/top/customer/53_top_2318.png,53__top,0.5489689111709595,0.7858520746231079,False
data/processed/cure_crops/53/top/customer/53_top_2319.png,53__top,0.5486793518066406,0.7443569898605347,False
data/processed/cure_crops/53/top/customer/53_top_2320.png,53__top,0.5307726263999939,0.7642751336097717,False
data/processed/cure_crops/53/top/customer/53_top_2321.png,53__top,0.5751208662986755,0.7069717645645142,False
data/processed/cure_crops/53/top/customer/53_top_2322.png,53__top,0.5543066263198853,0.8184621930122375,False
data/processed/cure_crops/53/top/customer/53_top_2323.png,53__top,0.5479812622070312,0.40894243121147156,False
data/processed/cure_crops/53/top/customer/53_top_2324.png,53__top,0.5747189521789551,0.7848734259605408,False
data/processed/cure_crops/53/top/customer/53_top_2325.png,53__top,0.5541075468063354,0.7392270565032959,False
data/processed/cure_crops/53/top/customer/53_top_2326.png,53__top,0.4897522032260895,0.8038305044174194,False
data/processed/cure_crops/53/top/customer/53_top_2327.png,53__top,0.5552098751068115,0.72730952501297,False
data/processed/cure_crops/53/top/customer/53_top_2328.png,53__top,0.5528863072395325,0.7780617475509644,False
data/processed/cure_crops/53/top/customer/53_top_2329.png,53__top,0.5665224194526672,0.7626970410346985,False
data/processed/cure_crops/53/top/customer/53_top_2330.png,53__top,0.5865589380264282,0.7231972813606262,False
data/processed/cure_crops/53/top/customer/53_top_2331.png,53__top,0.5519886612892151,0.7401741743087769,False
data/processed/cure_crops/54/bottom/customer/54_bottom_2374.png,54__bottom,0.7953535318374634,0.7434581518173218,False
data/processed/cure_crops/54/bottom/customer/54_bottom_2375.png,54__bottom,0.7270722985267639,0.7606401443481445,False
data/processed/cure_crops/54/bottom/customer/54_bottom_2376.png,54__bottom,0.6676290035247803,0.6629031896591187,False
data/processed/cure_crops/54/bottom/customer/54_bottom_2377.png,54__bottom,0.6959312558174133,0.5731154084205627,False
data/processed/cure_crops/54/bottom/customer/54_bottom_2378.png,54__bottom,0.6547532081604004,0.6051180362701416,False
data/processed/cure_crops/54/bottom/customer/54_bottom_2379.png,54__bottom,0.6326605081558228,0.6244274377822876,False
data/processed/cure_crops/54/bottom/customer/54_bottom_2380.png,54__bottom,0.7054829597473145,0.5473933219909668,False
data/processed/cure_crops/54/bottom/customer/54_bottom_2381.png,54__bottom,0.6533762216567993,0.568972110748291,False
data/processed/cure_crops/54/bottom/customer/54_bottom_2382.png,54__bottom,0.5777924060821533,0.6071661710739136,False
data/processed/cure_crops/54/bottom/customer/54_bottom_2383.png,54__bottom,0.6398447751998901,0.6620880961418152,False
data/processed/cure_crops/54/bottom/customer/54_bottom_2384.png,54__bottom,0.7336444854736328,0.5567563772201538,False
data/processed/cure_crops/54/bottom/customer/54_bottom_2385.png,54__bottom,0.7644612789154053,0.6055452227592468,False
data/processed/cure_crops/54/bottom/customer/54_bottom_2386.png,54__bottom,0.7284783124923706,0.6459966897964478,False
data/processed/cure_crops/54/bottom/customer/54_bottom_2387.png,54__bottom,0.7507690191268921,0.5765388011932373,False
data/processed/cure_crops/54/bottom/customer/54_bottom_2388.png,54__bottom,0.6847532987594604,0.5500411987304688,False
data/processed/cure_crops/54/bottom/customer/54_bottom_2389.png,54__bottom,0.7237226963043213,0.5697848796844482,False
data/processed/cure_crops/54/bottom/customer/54_bottom_2390.png,54__bottom,0.7317336797714233,0.4878442585468292,False
data/processed/cure_crops/54/bottom/customer/54_bottom_2391.png,54__bottom,0.7649941444396973,0.6249077320098877,False
data/processed/cure_crops/54/bottom/customer/54_bottom_2392.png,54__bottom,0.7534202337265015,0.6311033964157104,False
data/processed/cure_crops/54/bottom/customer/54_bottom_2393.png,54__bottom,0.6314576864242554,0.5323774218559265,False
data/processed/cure_crops/54/bottom/customer/54_bottom_2394.png,54__bottom,0.7586835026741028,0.5931545495986938,False
data/processed/cure_crops/54/bottom/customer/54_bottom_2395.png,54__bottom,0.7636576294898987,0.5872001647949219,False
data/processed/cure_crops/54/bottom/customer/54_bottom_2396.png,54__bottom,0.6887547373771667,0.4681223928928375,False
data/processed/cure_crops/54/top/customer/54_top_2351.png,54__top,0.7299347519874573,0.7865211963653564,False
data/processed/cure_crops/54/top/customer/54_top_2352.png,54__top,0.8198834657669067,0.671897828578949,False
data/processed/cure_crops/54/top/customer/54_top_2353.png,54__top,0.8198071718215942,0.6829531192779541,False
data/processed/cure_crops/54/top/customer/54_top_2354.png,54__top,0.4936390817165375,0.4720839858055115,False
data/processed/cure_crops/54/top/customer/54_top_2355.png,54__top,0.5944515466690063,0.6888169050216675,False
data/processed/cure_crops/54/top/customer/54_top_2356.png,54__top,0.7617473602294922,0.6911725997924805,False
data/processed/cure_crops/54/top/customer/54_top_2357.png,54__top,0.7546030282974243,0.7404990792274475,False
data/processed/cure_crops/54/top/customer/54_top_2358.png,54__top,0.7605724334716797,0.7481063008308411,False
data/processed/cure_crops/54/top/customer/54_top_2359.png,54__top,0.7338608503341675,0.6806896924972534,False
data/processed/cure_crops/54/top/customer/54_top_2360.png,54__top,0.7596082091331482,0.7221569418907166,False
data/processed/cure_crops/54/top/customer/54_top_2361.png,54__top,0.6348423361778259,0.6154763698577881,False
data/processed/cure_crops/54/top/customer/54_top_2362.png,54__top,0.635466456413269,0.6040145754814148,False
data/processed/cure_crops/54/top/customer/54_top_2363.png,54__top,0.6009045839309692,0.6440575122833252,False
data/processed/cure_crops/54/top/customer/54_top_2364.png,54__top,0.5493663549423218,0.6347196102142334,False
data/processed/cure_crops/54/top/customer/54_top_2365.png,54__top,0.6206278800964355,0.5793046951293945,False
data/processed/cure_crops/54/top/customer/54_top_2366.png,54__top,0.5321369171142578,0.5401408672332764,False
data/processed/cure_crops/54/top/customer/54_top_2367.png,54__top,0.5566997528076172,0.6507221460342407,False
data/processed/cure_crops/54/top/customer/54_top_2368.png,54__top,0.5776609182357788,0.6160053014755249,False
data/processed/cure_crops/54/top/customer/54_top_2369.png,54__top,0.5875974893569946,0.5277079939842224,False
data/processed/cure_crops/54/top/customer/54_top_2370.png,54__top,0.5426386594772339,0.6384416818618774,False
data/processed/cure_crops/54/top/customer/54_top_2371.png,54__top,0.595576286315918,0.5808379054069519,False
data/processed/cure_crops/54/top/customer/54_top_2372.png,54__top,0.5956071615219116,0.5148137807846069,False
data/processed/cure_crops/54/top/customer/54_top_2373.png,54__top,0.6089526414871216,0.6412180066108704,False
data/processed/cure_crops/55/bottom/customer/55_bottom_2424.png,55__bottom,0.6315908432006836,0.683833122253418,False
data/processed/cure_crops/55/bottom/customer/55_bottom_2425.png,55__bottom,0.5869589447975159,0.6326602101325989,False
data/processed/cure_crops/55/bottom/customer/55_bottom_2426.png,55__bottom,0.5515140295028687,0.5887063145637512,False
data/processed/cure_crops/55/bottom/customer/55_bottom_2427.png,55__bottom,0.5867952704429626,0.6751381754875183,False
data/processed/cure_crops/55/bottom/customer/55_bottom_2428.png,55__bottom,0.6083800196647644,0.6095190644264221,False
data/processed/cure_crops/55/bottom/customer/55_bottom_2429.png,55__bottom,0.7120773196220398,0.5534662008285522,False
data/processed/cure_crops/55/bottom/customer/55_bottom_2430.png,55__bottom,0.6703550815582275,0.5818067789077759,False
data/processed/cure_crops/55/bottom/customer/55_bottom_2431.png,55__bottom,0.5672805905342102,0.5990164279937744,False
data/processed/cure_crops/55/bottom/customer/55_bottom_2432.png,55__bottom,0.5846301317214966,0.5680382251739502,False
data/processed/cure_crops/55/bottom/customer/55_bottom_2433.png,55__bottom,0.5391973853111267,0.5561103820800781,False
data/processed/cure_crops/55/bottom/customer/55_bottom_2434.png,55__bottom,0.7427250742912292,0.6673768162727356,False
data/processed/cure_crops/55/bottom/customer/55_bottom_2435.png,55__bottom,0.7529957294464111,0.6934763193130493,False
data/processed/cure_crops/55/bottom/customer/55_bottom_2436.png,55__bottom,0.748121976852417,0.6799724698066711,False
data/processed/cure_crops/55/bottom/customer/55_bottom_2437.png,55__bottom,0.6663718223571777,0.5855503082275391,False
data/processed/cure_crops/55/bottom/customer/55_bottom_2438.png,55__bottom,0.7089665532112122,0.6371488571166992,False
data/processed/cure_crops/55/bottom/customer/55_bottom_2439.png,55__bottom,0.6904064416885376,0.6464403867721558,False
data/processed/cure_crops/55/bottom/customer/55_bottom_2440.png,55__bottom,0.7356497049331665,0.6345173120498657,False
data/processed/cure_crops/55/bottom/customer/55_bottom_2441.png,55__bottom,0.726299524307251,0.6278910040855408,False
data/processed/cure_crops/55/bottom/customer/55_bottom_2442.png,55__bottom,0.7070640325546265,0.6612570285797119,False
data/processed/cure_crops/55/bottom/customer/55_bottom_2443.png,55__bottom,0.7516545057296753,0.604499340057373,False
data/processed/cure_crops/55/bottom/customer/55_bottom_2444.png,55__bottom,0.7663666009902954,0.6465004086494446,False
data/processed/cure_crops/55/bottom/customer/55_bottom_2445.png,55__bottom,0.7198569774627686,0.5992939472198486,False
data/processed/cure_crops/55/bottom/customer/55_bottom_2446.png,55__bottom,0.6726751327514648,0.638031005859375,False
data/processed/cure_crops/55/bottom/customer/55_bottom_2447.png,55__bottom,0.6309474110603333,0.5869895815849304,False
data/processed/cure_crops/55/bottom/customer/55_bottom_2448.png,55__bottom,0.7248989343643188,0.608668863773346,False
data/processed/cure_crops/55/bottom/customer/55_bottom_2449.png,55__bottom,0.7208399772644043,0.649370551109314,False
data/processed/cure_crops/55/top/customer/55_top_2397.png,55__top,0.8605873584747314,0.8456708192825317,False
data/processed/cure_crops/55/top/customer/55_top_2398.png,55__top,0.7081680297851562,0.7452616095542908,False
data/processed/cure_crops/55/top/customer/55_top_2399.png,55__top,0.6328731775283813,0.581230878829956,False
data/processed/cure_crops/55/top/customer/55_top_2400.png,55__top,0.8399592041969299,0.8178103566169739,False
data/processed/cure_crops/55/top/customer/55_top_2401.png,55__top,0.7524493336677551,0.6849037408828735,False
data/processed/cure_crops/55/top/customer/55_top_2402.png,55__top,0.730991542339325,0.6021104454994202,False
data/processed/cure_crops/55/top/customer/55_top_2403.png,55__top,0.8575423955917358,0.780308723449707,False
data/processed/cure_crops/55/top/customer/55_top_2404.png,55__top,0.6973053812980652,0.5560297966003418,False
data/processed/cure_crops/55/top/customer/55_top_2405.png,55__top,0.8028714656829834,0.6357922554016113,False
data/processed/cure_crops/55/top/customer/55_top_2406.png,55__top,0.6877515912055969,0.525571346282959,False
data/processed/cure_crops/55/top/customer/55_top_2407.png,55__top,0.7022126913070679,0.6125146150588989,False
data/processed/cure_crops/55/top/customer/55_top_2408.png,55__top,0.539844810962677,0.5348206758499146,False
data/processed/cure_crops/55/top/customer/55_top_2409.png,55__top,0.6506310105323792,0.5707396864891052,False
data/processed/cure_crops/55/top/customer/55_top_2410.png,55__top,0.6615924835205078,0.6315693855285645,False
data/processed/cure_crops/55/top/customer/55_top_2411.png,55__top,0.6281948089599609,0.47131630778312683,False
data/processed/cure_crops/55/top/customer/55_top_2412.png,55__top,0.7084406018257141,0.6954224705696106,False
data/processed/cure_crops/55/top/customer/55_top_2413.png,55__top,0.6657962203025818,0.5891693830490112,False
data/processed/cure_crops/55/top/customer/55_top_2414.png,55__top,0.6698920726776123,0.7469550371170044,False
data/processed/cure_crops/55/top/customer/55_top_2415.png,55__top,0.6784724593162537,0.5532625913619995,False
data/processed/cure_crops/55/top/customer/55_top_2416.png,55__top,0.5154815912246704,0.6017600893974304,False
data/processed/cure_crops/55/top/customer/55_top_2417.png,55__top,0.4920135736465454,0.5434149503707886,False
data/processed/cure_crops/55/top/customer/55_top_2418.png,55__top,0.6587271094322205,0.6876397132873535,False
data/processed/cure_crops/55/top/customer/55_top_2419.png,55__top,0.6534981727600098,0.5803015232086182,False
data/processed/cure_crops/55/top/customer/55_top_2420.png,55__top,0.6825997829437256,0.6502792239189148,False
data/processed/cure_crops/55/top/customer/55_top_2421.png,55__top,0.5214892625808716,0.5716884136199951,False
data/processed/cure_crops/55/top/customer/55_top_2422.png,55__top,0.633874773979187,0.5889642238616943,False
data/processed/cure_crops/55/top/customer/55_top_2423.png,55__top,0.6714223027229309,0.6617375612258911,False
data/processed/cure_crops/56/bottom/customer/56_bottom_2476.png,56__bottom,0.870092511177063,0.9112196564674377,False
data/processed/cure_crops/56/bottom/customer/56_bottom_2477.png,56__bottom,0.8109179735183716,0.8288686871528625,False
data/processed/cure_crops/56/bottom/customer/56_bottom_2479.png,56__bottom,0.6527013778686523,0.7108144760131836,False
data/processed/cure_crops/56/bottom/customer/56_bottom_2481.png,56__bottom,0.5795058012008667,0.6451581716537476,False
data/processed/cure_crops/56/bottom/customer/56_bottom_2486.png,56__bottom,0.6775004267692566,0.4312704801559448,False
data/processed/cure_crops/56/bottom/customer/56_bottom_2487.png,56__bottom,0.6876474618911743,0.3921710252761841,False
data/processed/cure_crops/56/bottom/customer/56_bottom_2488.png,56__bottom,0.6766049861907959,0.5935264825820923,False
data/processed/cure_crops/56/bottom/customer/56_bottom_2489.png,56__bottom,0.6954473853111267,0.37360239028930664,False
data/processed/cure_crops/56/bottom/customer/56_bottom_2490.png,56__bottom,0.7211393117904663,0.45697909593582153,False
data/processed/cure_crops/56/bottom/customer/56_bottom_2491.png,56__bottom,0.6986185312271118,0.6483641862869263,False
data/processed/cure_crops/56/bottom/customer/56_bottom_2492.png,56__bottom,0.7167162299156189,0.552368700504303,False
data/processed/cure_crops/56/bottom/customer/56_bottom_2493.png,56__bottom,0.6857190132141113,0.5679430961608887,False
data/processed/cure_crops/56/bottom/customer/56_bottom_2494.png,56__bottom,0.6881672739982605,0.5222123861312866,False
data/processed/cure_crops/56/bottom/customer/56_bottom_2495.png,56__bottom,0.7138490080833435,0.5338202714920044,False
data/processed/cure_crops/56/bottom/customer/56_bottom_2496.png,56__bottom,0.6933846473693848,0.3097275495529175,False
data/processed/cure_crops/56/bottom/customer/56_bottom_2497.png,56__bottom,0.6953189373016357,0.4918033480644226,False
data/processed/cure_crops/56/bottom/customer/56_bottom_2498.png,56__bottom,0.715705156326294,0.5099803805351257,False
data/processed/cure_crops/56/bottom/customer/56_bottom_2499.png,56__bottom,0.7227861881256104,0.5318105220794678,False
data/processed/cure_crops/56/bottom/customer/56_bottom_2500.png,56__bottom,0.6392598748207092,0.45202213525772095,False
data/processed/cure_crops/56/top/customer/56_top_2452.png,56__top,0.6771886348724365,0.8295702934265137,False
data/processed/cure_crops/56/top/customer/56_top_2453.png,56__top,0.6773111820220947,0.7127241492271423,False
data/processed/cure_crops/56/top/customer/56_top_2456.png,56__top,0.6503230929374695,0.735733151435852,False
data/processed/cure_crops/56/top/customer/56_top_2457.png,56__top,0.5601376295089722,0.7477556467056274,False
data/processed/cure_crops/56/top/customer/56_top_2458.png,56__top,0.5797688364982605,0.7506442070007324,False
data/processed/cure_crops/56/top/customer/56_top_2459.png,56__top,0.5794184803962708,0.7399837970733643,False
data/processed/cure_crops/56/top/customer/56_top_2460.png,56__top,0.7698663473129272,0.7057416439056396,False
data/processed/cure_crops/56/top/customer/56_top_2461.png,56__top,0.5929682850837708,0.40179795026779175,False
data/processed/cure_crops/56/top/customer/56_top_2462.png,56__top,0.7370234727859497,0.725746750831604,False
data/processed/cure_crops/56/top/customer/56_top_2463.png,56__top,0.7329124808311462,0.4854792356491089,False
data/processed/cure_crops/56/top/customer/56_top_2464.png,56__top,0.7202475070953369,0.4775944948196411,False
data/processed/cure_crops/56/top/customer/56_top_2465.png,56__top,0.7330623865127563,0.7427061200141907,False
data/processed/cure_crops/56/top/customer/56_top_2466.png,56__top,0.8028627634048462,0.7102854251861572,False
data/processed/cure_crops/56/top/customer/56_top_2467.png,56__top,0.7463657259941101,0.7442329525947571,False
data/processed/cure_crops/56/top/customer/56_top_2468.png,56__top,0.7699037790298462,0.6576570272445679,False
data/processed/cure_crops/56/top/customer/56_top_2469.png,56__top,0.7649757862091064,0.7221981883049011,False
data/processed/cure_crops/56/top/customer/56_top_2470.png,56__top,0.7541589140892029,0.7363742589950562,False
data/processed/cure_crops/56/top/customer/56_top_2471.png,56__top,0.5835500359535217,0.6243336200714111,False
data/processed/cure_crops/56/top/customer/56_top_2472.png,56__top,0.7819283604621887,0.731907308101654,False
data/processed/cure_crops/56/top/customer/56_top_2473.png,56__top,0.7853986024856567,0.7018609642982483,False
data/processed/cure_crops/56/top/customer/56_top_2474.png,56__top,0.7726311087608337,0.7840230464935303,False
data/processed/cure_crops/56/top/customer/56_top_2475.png,56__top,0.6892288327217102,0.5398539900779724,False
data/processed/cure_crops/57/bottom/customer/57_bottom_2524.png,57__bottom,0.7997463941574097,0.8988103866577148,False
data/processed/cure_crops/57/bottom/customer/57_bottom_2525.png,57__bottom,0.732086718082428,0.8891888856887817,False
data/processed/cure_crops/57/bottom/customer/57_bottom_2526.png,57__bottom,0.7512383460998535,0.8987089395523071,False
data/processed/cure_crops/57/bottom/customer/57_bottom_2527.png,57__bottom,0.6657111644744873,0.7938917875289917,False
data/processed/cure_crops/57/bottom/customer/57_bottom_2528.png,57__bottom,0.6434892416000366,0.7422829270362854,False
data/processed/cure_crops/57/bottom/customer/57_bottom_2529.png,57__bottom,0.7444961071014404,0.8279008865356445,False
data/processed/cure_crops/57/bottom/customer/57_bottom_2530.png,57__bottom,0.6930249333381653,0.7213851809501648,False
data/processed/cure_crops/57/bottom/customer/57_bottom_2531.png,57__bottom,0.633277416229248,0.836212694644928,False
data/processed/cure_crops/57/bottom/customer/57_bottom_2532.png,57__bottom,0.5402417182922363,0.7014858722686768,False
data/processed/cure_crops/57/bottom/customer/57_bottom_2533.png,57__bottom,0.6272633671760559,0.8031101226806641,False
data/processed/cure_crops/57/bottom/customer/57_bottom_2534.png,57__bottom,0.6246148347854614,0.5573635101318359,False
data/processed/cure_crops/57/bottom/customer/57_bottom_2535.png,57__bottom,0.7261843681335449,0.6645433902740479,False
data/processed/cure_crops/57/bottom/customer/57_bottom_2536.png,57__bottom,0.5869249701499939,0.6041416525840759,False
data/processed/cure_crops/57/bottom/customer/57_bottom_2537.png,57__bottom,0.6636344790458679,0.6819912791252136,False
data/processed/cure_crops/57/bottom/customer/57_bottom_2538.png,57__bottom,0.7564980387687683,0.6420929431915283,False
data/processed/cure_crops/57/bottom/customer/57_bottom_2539.png,57__bottom,0.7443847060203552,0.7019259929656982,False
data/processed/cure_crops/57/bottom/customer/57_bottom_2540.png,57__bottom,0.7041298151016235,0.7301243543624878,False
data/processed/cure_crops/57/bottom/customer/57_bottom_2541.png,57__bottom,0.7432861924171448,0.6694010496139526,False
data/processed/cure_crops/57/bottom/customer/57_bottom_2542.png,57__bottom,0.7058559060096741,0.7029986381530762,False
data/processed/cure_crops/57/bottom/customer/57_bottom_2543.png,57__bottom,0.5685462951660156,0.5589712858200073,False
data/processed/cure_crops/57/bottom/customer/57_bottom_2544.png,57__bottom,0.5496995449066162,0.6495252847671509,False
data/processed/cure_crops/57/bottom/customer/57_bottom_2545.png,57__bottom,0.7684335708618164,0.67731773853302,False
data/processed/cure_crops/57/bottom/customer/57_bottom_2546.png,57__bottom,0.7311252951622009,0.6074165105819702,False
data/processed/cure_crops/57/bottom/customer/57_bottom_2547.png,57__bottom,0.654407262802124,0.6670248508453369,False
data/processed/cure_crops/57/top/customer/57_top_2501.png,57__top,0.7316073179244995,0.811163067817688,False
data/processed/cure_crops/57/top/customer/57_top_2502.png,57__top,0.838351309299469,0.8525921106338501,False
data/processed/cure_crops/57/top/customer/57_top_2503.png,57__top,0.7611029148101807,0.8385342359542847,False
data/processed/cure_crops/57/top/customer/57_top_2504.png,57__top,0.6877373456954956,0.8609210252761841,False
data/processed/cure_crops/57/top/customer/57_top_2505.png,57__top,0.721947431564331,0.800335705280304,False
data/processed/cure_crops/57/top/customer/57_top_2506.png,57__top,0.6711052656173706,0.7063297033309937,False
data/processed/cure_crops/57/top/customer/57_top_2508.png,57__top,0.5668604373931885,0.7949792146682739,False
data/processed/cure_crops/57/top/customer/57_top_2509.png,57__top,0.5537019968032837,0.7038719654083252,False
data/processed/cure_crops/57/top/customer/57_top_2510.png,57__top,0.7286773920059204,0.7310689687728882,False
data/processed/cure_crops/57/top/customer/57_top_2511.png,57__top,0.6471967697143555,0.6275150775909424,False
data/processed/cure_crops/57/top/customer/57_top_2512.png,57__top,0.5548967123031616,0.5868051052093506,False
data/processed/cure_crops/57/top/customer/57_top_2513.png,57__top,0.5631567239761353,0.65401291847229,False
data/processed/cure_crops/57/top/customer/57_top_2514.png,57__top,0.7475427389144897,0.8183026313781738,False
data/processed/cure_crops/57/top/customer/57_top_2515.png,57__top,0.5135031938552856,0.5775456428527832,False
data/processed/cure_crops/57/top/customer/57_top_2516.png,57__top,0.7210411429405212,0.7888460159301758,False
data/processed/cure_crops/57/top/customer/57_top_2517.png,57__top,0.7285239100456238,0.746120810508728,False
data/processed/cure_crops/57/top/customer/57_top_2518.png,57__top,0.690509021282196,0.7499217391014099,False
data/processed/cure_crops/57/top/customer/57_top_2519.png,57__top,0.4678080976009369,0.4948388338088989,False
data/processed/cure_crops/57/top/customer/57_top_2520.png,57__top,0.6788614392280579,0.78952956199646,False
data/processed/cure_crops/57/top/customer/57_top_2521.png,57__top,0.7584038376808167,0.716407299041748,False
data/processed/cure_crops/57/top/customer/57_top_2522.png,57__top,0.715285062789917,0.796978235244751,False
data/processed/cure_crops/57/top/customer/57_top_2523.png,57__top,0.710378110408783,0.788223922252655,False
data/processed/cure_crops/58/bottom/customer/58_bottom_2573.png,58__bottom,0.8236132860183716,0.8422864079475403,False
data/processed/cure_crops/58/bottom/customer/58_bottom_2574.png,58__bottom,0.6384464502334595,0.7460049390792847,False
data/processed/cure_crops/58/bottom/customer/58_bottom_2575.png,58__bottom,0.6754130125045776,0.8140292167663574,False
data/processed/cure_crops/58/bottom/customer/58_bottom_2576.png,58__bottom,0.616348385810852,0.6601800918579102,False
data/processed/cure_crops/58/bottom/customer/58_bottom_2578.png,58__bottom,0.7838249802589417,0.8008188009262085,False
data/processed/cure_crops/58/bottom/customer/58_bottom_2579.png,58__bottom,0.7565128803253174,0.7428330779075623,False
data/processed/cure_crops/58/bottom/customer/58_bottom_2580.png,58__bottom,0.4937913417816162,0.612971305847168,False
data/processed/cure_crops/58/bottom/customer/58_bottom_2581.png,58__bottom,0.7451647520065308,0.6956151723861694,False
data/processed/cure_crops/58/bottom/customer/58_bottom_2582.png,58__bottom,0.6441723704338074,0.613376259803772,False
data/processed/cure_crops/58/bottom/customer/58_bottom_2583.png,58__bottom,0.6539145708084106,0.5536448955535889,False
data/processed/cure_crops/58/bottom/customer/58_bottom_2584.png,58__bottom,0.68710857629776,0.562434732913971,False
data/processed/cure_crops/58/bottom/customer/58_bottom_2585.png,58__bottom,0.7569432258605957,0.630560040473938,False
data/processed/cure_crops/58/bottom/customer/58_bottom_2586.png,58__bottom,0.6455496549606323,0.5528141856193542,False
data/processed/cure_crops/58/bottom/customer/58_bottom_2587.png,58__bottom,0.7725361585617065,0.6939477920532227,False
data/processed/cure_crops/58/bottom/customer/58_bottom_2588.png,58__bottom,0.7478132247924805,0.6515506505966187,False
data/processed/cure_crops/58/bottom/customer/58_bottom_2589.png,58__bottom,0.7906012535095215,0.7210775017738342,False
data/processed/cure_crops/58/bottom/customer/58_bottom_2590.png,58__bottom,0.6967976689338684,0.6634944677352905,False
data/processed/cure_crops/58/bottom/customer/58_bottom_2591.png,58__bottom,0.6492124795913696,0.619210958480835,False
data/processed/cure_crops/58/bottom/customer/58_bottom_2592.png,58__bottom,0.7409220933914185,0.6574369072914124,False
data/processed/cure_crops/58/bottom/customer/58_bottom_2593.png,58__bottom,0.7104647755622864,0.6643431186676025,False
data/processed/cure_crops/58/bottom/customer/58_bottom_2594.png,58__bottom,0.688312292098999,0.6202456951141357,False
data/processed/cure_crops/58/bottom/customer/58_bottom_2595.png,58__bottom,0.6986095309257507,0.6127431392669678,False
data/processed/cure_crops/58/bottom/customer/58_bottom_2596.png,58__bottom,0.5946600437164307,0.535642147064209,False
data/processed/cure_crops/58/bottom/customer/58_bottom_2597.png,58__bottom,0.5288323760032654,0.447123259305954,False
data/processed/cure_crops/58/bottom/customer/58_bottom_2598.png,58__bottom,0.6800843477249146,0.5762147903442383,False
data/processed/cure_crops/58/bottom/customer/58_bottom_2599.png,58__bottom,0.6943387985229492,0.6796984672546387,False
data/processed/cure_crops/58/bottom/customer/58_bottom_2600.png,58__bottom,0.6689871549606323,0.5876076221466064,False
data/processed/cure_crops/58/bottom/customer/58_bottom_2601.png,58__bottom,0.7417323589324951,0.6088201999664307,False
data/processed/cure_crops/58/bottom/customer/58_bottom_2602.png,58__bottom,0.7502378821372986,0.6772604584693909,False
data/processed/cure_crops/58/bottom/customer/58_bottom_2603.png,58__bottom,0.7187801003456116,0.6724250912666321,False
data/processed/cure_crops/58/bottom/customer/58_bottom_2604.png,58__bottom,0.7704540491104126,0.6523353457450867,False
data/processed/cure_crops/58/top/customer/58_top_2548.png,58__top,0.8513918519020081,0.9090290069580078,False
data/processed/cure_crops/58/top/customer/58_top_2549.png,58__top,0.759724497795105,0.752193808555603,False
data/processed/cure_crops/58/top/customer/58_top_2550.png,58__top,0.6726094484329224,0.8337138891220093,False
data/processed/cure_crops/58/top/customer/58_top_2551.png,58__top,0.6645528078079224,0.8676467537879944,False
data/processed/cure_crops/58/top/customer/58_top_2552.png,58__top,0.7669318318367004,0.8952426314353943,False
data/processed/cure_crops/58/top/customer/58_top_2553.png,58__top,0.5907298922538757,0.8225300908088684,False
data/processed/cure_crops/58/top/customer/58_top_2554.png,58__top,0.7501517534255981,0.9059092998504639,False
data/processed/cure_crops/58/top/customer/58_top_2555.png,58__top,0.7318319082260132,0.8780399560928345,False
data/processed/cure_crops/58/top/customer/58_top_2556.png,58__top,0.6924459934234619,0.8488787412643433,False
data/processed/cure_crops/58/top/customer/58_top_2557.png,58__top,0.6439715623855591,0.8251582384109497,False
data/processed/cure_crops/58/top/customer/58_top_2558.png,58__top,0.6344106197357178,0.6867707967758179,False
data/processed/cure_crops/58/top/customer/58_top_2559.png,58__top,0.594539999961853,0.7107364535331726,False
data/processed/cure_crops/58/top/customer/58_top_2560.png,58__top,0.4791805148124695,0.6675066351890564,False
data/processed/cure_crops/58/top/customer/58_top_2561.png,58__top,0.6389011740684509,0.7740758657455444,False
data/processed/cure_crops/58/top/customer/58_top_2562.png,58__top,0.6050921678543091,0.7066421508789062,False
data/processed/cure_crops/58/top/customer/58_top_2563.png,58__top,0.6015876531600952,0.5878124833106995,False
data/processed/cure_crops/58/top/customer/58_top_2564.png,58__top,0.6065618991851807,0.7800769805908203,False
data/processed/cure_crops/58/top/customer/58_top_2565.png,58__top,0.6049783825874329,0.7560195922851562,False
data/processed/cure_crops/58/top/customer/58_top_2566.png,58__top,0.6290439367294312,0.7850051522254944,False
data/processed/cure_crops/58/top/customer/58_top_2567.png,58__top,0.6320793628692627,0.7434465885162354,False
data/processed/cure_crops/58/top/customer/58_top_2568.png,58__top,0.6287745237350464,0.7249966859817505,False
data/processed/cure_crops/58/top/customer/58_top_2569.png,58__top,0.6533754467964172,0.6750878095626831,False
data/processed/cure_crops/58/top/customer/58_top_2570.png,58__top,0.6176993250846863,0.7719305753707886,False
data/processed/cure_crops/58/top/customer/58_top_2571.png,58__top,0.6158967018127441,0.7806473970413208,False
data/processed/cure_crops/58/top/customer/58_top_2572.png,58__top,0.5730892419815063,0.7473000884056091,False
data/processed/cure_crops/59/bottom/customer/59_bottom_2623.png,59__bottom,0.8832581639289856,0.8094780445098877,False
data/processed/cure_crops/59/bottom/customer/59_bottom_2624.png,59__bottom,0.8168610334396362,0.7762686014175415,False
data/processed/cure_crops/59/bottom/customer/59_bottom_2625.png,59__bottom,0.7094850540161133,0.7597541809082031,False
data/processed/cure_crops/59/bottom/customer/59_bottom_2626.png,59__bottom,0.6608200669288635,0.7626009583473206,False
data/processed/cure_crops/59/bottom/customer/59_bottom_2629.png,59__bottom,0.6163033246994019,0.701572597026825,False
data/processed/cure_crops/59/bottom/customer/59_bottom_2630.png,59__bottom,0.6771371364593506,0.6761469841003418,False
data/processed/cure_crops/59/bottom/customer/59_bottom_2631.png,59__bottom,0.6693479418754578,0.7104921936988831,False
data/processed/cure_crops/59/bottom/customer/59_bottom_2632.png,59__bottom,0.7142558097839355,0.570000946521759,False
data/processed/cure_crops/59/bottom/customer/59_bottom_2633.png,59__bottom,0.719264030456543,0.8015247583389282,False
data/processed/cure_crops/59/bottom/customer/59_bottom_2634.png,59__bottom,0.7110674381256104,0.6987876892089844,False
data/processed/cure_crops/59/bottom/customer/59_bottom_2635.png,59__bottom,0.6631569862365723,0.5276490449905396,False
data/processed/cure_crops/59/bottom/customer/59_bottom_2636.png,59__bottom,0.7057697772979736,0.6529805660247803,False
data/processed/cure_crops/59/bottom/customer/59_bottom_2637.png,59__bottom,0.6848873496055603,0.6443363428115845,False
data/processed/cure_crops/59/bottom/customer/59_bottom_2638.png,59__bottom,0.6333897709846497,0.6469858288764954,False
data/processed/cure_crops/59/bottom/customer/59_bottom_2639.png,59__bottom,0.6591111421585083,0.7282696962356567,False
data/processed/cure_crops/59/bottom/customer/59_bottom_2640.png,59__bottom,0.7036533355712891,0.774630069732666,False
data/processed/cure_crops/59/top/customer/59_top_2605.png,59__top,0.6488795876502991,0.7958724498748779,False
data/processed/cure_crops/59/top/customer/59_top_2607.png,59__top,0.7813923358917236,0.814669132232666,False
data/processed/cure_crops/59/top/customer/59_top_2609.png,59__top,0.7256872653961182,0.772874116897583,False
data/processed/cure_crops/59/top/customer/59_top_2610.png,59__top,0.7506178617477417,0.7899965047836304,False
data/processed/cure_crops/59/top/customer/59_top_2611.png,59__top,0.7601393461227417,0.8044472932815552,False
data/processed/cure_crops/59/top/customer/59_top_2615.png,59__top,0.6522419452667236,0.8014292120933533,False
data/processed/cure_crops/59/top/customer/59_top_2616.png,59__top,0.6405831575393677,0.7976511120796204,False
data/processed/cure_crops/59/top/customer/59_top_2617.png,59__top,0.6545020937919617,0.7964244484901428,False
data/processed/cure_crops/59/top/customer/59_top_2618.png,59__top,0.6523460745811462,0.7750962376594543,False
data/processed/cure_crops/59/top/customer/59_top_2619.png,59__top,0.6391984820365906,0.7971338629722595,False
data/processed/cure_crops/59/top/customer/59_top_2620.png,59__top,0.6257408857345581,0.7811901569366455,False
data/processed/cure_crops/59/top/customer/59_top_2621.png,59__top,0.63128662109375,0.7582696080207825,False
data/processed/cure_crops/59/top/customer/59_top_2622.png,59__top,0.6411832571029663,0.8364154696464539,False
data/processed/cure_crops/6/bottom/customer/6_bottom_272.png,6__bottom,0.7580205202102661,0.8014584183692932,False
data/processed/cure_crops/6/bottom/customer/6_bottom_274.png,6__bottom,0.7787032127380371,0.8189287185668945,False
data/processed/cure_crops/6/bottom/customer/6_bottom_275.png,6__bottom,0.7898221015930176,0.772311270236969,False
data/processed/cure_crops/6/bottom/customer/6_bottom_276.png,6__bottom,0.6285356283187866,0.7627397775650024,False
data/processed/cure_crops/6/bottom/customer/6_bottom_278.png,6__bottom,0.5931792259216309,0.6127570867538452,False
data/processed/cure_crops/6/bottom/customer/6_bottom_280.png,6__bottom,0.6302796602249146,0.6257891654968262,False
data/processed/cure_crops/6/bottom/customer/6_bottom_281.png,6__bottom,0.600071907043457,0.6847047209739685,False
data/processed/cure_crops/6/bottom/customer/6_bottom_282.png,6__bottom,0.6164541244506836,0.7472807765007019,False
data/processed/cure_crops/6/bottom/customer/6_bottom_283.png,6__bottom,0.6682428121566772,0.6221506595611572,False
data/processed/cure_crops/6/bottom/customer/6_bottom_284.png,6__bottom,0.6363810896873474,0.6242128610610962,False
data/processed/cure_crops/6/bottom/customer/6_bottom_285.png,6__bottom,0.7009046077728271,0.5185612440109253,False
data/processed/cure_crops/6/bottom/customer/6_bottom_286.png,6__bottom,0.6425194144248962,0.6057528853416443,False
data/processed/cure_crops/6/bottom/customer/6_bottom_287.png,6__bottom,0.6828564405441284,0.6464595794677734,False
data/processed/cure_crops/6/bottom/customer/6_bottom_288.png,6__bottom,0.6602621078491211,0.6050774455070496,False
data/processed/cure_crops/6/bottom/customer/6_bottom_289.png,6__bottom,0.6822509765625,0.6230442523956299,False
data/processed/cure_crops/6/bottom/customer/6_bottom_290.png,6__bottom,0.4291280508041382,0.36475932598114014,False
data/processed/cure_crops/6/bottom/customer/6_bottom_291.png,6__bottom,0.6312991380691528,0.7347143292427063,False
data/processed/cure_crops/6/bottom/customer/6_bottom_292.png,6__bottom,0.685383677482605,0.6535062789916992,False
data/processed/cure_crops/6/top/customer/6_top_253.png,6__top,0.733213484287262,0.8023948669433594,False
data/processed/cure_crops/6/top/customer/6_top_254.png,6__top,0.7957910299301147,0.8428266644477844,False
data/processed/cure_crops/6/top/customer/6_top_255.png,6__top,0.8475261926651001,0.883726179599762,False
data/processed/cure_crops/6/top/customer/6_top_256.png,6__top,0.7363322973251343,0.7755208015441895,False
data/processed/cure_crops/6/top/customer/6_top_258.png,6__top,0.6520473957061768,0.6018478870391846,False
data/processed/cure_crops/6/top/customer/6_top_259.png,6__top,0.648029088973999,0.8426860570907593,False
data/processed/cure_crops/6/top/customer/6_top_260.png,6__top,0.5968192219734192,0.6862475872039795,False
data/processed/cure_crops/6/top/customer/6_top_261.png,6__top,0.6844799518585205,0.7343047261238098,False
data/processed/cure_crops/6/top/customer/6_top_262.png,6__top,0.5961087346076965,0.7607986927032471,False
data/processed/cure_crops/6/top/customer/6_top_263.png,6__top,0.7575051784515381,0.7488707304000854,False
data/processed/cure_crops/6/top/customer/6_top_264.png,6__top,0.7315893173217773,0.6334600448608398,False
data/processed/cure_crops/6/top/customer/6_top_265.png,6__top,0.7805706858634949,0.7649674415588379,False
data/processed/cure_crops/6/top/customer/6_top_266.png,6__top,0.7364358901977539,0.7458865642547607,False
data/processed/cure_crops/6/top/customer/6_top_267.png,6__top,0.7452027201652527,0.6531150341033936,False
data/processed/cure_crops/6/top/customer/6_top_268.png,6__top,0.688880205154419,0.5378444194793701,False
data/processed/cure_crops/6/top/customer/6_top_269.png,6__top,0.6876035928726196,0.6829231977462769,False
data/processed/cure_crops/6/top/customer/6_top_270.png,6__top,0.6981818675994873,0.7026683688163757,False
data/processed/cure_crops/6/top/customer/6_top_271.png,6__top,0.6710212826728821,0.6561146974563599,False
data/processed/cure_crops/60/bottom/customer/60_bottom_2664.png,60__bottom,0.707962155342102,0.7987326383590698,False
data/processed/cure_crops/60/bottom/customer/60_bottom_2666.png,60__bottom,0.7289717197418213,0.8299076557159424,False
data/processed/cure_crops/60/bottom/customer/60_bottom_2667.png,60__bottom,0.671833336353302,0.8130874633789062,False
data/processed/cure_crops/60/bottom/customer/60_bottom_2668.png,60__bottom,0.6936011910438538,0.81880784034729,False
data/processed/cure_crops/60/bottom/customer/60_bottom_2669.png,60__bottom,0.6864515542984009,0.7400878071784973,False
data/processed/cure_crops/60/bottom/customer/60_bottom_2670.png,60__bottom,0.6610196828842163,0.6994672417640686,False
data/processed/cure_crops/60/bottom/customer/60_bottom_2671.png,60__bottom,0.6397581100463867,0.7325757741928101,False
data/processed/cure_crops/60/bottom/customer/60_bottom_2672.png,60__bottom,0.6528646349906921,0.6615800857543945,False
data/processed/cure_crops/60/bottom/customer/60_bottom_2673.png,60__bottom,0.6090953350067139,0.6351199746131897,False
data/processed/cure_crops/60/bottom/customer/60_bottom_2674.png,60__bottom,0.6327036023139954,0.7168720960617065,False
data/processed/cure_crops/60/bottom/customer/60_bottom_2675.png,60__bottom,0.6002309918403625,0.5973031520843506,False
data/processed/cure_crops/60/bottom/customer/60_bottom_2676.png,60__bottom,0.6045146584510803,0.7027618288993835,False
data/processed/cure_crops/60/bottom/customer/60_bottom_2677.png,60__bottom,0.7001869082450867,0.5923746228218079,False
data/processed/cure_crops/60/bottom/customer/60_bottom_2678.png,60__bottom,0.7008886933326721,0.7207061052322388,False
data/processed/cure_crops/60/bottom/customer/60_bottom_2679.png,60__bottom,0.6898998618125916,0.5361970663070679,False
data/processed/cure_crops/60/bottom/customer/60_bottom_2680.png,60__bottom,0.6945700645446777,0.5392825603485107,False
data/processed/cure_crops/60/bottom/customer/60_bottom_2681.png,60__bottom,0.6637231707572937,0.6613497138023376,False
data/processed/cure_crops/60/bottom/customer/60_bottom_2682.png,60__bottom,0.6674867272377014,0.5327562689781189,False
data/processed/cure_crops/60/bottom/customer/60_bottom_2683.png,60__bottom,0.6638650894165039,0.584986686706543,False
data/processed/cure_crops/60/bottom/customer/60_bottom_2684.png,60__bottom,0.5800866484642029,0.6482216715812683,False
data/processed/cure_crops/60/bottom/customer/60_bottom_2685.png,60__bottom,0.6750357151031494,0.6540496945381165,False
data/processed/cure_crops/60/bottom/customer/60_bottom_2686.png,60__bottom,0.6495662331581116,0.5222234725952148,False
data/processed/cure_crops/60/top/customer/60_top_2641.png,60__top,0.5612601041793823,0.8267767429351807,False
data/processed/cure_crops/60/top/customer/60_top_2644.png,60__top,0.6301095485687256,0.7765470743179321,False
data/processed/cure_crops/60/top/customer/60_top_2645.png,60__top,0.562818706035614,0.7080897688865662,False
data/processed/cure_crops/60/top/customer/60_top_2646.png,60__top,0.6772156953811646,0.8234217166900635,False
data/processed/cure_crops/60/top/customer/60_top_2647.png,60__top,0.46808481216430664,0.6793118119239807,False
data/processed/cure_crops/60/top/customer/60_top_2648.png,60__top,0.5752661228179932,0.7148133516311646,False
data/processed/cure_crops/60/top/customer/60_top_2649.png,60__top,0.5393251776695251,0.6665250062942505,False
data/processed/cure_crops/60/top/customer/60_top_2650.png,60__top,0.5444051027297974,0.6126399040222168,False
data/processed/cure_crops/60/top/customer/60_top_2651.png,60__top,0.5767680406570435,0.5951492786407471,False
data/processed/cure_crops/60/top/customer/60_top_2652.png,60__top,0.5679852962493896,0.4993428587913513,False
data/processed/cure_crops/60/top/customer/60_top_2653.png,60__top,0.546068549156189,0.5519596338272095,False
data/processed/cure_crops/60/top/customer/60_top_2654.png,60__top,0.5640909671783447,0.4874281883239746,False
data/processed/cure_crops/60/top/customer/60_top_2655.png,60__top,0.5878989696502686,0.656188428401947,False
data/processed/cure_crops/60/top/customer/60_top_2656.png,60__top,0.5524581074714661,0.6267153024673462,False
data/processed/cure_crops/60/top/customer/60_top_2657.png,60__top,0.5391778349876404,0.5234915614128113,False
data/processed/cure_crops/60/top/customer/60_top_2658.png,60__top,0.6212619543075562,0.46875810623168945,False
data/processed/cure_crops/60/top/customer/60_top_2659.png,60__top,0.4944407343864441,0.3244823217391968,False
data/processed/cure_crops/60/top/customer/60_top_2660.png,60__top,0.6042271852493286,0.6313018798828125,False
data/processed/cure_crops/60/top/customer/60_top_2661.png,60__top,0.5858677625656128,0.486262708902359,False
data/processed/cure_crops/60/top/customer/60_top_2662.png,60__top,0.5675123333930969,0.49800121784210205,False
data/processed/cure_crops/61/bottom/customer/61_bottom_2716.png,61__bottom,0.8541706800460815,0.7801641821861267,False
data/processed/cure_crops/61/bottom/customer/61_bottom_2717.png,61__bottom,0.7576771974563599,0.7368323802947998,False
data/processed/cure_crops/61/bottom/customer/61_bottom_2718.png,61__bottom,0.8216103315353394,0.7022827863693237,False
data/processed/cure_crops/61/bottom/customer/61_bottom_2719.png,61__bottom,0.5193658471107483,0.755891740322113,False
data/processed/cure_crops/61/bottom/customer/61_bottom_2720.png,61__bottom,0.5317096710205078,0.6463912129402161,False
data/processed/cure_crops/61/bottom/customer/61_bottom_2721.png,61__bottom,0.5934171676635742,0.6622685194015503,False
data/processed/cure_crops/61/bottom/customer/61_bottom_2722.png,61__bottom,0.43463411927223206,0.6666455864906311,False
data/processed/cure_crops/61/bottom/customer/61_bottom_2723.png,61__bottom,0.6781034469604492,0.6292215585708618,False
data/processed/cure_crops/61/bottom/customer/61_bottom_2724.png,61__bottom,0.5607103705406189,0.6041914820671082,False
data/processed/cure_crops/61/bottom/customer/61_bottom_2725.png,61__bottom,0.6102492809295654,0.6105407476425171,False
data/processed/cure_crops/61/bottom/customer/61_bottom_2726.png,61__bottom,0.6382389068603516,0.5550333261489868,False
data/processed/cure_crops/61/bottom/customer/61_bottom_2727.png,61__bottom,0.619033932685852,0.5424737334251404,False
data/processed/cure_crops/61/bottom/customer/61_bottom_2728.png,61__bottom,0.6692055463790894,0.6974639892578125,False
data/processed/cure_crops/61/bottom/customer/61_bottom_2729.png,61__bottom,0.659429669380188,0.4984745383262634,False
data/processed/cure_crops/61/bottom/customer/61_bottom_2730.png,61__bottom,0.6406865119934082,0.5599620342254639,False
data/processed/cure_crops/61/bottom/customer/61_bottom_2731.png,61__bottom,0.6432077288627625,0.6476893424987793,False
data/processed/cure_crops/61/bottom/customer/61_bottom_2732.png,61__bottom,0.6447099447250366,0.6470181941986084,False
data/processed/cure_crops/61/bottom/customer/61_bottom_2733.png,61__bottom,0.6375244855880737,0.6202298998832703,False
data/processed/cure_crops/61/bottom/customer/61_bottom_2734.png,61__bottom,0.6493220329284668,0.638090968132019,False
data/processed/cure_crops/61/bottom/customer/61_bottom_2735.png,61__bottom,0.6601132154464722,0.6039692163467407,False
data/processed/cure_crops/61/bottom/customer/61_bottom_2736.png,61__bottom,0.6515026688575745,0.6142160296440125,False
data/processed/cure_crops/61/bottom/customer/61_bottom_2737.png,61__bottom,0.6304616332054138,0.6125803589820862,False
data/processed/cure_crops/61/bottom/customer/61_bottom_2738.png,61__bottom,0.6515940427780151,0.6606813669204712,False
data/processed/cure_crops/61/bottom/customer/61_bottom_2739.png,61__bottom,0.6275902390480042,0.4307790994644165,False
data/processed/cure_crops/61/bottom/customer/61_bottom_2740.png,61__bottom,0.6407151818275452,0.6347723603248596,False
data/processed/cure_crops/61/bottom/customer/61_bottom_2741.png,61__bottom,0.6311433911323547,0.5705899000167847,False
data/processed/cure_crops/61/bottom/customer/61_bottom_2742.png,61__bottom,0.6342629194259644,0.6189199686050415,False
data/processed/cure_crops/61/bottom/customer/61_bottom_2743.png,61__bottom,0.6460859775543213,0.645995557308197,False
data/processed/cure_crops/61/bottom/customer/61_bottom_2744.png,61__bottom,0.6408141255378723,0.5660877227783203,False
data/processed/cure_crops/61/top/customer/61_top_2688.png,61__top,0.8309939503669739,0.8939589262008667,False
data/processed/cure_crops/61/top/customer/61_top_2689.png,61__top,0.7038841247558594,0.8134011626243591,False
data/processed/cure_crops/61/top/customer/61_top_2690.png,61__top,0.6660453677177429,0.7027449607849121,False
data/processed/cure_crops/61/top/customer/61_top_2691.png,61__top,0.7545218467712402,0.7407705783843994,False
data/processed/cure_crops/61/top/customer/61_top_2692.png,61__top,0.6947221755981445,0.7045512795448303,False
data/processed/cure_crops/61/top/customer/61_top_2693.png,61__top,0.6618690490722656,0.7126942873001099,False
data/processed/cure_crops/61/top/customer/61_top_2694.png,61__top,0.6248155236244202,0.793818473815918,False
data/processed/cure_crops/61/top/customer/61_top_2695.png,61__top,0.7267023921012878,0.761634111404419,False
data/processed/cure_crops/61/top/customer/61_top_2696.png,61__top,0.6441470384597778,0.7185255885124207,False
data/processed/cure_crops/61/top/customer/61_top_2697.png,61__top,0.6280413866043091,0.6192499399185181,False
data/processed/cure_crops/61/top/customer/61_top_2698.png,61__top,0.6359939575195312,0.5634855031967163,False
data/processed/cure_crops/61/top/customer/61_top_2699.png,61__top,0.6470104455947876,0.6782813668251038,False
data/processed/cure_crops/61/top/customer/61_top_2700.png,61__top,0.6153624057769775,0.7419504523277283,False
data/processed/cure_crops/61/top/customer/61_top_2701.png,61__top,0.671475887298584,0.6499595642089844,False
data/processed/cure_crops/61/top/customer/61_top_2702.png,61__top,0.6482393741607666,0.6247700452804565,False
data/processed/cure_crops/61/top/customer/61_top_2703.png,61__top,0.6570056080818176,0.5760323405265808,False
data/processed/cure_crops/61/top/customer/61_top_2704.png,61__top,0.5966523885726929,0.456746906042099,False
data/processed/cure_crops/61/top/customer/61_top_2705.png,61__top,0.642020583152771,0.5518391728401184,False
data/processed/cure_crops/61/top/customer/61_top_2706.png,61__top,0.6095043420791626,0.5878256559371948,False
data/processed/cure_crops/61/top/customer/61_top_2707.png,61__top,0.6577070355415344,0.5556472539901733,False
data/processed/cure_crops/61/top/customer/61_top_2708.png,61__top,0.6566007733345032,0.756811261177063,False
data/processed/cure_crops/61/top/customer/61_top_2709.png,61__top,0.6421517133712769,0.7306406497955322,False
data/processed/cure_crops/61/top/customer/61_top_2710.png,61__top,0.6754342913627625,0.5811309814453125,False
data/processed/cure_crops/61/top/customer/61_top_2711.png,61__top,0.6453098058700562,0.7495620846748352,False
data/processed/cure_crops/61/top/customer/61_top_2712.png,61__top,0.6038451194763184,0.659156084060669,False
data/processed/cure_crops/61/top/customer/61_top_2713.png,61__top,0.6522035598754883,0.771770179271698,False
data/processed/cure_crops/61/top/customer/61_top_2714.png,61__top,0.6105481386184692,0.3326752781867981,False
data/processed/cure_crops/61/top/customer/61_top_2715.png,61__top,0.6012163758277893,0.7056121230125427,False
data/processed/cure_crops/62/bottom/customer/62_bottom_2769.png,62__bottom,0.7124679684638977,0.7782065272331238,False
data/processed/cure_crops/62/bottom/customer/62_bottom_2770.png,62__bottom,0.6128352880477905,0.5572640299797058,False
data/processed/cure_crops/62/bottom/customer/62_bottom_2771.png,62__bottom,0.6891340017318726,0.8466649055480957,False
data/processed/cure_crops/62/bottom/customer/62_bottom_2772.png,62__bottom,0.6833913326263428,0.8139599561691284,False
data/processed/cure_crops/62/bottom/customer/62_bottom_2774.png,62__bottom,0.7663561701774597,0.7260061502456665,False
data/processed/cure_crops/62/bottom/customer/62_bottom_2776.png,62__bottom,0.6832429766654968,0.5733001232147217,False
data/processed/cure_crops/62/bottom/customer/62_bottom_2777.png,62__bottom,0.7745509147644043,0.7196658849716187,False
data/processed/cure_crops/62/bottom/customer/62_bottom_2779.png,62__bottom,0.780761182308197,0.6816730499267578,False
data/processed/cure_crops/62/bottom/customer/62_bottom_2780.png,62__bottom,0.7213085889816284,0.5675313472747803,False
data/processed/cure_crops/62/bottom/customer/62_bottom_2781.png,62__bottom,0.6989186406135559,0.5003901720046997,False
data/processed/cure_crops/62/bottom/customer/62_bottom_2782.png,62__bottom,0.6690257787704468,0.5027762651443481,False
data/processed/cure_crops/62/bottom/customer/62_bottom_2783.png,62__bottom,0.7069239616394043,0.5727040767669678,False
data/processed/cure_crops/62/bottom/customer/62_bottom_2784.png,62__bottom,0.6389651894569397,0.564035177230835,False
data/processed/cure_crops/62/bottom/customer/62_bottom_2785.png,62__bottom,0.644189715385437,0.5935698747634888,False
data/processed/cure_crops/62/bottom/customer/62_bottom_2786.png,62__bottom,0.70059734582901,0.5729821920394897,False
data/processed/cure_crops/62/bottom/customer/62_bottom_2787.png,62__bottom,0.7290400266647339,0.5894724726676941,False
data/processed/cure_crops/62/bottom/customer/62_bottom_2788.png,62__bottom,0.6744651198387146,0.6251256465911865,False
data/processed/cure_crops/62/bottom/customer/62_bottom_2789.png,62__bottom,0.7204155921936035,0.5601836442947388,False
data/processed/cure_crops/62/top/customer/62_top_2745.png,62__top,0.5775737762451172,0.7957013845443726,False
data/processed/cure_crops/62/top/customer/62_top_2746.png,62__top,0.5700356960296631,0.7643482685089111,False
data/processed/cure_crops/62/top/customer/62_top_2747.png,62__top,0.6220146417617798,0.7765670418739319,False
data/processed/cure_crops/62/top/customer/62_top_2748.png,62__top,0.5860608220100403,0.7898085713386536,False
data/processed/cure_crops/62/top/customer/62_top_2749.png,62__top,0.5633652806282043,0.7734048962593079,False
data/processed/cure_crops/62/top/customer/62_top_2750.png,62__top,0.6050192713737488,0.7708925008773804,False
data/processed/cure_crops/62/top/customer/62_top_2751.png,62__top,0.573357105255127,0.7043663263320923,False
data/processed/cure_crops/62/top/customer/62_top_2752.png,62__top,0.4902752637863159,0.6771631240844727,False
data/processed/cure_crops/62/top/customer/62_top_2754.png,62__top,0.6773906946182251,0.6739743947982788,False
data/processed/cure_crops/62/top/customer/62_top_2755.png,62__top,0.6413764357566833,0.6100930571556091,False
data/processed/cure_crops/62/top/customer/62_top_2756.png,62__top,0.5962213277816772,0.7647742629051208,False
data/processed/cure_crops/62/top/customer/62_top_2757.png,62__top,0.5660311579704285,0.7042553424835205,False
data/processed/cure_crops/62/top/customer/62_top_2758.png,62__top,0.5809919238090515,0.7127282619476318,False
data/processed/cure_crops/62/top/customer/62_top_2759.png,62__top,0.5910413265228271,0.7441021800041199,False
data/processed/cure_crops/62/top/customer/62_top_2760.png,62__top,0.6466174125671387,0.6876683831214905,False
data/processed/cure_crops/62/top/customer/62_top_2761.png,62__top,0.6207982897758484,0.7192349433898926,False
data/processed/cure_crops/62/top/customer/62_top_2762.png,62__top,0.6205966472625732,0.7264851331710815,False
data/processed/cure_crops/62/top/customer/62_top_2763.png,62__top,0.5825772285461426,0.7243760228157043,False
data/processed/cure_crops/62/top/customer/62_top_2764.png,62__top,0.5781636238098145,0.7303252220153809,False
data/processed/cure_crops/62/top/customer/62_top_2765.png,62__top,0.6081517934799194,0.7372581958770752,False
data/processed/cure_crops/62/top/customer/62_top_2766.png,62__top,0.6169525384902954,0.7172952890396118,False
data/processed/cure_crops/62/top/customer/62_top_2767.png,62__top,0.6323735117912292,0.6940069794654846,False
data/processed/cure_crops/63/bottom/customer/63_bottom_2812.png,63__bottom,0.7621276378631592,0.7750941514968872,False
data/processed/cure_crops/63/bottom/customer/63_bottom_2813.png,63__bottom,0.7627454996109009,0.8032933473587036,False
data/processed/cure_crops/63/bottom/customer/63_bottom_2814.png,63__bottom,0.8149658441543579,0.7258615493774414,False
data/processed/cure_crops/63/bottom/customer/63_bottom_2815.png,63__bottom,0.8161565065383911,0.7456272840499878,False
data/processed/cure_crops/63/bottom/customer/63_bottom_2816.png,63__bottom,0.7736176252365112,0.7879845499992371,False
data/processed/cure_crops/63/bottom/customer/63_bottom_2817.png,63__bottom,0.7730416059494019,0.8219252824783325,False
data/processed/cure_crops/63/bottom/customer/63_bottom_2818.png,63__bottom,0.6836254596710205,0.5864995718002319,False
data/processed/cure_crops/63/bottom/customer/63_bottom_2819.png,63__bottom,0.6478527188301086,0.7296726703643799,False
data/processed/cure_crops/63/bottom/customer/63_bottom_2820.png,63__bottom,0.646039605140686,0.6387879252433777,False
data/processed/cure_crops/63/bottom/customer/63_bottom_2821.png,63__bottom,0.7398788928985596,0.6296983361244202,False
data/processed/cure_crops/63/bottom/customer/63_bottom_2822.png,63__bottom,0.7390187382698059,0.6806536912918091,False
data/processed/cure_crops/63/bottom/customer/63_bottom_2823.png,63__bottom,0.7011759281158447,0.6804970502853394,False
data/processed/cure_crops/63/bottom/customer/63_bottom_2824.png,63__bottom,0.7474557757377625,0.7808512449264526,False
data/processed/cure_crops/63/bottom/customer/63_bottom_2825.png,63__bottom,0.7039422392845154,0.6710256338119507,False
data/processed/cure_crops/63/bottom/customer/63_bottom_2826.png,63__bottom,0.7369173765182495,0.6003251671791077,False
data/processed/cure_crops/63/bottom/customer/63_bottom_2827.png,63__bottom,0.8075650930404663,0.6710901856422424,False
data/processed/cure_crops/63/bottom/customer/63_bottom_2828.png,63__bottom,0.7876260876655579,0.5380721092224121,False
data/processed/cure_crops/63/bottom/customer/63_bottom_2829.png,63__bottom,0.8124605417251587,0.7396230101585388,False
data/processed/cure_crops/63/bottom/customer/63_bottom_2830.png,63__bottom,0.7528819441795349,0.6034106016159058,False
data/processed/cure_crops/63/bottom/customer/63_bottom_2831.png,63__bottom,0.7198989987373352,0.6595689058303833,False
data/processed/cure_crops/63/bottom/customer/63_bottom_2832.png,63__bottom,0.7787866592407227,0.7260879278182983,False
data/processed/cure_crops/63/bottom/customer/63_bottom_2833.png,63__bottom,0.7739437222480774,0.7456485033035278,False
data/processed/cure_crops/63/top/customer/63_top_2790.png,63__top,0.77982497215271,0.838625431060791,False
data/processed/cure_crops/63/top/customer/63_top_2791.png,63__top,0.7212169170379639,0.7919983267784119,False
data/processed/cure_crops/63/top/customer/63_top_2792.png,63__top,0.8151322603225708,0.6371068954467773,False
data/processed/cure_crops/63/top/customer/63_top_2793.png,63__top,0.7667767405509949,0.7611619830131531,False
data/processed/cure_crops/63/top/customer/63_top_2794.png,63__top,0.645905613899231,0.69697105884552,False
data/processed/cure_crops/63/top/customer/63_top_2795.png,63__top,0.7359449863433838,0.7640954256057739,False
data/processed/cure_crops/63/top/customer/63_top_2796.png,63__top,0.7081854939460754,0.7846744060516357,False
data/processed/cure_crops/63/top/customer/63_top_2797.png,63__top,0.6968721747398376,0.7196307182312012,False
data/processed/cure_crops/63/top/customer/63_top_2798.png,63__top,0.7196598052978516,0.644887387752533,False
data/processed/cure_crops/63/top/customer/63_top_2799.png,63__top,0.6910151243209839,0.7069861888885498,False
data/processed/cure_crops/63/top/customer/63_top_2800.png,63__top,0.6402290463447571,0.6969772577285767,False
data/processed/cure_crops/63/top/customer/63_top_2801.png,63__top,0.7391166687011719,0.7009641528129578,False
data/processed/cure_crops/63/top/customer/63_top_2802.png,63__top,0.7503127455711365,0.727717936038971,False
data/processed/cure_crops/63/top/customer/63_top_2803.png,63__top,0.6734920740127563,0.6956747770309448,False
data/processed/cure_crops/63/top/customer/63_top_2804.png,63__top,0.7167410850524902,0.699889063835144,False
data/processed/cure_crops/63/top/customer/63_top_2805.png,63__top,0.7005754709243774,0.6927934885025024,False
data/processed/cure_crops/63/top/customer/63_top_2806.png,63__top,0.7435976266860962,0.7122031450271606,False
data/processed/cure_crops/63/top/customer/63_top_2807.png,63__top,0.7249554395675659,0.7724412083625793,False
data/processed/cure_crops/63/top/customer/63_top_2808.png,63__top,0.733982503414154,0.7191838026046753,False
data/processed/cure_crops/63/top/customer/63_top_2809.png,63__top,0.7382080554962158,0.6995003819465637,False
data/processed/cure_crops/63/top/customer/63_top_2810.png,63__top,0.7626937031745911,0.6653406023979187,False
data/processed/cure_crops/63/top/customer/63_top_2811.png,63__top,0.7770565152168274,0.6982013583183289,False
data/processed/cure_crops/64/bottom/customer/64_bottom_2846.png,64__bottom,0.7102513909339905,0.6546424031257629,False
data/processed/cure_crops/64/bottom/customer/64_bottom_2847.png,64__bottom,0.6991058588027954,0.6548063158988953,False
data/processed/cure_crops/64/bottom/customer/64_bottom_2848.png,64__bottom,0.6942286491394043,0.5989326238632202,False
data/processed/cure_crops/64/bottom/customer/64_bottom_2849.png,64__bottom,0.8059917688369751,0.8432155847549438,False
data/processed/cure_crops/64/bottom/customer/64_bottom_2850.png,64__bottom,0.7886306047439575,0.6122158765792847,False
data/processed/cure_crops/64/bottom/customer/64_bottom_2851.png,64__bottom,0.70600426197052,0.7632136344909668,False
data/processed/cure_crops/64/bottom/customer/64_bottom_2852.png,64__bottom,0.6433758735656738,0.6251871585845947,False
data/processed/cure_crops/64/bottom/customer/64_bottom_2853.png,64__bottom,0.6716581583023071,0.6048072576522827,False
data/processed/cure_crops/64/bottom/customer/64_bottom_2854.png,64__bottom,0.6777341365814209,0.6238818168640137,False
data/processed/cure_crops/64/bottom/customer/64_bottom_2855.png,64__bottom,0.7442330718040466,0.6518101096153259,False
data/processed/cure_crops/64/bottom/customer/64_bottom_2856.png,64__bottom,0.7376196980476379,0.6713359951972961,False
data/processed/cure_crops/64/bottom/customer/64_bottom_2857.png,64__bottom,0.692118763923645,0.6471385955810547,False
data/processed/cure_crops/64/top/customer/64_top_2834.png,64__top,0.6795700192451477,0.6698882579803467,False
data/processed/cure_crops/64/top/customer/64_top_2835.png,64__top,0.752303421497345,0.6418782472610474,False
data/processed/cure_crops/64/top/customer/64_top_2836.png,64__top,0.775505781173706,0.7122859954833984,False
data/processed/cure_crops/64/top/customer/64_top_2837.png,64__top,0.8299964666366577,0.8310989141464233,False
data/processed/cure_crops/64/top/customer/64_top_2838.png,64__top,0.6272671222686768,0.7844840288162231,False
data/processed/cure_crops/64/top/customer/64_top_2839.png,64__top,0.7697145938873291,0.8134101629257202,False
data/processed/cure_crops/64/top/customer/64_top_2840.png,64__top,0.6885863542556763,0.7620261907577515,False
data/processed/cure_crops/64/top/customer/64_top_2841.png,64__top,0.7604420781135559,0.6442004442214966,False
data/processed/cure_crops/64/top/customer/64_top_2842.png,64__top,0.7332370281219482,0.7924699783325195,False
data/processed/cure_crops/64/top/customer/64_top_2843.png,64__top,0.7968629002571106,0.6855095028877258,False
data/processed/cure_crops/64/top/customer/64_top_2844.png,64__top,0.6395373344421387,0.5458372235298157,False
data/processed/cure_crops/64/top/customer/64_top_2845.png,64__top,0.7421177625656128,0.6523113250732422,False
data/processed/cure_crops/65/bottom/customer/65_bottom_2882.png,65__bottom,0.6867966651916504,0.6506668925285339,False
data/processed/cure_crops/65/bottom/customer/65_bottom_2883.png,65__bottom,0.7139722108840942,0.6183708906173706,False
data/processed/cure_crops/65/bottom/customer/65_bottom_2884.png,65__bottom,0.7328956127166748,0.7356040477752686,False
data/processed/cure_crops/65/bottom/customer/65_bottom_2885.png,65__bottom,0.6705167293548584,0.7584195733070374,False
data/processed/cure_crops/65/bottom/customer/65_bottom_2886.png,65__bottom,0.725081205368042,0.8396880626678467,False
data/processed/cure_crops/65/bottom/customer/65_bottom_2887.png,65__bottom,0.7140181660652161,0.7860593795776367,False
data/processed/cure_crops/65/bottom/customer/65_bottom_2888.png,65__bottom,0.6358872652053833,0.664799153804779,False
data/processed/cure_crops/65/bottom/customer/65_bottom_2889.png,65__bottom,0.7264523506164551,0.7800050973892212,False
data/processed/cure_crops/65/bottom/customer/65_bottom_2890.png,65__bottom,0.6525290012359619,0.7347033023834229,False
data/processed/cure_crops/65/bottom/customer/65_bottom_2891.png,65__bottom,0.6387054920196533,0.6852098703384399,False
data/processed/cure_crops/65/bottom/customer/65_bottom_2892.png,65__bottom,0.6077604293823242,0.597044050693512,False
data/processed/cure_crops/65/bottom/customer/65_bottom_2893.png,65__bottom,0.5683056116104126,0.6950935125350952,False
data/processed/cure_crops/65/bottom/customer/65_bottom_2894.png,65__bottom,0.7390154600143433,0.625232994556427,False
data/processed/cure_crops/65/bottom/customer/65_bottom_2895.png,65__bottom,0.72725909948349,0.5770150423049927,False
data/processed/cure_crops/65/bottom/customer/65_bottom_2896.png,65__bottom,0.7259705662727356,0.4748528301715851,False
data/processed/cure_crops/65/bottom/customer/65_bottom_2897.png,65__bottom,0.763451099395752,0.6274219751358032,False
data/processed/cure_crops/65/bottom/customer/65_bottom_2898.png,65__bottom,0.7412489652633667,0.6613923907279968,False
data/processed/cure_crops/65/bottom/customer/65_bottom_2899.png,65__bottom,0.7606203556060791,0.5933181643486023,False
data/processed/cure_crops/65/bottom/customer/65_bottom_2900.png,65__bottom,0.753677487373352,0.5833470821380615,False
data/processed/cure_crops/65/bottom/customer/65_bottom_2901.png,65__bottom,0.7307773232460022,0.6954711079597473,False
data/processed/cure_crops/65/bottom/customer/65_bottom_2902.png,65__bottom,0.7294743657112122,0.5211031436920166,False
data/processed/cure_crops/65/top/customer/65_top_2858.png,65__top,0.6999405026435852,0.6462470889091492,False
data/processed/cure_crops/65/top/customer/65_top_2859.png,65__top,0.6670130491256714,0.6012688875198364,False
data/processed/cure_crops/65/top/customer/65_top_2860.png,65__top,0.6780251860618591,0.7031576633453369,False
data/processed/cure_crops/65/top/customer/65_top_2861.png,65__top,0.6509484648704529,0.6615149974822998,False
data/processed/cure_crops/65/top/customer/65_top_2862.png,65__top,0.6878926753997803,0.850429117679596,False
data/processed/cure_crops/65/top/customer/65_top_2863.png,65__top,0.7169631719589233,0.8850547075271606,False
data/processed/cure_crops/65/top/customer/65_top_2864.png,65__top,0.48800128698349,0.5251731872558594,False
data/processed/cure_crops/65/top/customer/65_top_2865.png,65__top,0.6614822149276733,0.7365441918373108,False
data/processed/cure_crops/65/top/customer/65_top_2866.png,65__top,0.6126939058303833,0.7182151079177856,False
data/processed/cure_crops/65/top/customer/65_top_2867.png,65__top,0.6275379657745361,0.6444519758224487,False
data/processed/cure_crops/65/top/customer/65_top_2868.png,65__top,0.5979295969009399,0.6372984051704407,False
data/processed/cure_crops/65/top/customer/65_top_2869.png,65__top,0.6297023296356201,0.6315955519676208,False
data/processed/cure_crops/65/top/customer/65_top_2870.png,65__top,0.747809648513794,0.6785014867782593,False
data/processed/cure_crops/65/top/customer/65_top_2871.png,65__top,0.4992435574531555,0.5564966797828674,False
data/processed/cure_crops/65/top/customer/65_top_2872.png,65__top,0.7497385740280151,0.6855112314224243,False
data/processed/cure_crops/65/top/customer/65_top_2873.png,65__top,0.7350480556488037,0.6783741116523743,False
data/processed/cure_crops/65/top/customer/65_top_2874.png,65__top,0.7558035850524902,0.6969730257987976,False
data/processed/cure_crops/65/top/customer/65_top_2875.png,65__top,0.7348644733428955,0.6916883587837219,False
data/processed/cure_crops/65/top/customer/65_top_2876.png,65__top,0.7404338121414185,0.6107391715049744,False
data/processed/cure_crops/65/top/customer/65_top_2877.png,65__top,0.7604840397834778,0.6932077407836914,False
data/processed/cure_crops/65/top/customer/65_top_2878.png,65__top,0.6950206756591797,0.7089471817016602,False
data/processed/cure_crops/65/top/customer/65_top_2879.png,65__top,0.7328959703445435,0.6653828620910645,False
data/processed/cure_crops/65/top/customer/65_top_2880.png,65__top,0.7640249133110046,0.6492128372192383,False
data/processed/cure_crops/65/top/customer/65_top_2881.png,65__top,0.6952182054519653,0.6371104121208191,False
data/processed/cure_crops/66/bottom/customer/66_bottom_2925.png,66__bottom,0.5583817958831787,0.6093765497207642,False
data/processed/cure_crops/66/bottom/customer/66_bottom_2926.png,66__bottom,0.5597732067108154,0.5824584364891052,False
data/processed/cure_crops/66/bottom/customer/66_bottom_2927.png,66__bottom,0.6483569741249084,0.6309506893157959,False
data/processed/cure_crops/66/bottom/customer/66_bottom_2928.png,66__bottom,0.6084390878677368,0.6232889890670776,False
data/processed/cure_crops/66/bottom/customer/66_bottom_2929.png,66__bottom,0.5268886089324951,0.5677186250686646,False
data/processed/cure_crops/66/bottom/customer/66_bottom_2930.png,66__bottom,0.7174853086471558,0.6221026182174683,False
data/processed/cure_crops/66/bottom/customer/66_bottom_2931.png,66__bottom,0.5695314407348633,0.45848244428634644,False
data/processed/cure_crops/66/bottom/customer/66_bottom_2932.png,66__bottom,0.5492324829101562,0.49725037813186646,False
data/processed/cure_crops/66/bottom/customer/66_bottom_2933.png,66__bottom,0.5682660341262817,0.5695360898971558,False
data/processed/cure_crops/66/bottom/customer/66_bottom_2934.png,66__bottom,0.5933911800384521,0.45709216594696045,False
data/processed/cure_crops/66/bottom/customer/66_bottom_2935.png,66__bottom,0.5587093830108643,0.6037317514419556,False
data/processed/cure_crops/66/bottom/customer/66_bottom_2936.png,66__bottom,0.6025214791297913,0.590805172920227,False
data/processed/cure_crops/66/bottom/customer/66_bottom_2937.png,66__bottom,0.7021834254264832,0.5739609003067017,False
data/processed/cure_crops/66/bottom/customer/66_bottom_2938.png,66__bottom,0.5445308685302734,0.5717336535453796,False
data/processed/cure_crops/66/bottom/customer/66_bottom_2939.png,66__bottom,0.6171828508377075,0.5482642650604248,False
data/processed/cure_crops/66/bottom/customer/66_bottom_2940.png,66__bottom,0.606727659702301,0.5837913751602173,False
data/processed/cure_crops/66/bottom/customer/66_bottom_2941.png,66__bottom,0.6624531745910645,0.5692682862281799,False
data/processed/cure_crops/66/bottom/customer/66_bottom_2942.png,66__bottom,0.5593299865722656,0.5227635502815247,False
data/processed/cure_crops/66/bottom/customer/66_bottom_2943.png,66__bottom,0.586627721786499,0.6057655811309814,False
data/processed/cure_crops/66/bottom/customer/66_bottom_2944.png,66__bottom,0.6297614574432373,0.5962744355201721,False
data/processed/cure_crops/66/bottom/customer/66_bottom_2945.png,66__bottom,0.6292374134063721,0.5901801586151123,False
data/processed/cure_crops/66/bottom/customer/66_bottom_2946.png,66__bottom,0.6187644004821777,0.5887688994407654,False
data/processed/cure_crops/66/top/customer/66_top_2903.png,66__top,0.5682163238525391,0.7035510540008545,False
data/processed/cure_crops/66/top/customer/66_top_2904.png,66__top,0.5119225978851318,0.6858201026916504,False
data/processed/cure_crops/66/top/customer/66_top_2905.png,66__top,0.6568512916564941,0.759824275970459,False
data/processed/cure_crops/66/top/customer/66_top_2906.png,66__top,0.5817630290985107,0.7357088327407837,False
data/processed/cure_crops/66/top/customer/66_top_2907.png,66__top,0.7506051063537598,0.7847307920455933,False
data/processed/cure_crops/66/top/customer/66_top_2908.png,66__top,0.7505287528038025,0.7525293231010437,False
data/processed/cure_crops/66/top/customer/66_top_2909.png,66__top,0.6324403285980225,0.760034441947937,False
data/processed/cure_crops/66/top/customer/66_top_2910.png,66__top,0.7401082515716553,0.7407363653182983,False
data/processed/cure_crops/66/top/customer/66_top_2911.png,66__top,0.5201687812805176,0.7047437429428101,False
data/processed/cure_crops/66/top/customer/66_top_2912.png,66__top,0.6309926509857178,0.7045167684555054,False
data/processed/cure_crops/66/top/customer/66_top_2913.png,66__top,0.5918596982955933,0.6762115955352783,False
data/processed/cure_crops/66/top/customer/66_top_2914.png,66__top,0.5824838280677795,0.6410911083221436,False
data/processed/cure_crops/66/top/customer/66_top_2915.png,66__top,0.7216475009918213,0.7043302059173584,False
data/processed/cure_crops/66/top/customer/66_top_2916.png,66__top,0.6345407962799072,0.6547143459320068,False
data/processed/cure_crops/66/top/customer/66_top_2917.png,66__top,0.5635796189308167,0.6601043343544006,False
data/processed/cure_crops/66/top/customer/66_top_2918.png,66__top,0.7272511720657349,0.6363056898117065,False
data/processed/cure_crops/66/top/customer/66_top_2919.png,66__top,0.7719034552574158,0.6880718469619751,False
data/processed/cure_crops/66/top/customer/66_top_2920.png,66__top,0.6729302406311035,0.6581125259399414,False
data/processed/cure_crops/66/top/customer/66_top_2921.png,66__top,0.7161900997161865,0.6497535705566406,False
data/processed/cure_crops/66/top/customer/66_top_2922.png,66__top,0.47131508588790894,0.4125746190547943,False
data/processed/cure_crops/66/top/customer/66_top_2923.png,66__top,0.7465583086013794,0.7043370604515076,False
data/processed/cure_crops/66/top/customer/66_top_2924.png,66__top,0.5354278683662415,0.6227679252624512,False
data/processed/cure_crops/67/bottom/customer/67_bottom_2959.png,67__bottom,0.6129604578018188,0.6684321165084839,False
data/processed/cure_crops/67/bottom/customer/67_bottom_2960.png,67__bottom,0.6238474249839783,0.6666189432144165,False
data/processed/cure_crops/67/bottom/customer/67_bottom_2961.png,67__bottom,0.6164387464523315,0.701494574546814,False
data/processed/cure_crops/67/bottom/customer/67_bottom_2962.png,67__bottom,0.6644841432571411,0.8178732395172119,False
data/processed/cure_crops/67/bottom/customer/67_bottom_2963.png,67__bottom,0.5850298404693604,0.6880604028701782,False
data/processed/cure_crops/67/bottom/customer/67_bottom_2964.png,67__bottom,0.6080359220504761,0.6858388185501099,False
data/processed/cure_crops/67/bottom/customer/67_bottom_2965.png,67__bottom,0.4079653024673462,0.5629260540008545,False
data/processed/cure_crops/67/bottom/customer/67_bottom_2966.png,67__bottom,0.6077643036842346,0.4845331311225891,False
data/processed/cure_crops/67/bottom/customer/67_bottom_2967.png,67__bottom,0.580297589302063,0.5998398065567017,False
data/processed/cure_crops/67/bottom/customer/67_bottom_2968.png,67__bottom,0.42601141333580017,0.5936019420623779,False
data/processed/cure_crops/67/bottom/customer/67_bottom_2969.png,67__bottom,0.4423690438270569,0.631066083908081,False
data/processed/cure_crops/67/bottom/customer/67_bottom_2970.png,67__bottom,0.4381875991821289,0.6003800630569458,False
data/processed/cure_crops/67/top/customer/67_top_2947.png,67__top,0.7258950471878052,0.6606770157814026,False
data/processed/cure_crops/67/top/customer/67_top_2948.png,67__top,0.6216937303543091,0.6259263753890991,False
data/processed/cure_crops/67/top/customer/67_top_2949.png,67__top,0.6730707287788391,0.7287991046905518,False
data/processed/cure_crops/67/top/customer/67_top_2950.png,67__top,0.7452345490455627,0.8314077854156494,False
data/processed/cure_crops/67/top/customer/67_top_2951.png,67__top,0.771956205368042,0.7775657176971436,False
data/processed/cure_crops/67/top/customer/67_top_2952.png,67__top,0.7596100568771362,0.804362416267395,False
data/processed/cure_crops/67/top/customer/67_top_2953.png,67__top,0.6633697748184204,0.7458122968673706,False
data/processed/cure_crops/67/top/customer/67_top_2954.png,67__top,0.5780621767044067,0.7177730798721313,False
data/processed/cure_crops/67/top/customer/67_top_2955.png,67__top,0.5850050449371338,0.7480789422988892,False
data/processed/cure_crops/67/top/customer/67_top_2956.png,67__top,0.5584136247634888,0.6976531147956848,False
data/processed/cure_crops/67/top/customer/67_top_2957.png,67__top,0.5990376472473145,0.7015100121498108,False
data/processed/cure_crops/67/top/customer/67_top_2958.png,67__top,0.66957026720047,0.7347762584686279,False
data/processed/cure_crops/68/bottom/customer/68_bottom_2992.png,68__bottom,0.4766802191734314,0.7232352495193481,False
data/processed/cure_crops/68/bottom/customer/68_bottom_2993.png,68__bottom,0.5459293127059937,0.7754781246185303,False
data/processed/cure_crops/68/bottom/customer/68_bottom_2994.png,68__bottom,0.4944128394126892,0.7007287740707397,False
data/processed/cure_crops/68/bottom/customer/68_bottom_2995.png,68__bottom,0.5960372686386108,0.7608138918876648,False
data/processed/cure_crops/68/bottom/customer/68_bottom_2996.png,68__bottom,0.4841330647468567,0.7662001848220825,False
data/processed/cure_crops/68/bottom/customer/68_bottom_2997.png,68__bottom,0.5031161308288574,0.7964223623275757,False
data/processed/cure_crops/68/bottom/customer/68_bottom_2998.png,68__bottom,0.646833062171936,0.6753174066543579,False
data/processed/cure_crops/68/bottom/customer/68_bottom_2999.png,68__bottom,0.5123178958892822,0.7001632452011108,False
data/processed/cure_crops/68/bottom/customer/68_bottom_3000.png,68__bottom,0.42072758078575134,0.7060867547988892,False
data/processed/cure_crops/68/bottom/customer/68_bottom_3001.png,68__bottom,0.5426650047302246,0.46099773049354553,False
data/processed/cure_crops/68/bottom/customer/68_bottom_3002.png,68__bottom,0.5696251392364502,0.48033469915390015,False
data/processed/cure_crops/68/bottom/customer/68_bottom_3003.png,68__bottom,0.5544097423553467,0.4918382167816162,False
data/processed/cure_crops/68/bottom/customer/68_bottom_3004.png,68__bottom,0.6862421035766602,0.5355628728866577,False
data/processed/cure_crops/68/bottom/customer/68_bottom_3005.png,68__bottom,0.6799989938735962,0.5951684713363647,False
data/processed/cure_crops/68/bottom/customer/68_bottom_3006.png,68__bottom,0.6659032106399536,0.6627752780914307,False
data/processed/cure_crops/68/bottom/customer/68_bottom_3007.png,68__bottom,0.643811821937561,0.5787899494171143,False
data/processed/cure_crops/68/bottom/customer/68_bottom_3008.png,68__bottom,0.6641106605529785,0.6833199858665466,False
data/processed/cure_crops/68/bottom/customer/68_bottom_3009.png,68__bottom,0.6813929677009583,0.7001553177833557,False
data/processed/cure_crops/68/bottom/customer/68_bottom_3010.png,68__bottom,0.670195996761322,0.7229921817779541,False
data/processed/cure_crops/68/bottom/customer/68_bottom_3011.png,68__bottom,0.6727725267410278,0.6848911046981812,False
data/processed/cure_crops/68/top/customer/68_top_2971.png,68__top,0.6183816194534302,0.7909576892852783,False
data/processed/cure_crops/68/top/customer/68_top_2972.png,68__top,0.642151951789856,0.844308078289032,False
data/processed/cure_crops/68/top/customer/68_top_2973.png,68__top,0.6303576231002808,0.8518282771110535,False
data/processed/cure_crops/68/top/customer/68_top_2974.png,68__top,0.6557405591011047,0.8607203364372253,False
data/processed/cure_crops/68/top/customer/68_top_2975.png,68__top,0.6478560566902161,0.783246636390686,False
data/processed/cure_crops/68/top/customer/68_top_2976.png,68__top,0.7004929780960083,0.828113317489624,False
data/processed/cure_crops/68/top/customer/68_top_2977.png,68__top,0.5736464262008667,0.7813743948936462,False
data/processed/cure_crops/68/top/customer/68_top_2978.png,68__top,0.6027221083641052,0.7668256163597107,False
data/processed/cure_crops/68/top/customer/68_top_2979.png,68__top,0.5535867214202881,0.5863046646118164,False
data/processed/cure_crops/68/top/customer/68_top_2980.png,68__top,0.6335880160331726,0.7033119201660156,False
data/processed/cure_crops/68/top/customer/68_top_2981.png,68__top,0.5800619721412659,0.5000990629196167,False
data/processed/cure_crops/68/top/customer/68_top_2982.png,68__top,0.6756201386451721,0.671059250831604,False
data/processed/cure_crops/68/top/customer/68_top_2983.png,68__top,0.7372109889984131,0.6918389797210693,False
data/processed/cure_crops/68/top/customer/68_top_2984.png,68__top,0.7553302645683289,0.7249284982681274,False
data/processed/cure_crops/68/top/customer/68_top_2985.png,68__top,0.719872236251831,0.5477714538574219,False
data/processed/cure_crops/68/top/customer/68_top_2986.png,68__top,0.6886175274848938,0.6048270463943481,False
data/processed/cure_crops/68/top/customer/68_top_2987.png,68__top,0.7199081778526306,0.6680969595909119,False
data/processed/cure_crops/68/top/customer/68_top_2988.png,68__top,0.7395854592323303,0.7562845349311829,False
data/processed/cure_crops/68/top/customer/68_top_2989.png,68__top,0.7418956160545349,0.7824406623840332,False
data/processed/cure_crops/68/top/customer/68_top_2990.png,68__top,0.732046365737915,0.7772322297096252,False
data/processed/cure_crops/68/top/customer/68_top_2991.png,68__top,0.7318809032440186,0.8005683422088623,False
data/processed/cure_crops/69/bottom/customer/69_bottom_3032.png,69__bottom,0.629897952079773,0.7573387026786804,False
data/processed/cure_crops/69/bottom/customer/69_bottom_3033.png,69__bottom,0.7485793828964233,0.746371865272522,False
data/processed/cure_crops/69/bottom/customer/69_bottom_3034.png,69__bottom,0.6152608394622803,0.7005834579467773,False
data/processed/cure_crops/69/bottom/customer/69_bottom_3035.png,69__bottom,0.6241364479064941,0.6845663189888,False
data/processed/cure_crops/69/bottom/customer/69_bottom_3036.png,69__bottom,0.751275897026062,0.7219359874725342,False
data/processed/cure_crops/69/bottom/customer/69_bottom_3037.png,69__bottom,0.43922343850135803,0.6669027805328369,False
data/processed/cure_crops/69/bottom/customer/69_bottom_3038.png,69__bottom,0.6430280804634094,0.7432173490524292,False
data/processed/cure_crops/69/bottom/customer/69_bottom_3039.png,69__bottom,0.618789553642273,0.6886980533599854,False
data/processed/cure_crops/69/bottom/customer/69_bottom_3040.png,69__bottom,0.7985334396362305,0.7874537706375122,False
data/processed/cure_crops/69/bottom/customer/69_bottom_3041.png,69__bottom,0.6182204484939575,0.6506848335266113,False
data/processed/cure_crops/69/bottom/customer/69_bottom_3042.png,69__bottom,0.6459956169128418,0.6217864751815796,False
data/processed/cure_crops/69/bottom/customer/69_bottom_3043.png,69__bottom,0.5815118551254272,0.675931453704834,False
data/processed/cure_crops/69/bottom/customer/69_bottom_3044.png,69__bottom,0.5144782066345215,0.5886061191558838,False
data/processed/cure_crops/69/bottom/customer/69_bottom_3045.png,69__bottom,0.574913501739502,0.6744345426559448,False
data/processed/cure_crops/69/bottom/customer/69_bottom_3046.png,69__bottom,0.8162326812744141,0.8273319005966187,False
data/processed/cure_crops/69/bottom/customer/69_bottom_3047.png,69__bottom,0.48741835355758667,0.5638478994369507,False
data/processed/cure_crops/69/bottom/customer/69_bottom_3048.png,69__bottom,0.4949890673160553,0.5496796369552612,False
data/processed/cure_crops/69/bottom/customer/69_bottom_3049.png,69__bottom,0.7837963700294495,0.7708330750465393,False
data/processed/cure_crops/69/bottom/customer/69_bottom_3050.png,69__bottom,0.5832716822624207,0.6150171756744385,False
data/processed/cure_crops/69/bottom/customer/69_bottom_3051.png,69__bottom,0.825635552406311,0.8256173133850098,False
data/processed/cure_crops/69/bottom/customer/69_bottom_3052.png,69__bottom,0.4804820418357849,0.590342104434967,False
data/processed/cure_crops/69/bottom/customer/69_bottom_3053.png,69__bottom,0.5333598852157593,0.593564510345459,False
data/processed/cure_crops/69/top/customer/69_top_3012.png,69__top,0.6119691133499146,0.6503843665122986,False
data/processed/cure_crops/69/top/customer/69_top_3013.png,69__top,0.4915900230407715,0.6870553493499756,False
data/processed/cure_crops/69/top/customer/69_top_3014.png,69__top,0.6302932500839233,0.6852840185165405,False
data/processed/cure_crops/69/top/customer/69_top_3015.png,69__top,0.6109838485717773,0.706341564655304,False
data/processed/cure_crops/69/top/customer/69_top_3016.png,69__top,0.5503958463668823,0.7198439836502075,False
data/processed/cure_crops/69/top/customer/69_top_3017.png,69__top,0.5447922945022583,0.6789323091506958,False
data/processed/cure_crops/69/top/customer/69_top_3018.png,69__top,0.5871421694755554,0.6672468185424805,False
data/processed/cure_crops/69/top/customer/69_top_3019.png,69__top,0.559756338596344,0.6368364691734314,False
data/processed/cure_crops/69/top/customer/69_top_3020.png,69__top,0.6537251472473145,0.6328930854797363,False
data/processed/cure_crops/69/top/customer/69_top_3021.png,69__top,0.6193615794181824,0.6531652808189392,False
data/processed/cure_crops/69/top/customer/69_top_3022.png,69__top,0.7012918591499329,0.7831238508224487,False
data/processed/cure_crops/69/top/customer/69_top_3023.png,69__top,0.548958957195282,0.6587687730789185,False
data/processed/cure_crops/69/top/customer/69_top_3024.png,69__top,0.7263907194137573,0.6884734630584717,False
data/processed/cure_crops/69/top/customer/69_top_3025.png,69__top,0.7612050175666809,0.738273561000824,False
data/processed/cure_crops/69/top/customer/69_top_3026.png,69__top,0.5749021172523499,0.7199333310127258,False
data/processed/cure_crops/69/top/customer/69_top_3027.png,69__top,0.723689079284668,0.706358790397644,False
data/processed/cure_crops/69/top/customer/69_top_3028.png,69__top,0.749359667301178,0.7111137509346008,False
data/processed/cure_crops/69/top/customer/69_top_3029.png,69__top,0.6622430086135864,0.7460399866104126,False
data/processed/cure_crops/69/top/customer/69_top_3030.png,69__top,0.6916436553001404,0.7049468755722046,False
data/processed/cure_crops/69/top/customer/69_top_3031.png,69__top,0.6477184295654297,0.6827645301818848,False
data/processed/cure_crops/7/bottom/customer/7_bottom_314.png,7__bottom,0.8095216751098633,0.8565928936004639,False
data/processed/cure_crops/7/bottom/customer/7_bottom_317.png,7__bottom,0.8205293416976929,0.8602243661880493,False
data/processed/cure_crops/7/bottom/customer/7_bottom_319.png,7__bottom,0.7814335823059082,0.7036913633346558,False
data/processed/cure_crops/7/bottom/customer/7_bottom_320.png,7__bottom,0.7556068897247314,0.7006444334983826,False
data/processed/cure_crops/7/bottom/customer/7_bottom_321.png,7__bottom,0.6941198706626892,0.7172266244888306,False
data/processed/cure_crops/7/bottom/customer/7_bottom_322.png,7__bottom,0.7084813714027405,0.6770272254943848,False
data/processed/cure_crops/7/bottom/customer/7_bottom_323.png,7__bottom,0.7140120267868042,0.7180820107460022,False
data/processed/cure_crops/7/bottom/customer/7_bottom_324.png,7__bottom,0.7321768999099731,0.43525615334510803,False
data/processed/cure_crops/7/bottom/customer/7_bottom_325.png,7__bottom,0.740211009979248,0.5013347268104553,False
data/processed/cure_crops/7/bottom/customer/7_bottom_326.png,7__bottom,0.7044565677642822,0.5511379241943359,False
data/processed/cure_crops/7/bottom/customer/7_bottom_327.png,7__bottom,0.7126877307891846,0.5850828886032104,False
data/processed/cure_crops/7/bottom/customer/7_bottom_328.png,7__bottom,0.5880097150802612,0.4754946231842041,False
data/processed/cure_crops/7/bottom/customer/7_bottom_329.png,7__bottom,0.7131208181381226,0.4725186824798584,False
data/processed/cure_crops/7/bottom/customer/7_bottom_330.png,7__bottom,0.7001348733901978,0.5505557060241699,False
data/processed/cure_crops/7/bottom/customer/7_bottom_331.png,7__bottom,0.7139190435409546,0.5251437425613403,False
data/processed/cure_crops/7/bottom/customer/7_bottom_332.png,7__bottom,0.6713427901268005,0.531604528427124,False
data/processed/cure_crops/7/bottom/customer/7_bottom_333.png,7__bottom,0.7197366952896118,0.4898853898048401,False
data/processed/cure_crops/7/bottom/customer/7_bottom_334.png,7__bottom,0.6931957006454468,0.5601495504379272,False
data/processed/cure_crops/7/bottom/customer/7_bottom_335.png,7__bottom,0.7035976648330688,0.5970203280448914,False
data/processed/cure_crops/7/bottom/customer/7_bottom_336.png,7__bottom,0.6639084815979004,0.5076981782913208,False
data/processed/cure_crops/7/bottom/customer/7_bottom_337.png,7__bottom,0.7031726241111755,0.5322253704071045,False
data/processed/cure_crops/7/bottom/customer/7_bottom_338.png,7__bottom,0.724683940410614,0.589563250541687,False
data/processed/cure_crops/7/top/customer/7_top_293.png,7__top,0.8770275115966797,0.8368856906890869,False
data/processed/cure_crops/7/top/customer/7_top_294.png,7__top,0.8400423526763916,0.8298403024673462,False
data/processed/cure_crops/7/top/customer/7_top_295.png,7__top,0.8173377513885498,0.7990347743034363,False
data/processed/cure_crops/7/top/customer/7_top_296.png,7__top,0.8155182600021362,0.7673638463020325,False
data/processed/cure_crops/7/top/customer/7_top_297.png,7__top,0.7777267694473267,0.8143762350082397,False
data/processed/cure_crops/7/top/customer/7_top_298.png,7__top,0.7803127765655518,0.823532223701477,False
data/processed/cure_crops/7/top/customer/7_top_299.png,7__top,0.7478493452072144,0.7948222160339355,False
data/processed/cure_crops/7/top/customer/7_top_300.png,7__top,0.6962394714355469,0.7401025295257568,False
data/processed/cure_crops/7/top/customer/7_top_301.png,7__top,0.7379682660102844,0.7339558601379395,False
data/processed/cure_crops/7/top/customer/7_top_303.png,7__top,0.7431174516677856,0.7080010175704956,False
data/processed/cure_crops/7/top/customer/7_top_304.png,7__top,0.7591000199317932,0.750269889831543,False
data/processed/cure_crops/7/top/customer/7_top_305.png,7__top,0.7506030797958374,0.7768481969833374,False
data/processed/cure_crops/7/top/customer/7_top_306.png,7__top,0.7456465363502502,0.7566534280776978,False
data/processed/cure_crops/7/top/customer/7_top_307.png,7__top,0.752182126045227,0.7204951643943787,False
data/processed/cure_crops/7/top/customer/7_top_308.png,7__top,0.748674213886261,0.7387522459030151,False
data/processed/cure_crops/7/top/customer/7_top_309.png,7__top,0.7599818706512451,0.7764819860458374,False
data/processed/cure_crops/7/top/customer/7_top_310.png,7__top,0.7786871194839478,0.7721207141876221,False
data/processed/cure_crops/7/top/customer/7_top_311.png,7__top,0.7650883197784424,0.7537534236907959,False
data/processed/cure_crops/7/top/customer/7_top_312.png,7__top,0.749125063419342,0.7557048797607422,False
data/processed/cure_crops/7/top/customer/7_top_313.png,7__top,0.7598061561584473,0.7147056460380554,False
data/processed/cure_crops/70/bottom/customer/70_bottom_3076.png,70__bottom,0.692724347114563,0.7434708476066589,False
data/processed/cure_crops/70/bottom/customer/70_bottom_3077.png,70__bottom,0.6784930229187012,0.7063114643096924,False
data/processed/cure_crops/70/bottom/customer/70_bottom_3078.png,70__bottom,0.7142239809036255,0.7674729228019714,False
data/processed/cure_crops/70/bottom/customer/70_bottom_3079.png,70__bottom,0.6677546501159668,0.8173635601997375,False
data/processed/cure_crops/70/bottom/customer/70_bottom_3080.png,70__bottom,0.6751958131790161,0.7961692214012146,False
data/processed/cure_crops/70/bottom/customer/70_bottom_3081.png,70__bottom,0.7730433940887451,0.8294099569320679,False
data/processed/cure_crops/70/bottom/customer/70_bottom_3082.png,70__bottom,0.6048511266708374,0.524410605430603,False
data/processed/cure_crops/70/bottom/customer/70_bottom_3083.png,70__bottom,0.6149551868438721,0.6233342885971069,False
data/processed/cure_crops/70/bottom/customer/70_bottom_3084.png,70__bottom,0.6353156566619873,0.5747236609458923,False
data/processed/cure_crops/70/bottom/customer/70_bottom_3085.png,70__bottom,0.7725629806518555,0.7064249515533447,False
data/processed/cure_crops/70/bottom/customer/70_bottom_3086.png,70__bottom,0.6961551904678345,0.7025827169418335,False
data/processed/cure_crops/70/bottom/customer/70_bottom_3087.png,70__bottom,0.6860238313674927,0.5862504243850708,False
data/processed/cure_crops/70/bottom/customer/70_bottom_3088.png,70__bottom,0.6881332397460938,0.4614827036857605,False
data/processed/cure_crops/70/bottom/customer/70_bottom_3089.png,70__bottom,0.728258490562439,0.586002767086029,False
data/processed/cure_crops/70/bottom/customer/70_bottom_3090.png,70__bottom,0.7107936143875122,0.5133169889450073,False
data/processed/cure_crops/70/bottom/customer/70_bottom_3091.png,70__bottom,0.7104878425598145,0.5711796283721924,False
data/processed/cure_crops/70/bottom/customer/70_bottom_3092.png,70__bottom,0.7195996046066284,0.3826276957988739,False
data/processed/cure_crops/70/bottom/customer/70_bottom_3093.png,70__bottom,0.717923641204834,0.5768402814865112,False
data/processed/cure_crops/70/bottom/customer/70_bottom_3094.png,70__bottom,0.7392402291297913,0.5440303087234497,False
data/processed/cure_crops/70/bottom/customer/70_bottom_3095.png,70__bottom,0.7229455709457397,0.5341286063194275,False
data/processed/cure_crops/70/bottom/customer/70_bottom_3096.png,70__bottom,0.7257473468780518,0.5568395853042603,False
data/processed/cure_crops/70/top/customer/70_top_3054.png,70__top,0.7363691926002502,0.7281475067138672,False
data/processed/cure_crops/70/top/customer/70_top_3055.png,70__top,0.7378515005111694,0.787377119064331,False
data/processed/cure_crops/70/top/customer/70_top_3056.png,70__top,0.6646218299865723,0.7744885683059692,False
data/processed/cure_crops/70/top/customer/70_top_3057.png,70__top,0.7398262023925781,0.8462417125701904,False
data/processed/cure_crops/70/top/customer/70_top_3058.png,70__top,0.7220816612243652,0.7557917833328247,False
data/processed/cure_crops/70/top/customer/70_top_3059.png,70__top,0.6695042252540588,0.8008373975753784,False
data/processed/cure_crops/70/top/customer/70_top_3060.png,70__top,0.4951799213886261,0.7131589651107788,False
data/processed/cure_crops/70/top/customer/70_top_3061.png,70__top,0.5228650569915771,0.7571723461151123,False
data/processed/cure_crops/70/top/customer/70_top_3062.png,70__top,0.5053708553314209,0.7715035676956177,False
data/processed/cure_crops/70/top/customer/70_top_3063.png,70__top,0.6193873882293701,0.6823290586471558,False
data/processed/cure_crops/70/top/customer/70_top_3064.png,70__top,0.5918877720832825,0.6601266264915466,False
data/processed/cure_crops/70/top/customer/70_top_3065.png,70__top,0.6533268690109253,0.6179797649383545,False
data/processed/cure_crops/70/top/customer/70_top_3066.png,70__top,0.7698280811309814,0.6096678972244263,False
data/processed/cure_crops/70/top/customer/70_top_3067.png,70__top,0.7804743051528931,0.6220393180847168,False
data/processed/cure_crops/70/top/customer/70_top_3068.png,70__top,0.7344846129417419,0.5415806174278259,False
data/processed/cure_crops/70/top/customer/70_top_3069.png,70__top,0.7200560569763184,0.6550778150558472,False
data/processed/cure_crops/70/top/customer/70_top_3070.png,70__top,0.632685661315918,0.5354052782058716,False
data/processed/cure_crops/70/top/customer/70_top_3071.png,70__top,0.7419720888137817,0.5732153654098511,False
data/processed/cure_crops/70/top/customer/70_top_3072.png,70__top,0.646975040435791,0.6036592125892639,False
data/processed/cure_crops/70/top/customer/70_top_3073.png,70__top,0.7579686641693115,0.6157575249671936,False
data/processed/cure_crops/70/top/customer/70_top_3074.png,70__top,0.771998405456543,0.6104570627212524,False
data/processed/cure_crops/70/top/customer/70_top_3075.png,70__top,0.7498973608016968,0.513916552066803,False
data/processed/cure_crops/71/bottom/customer/71_bottom_3118.png,71__bottom,0.6023757457733154,0.5679311752319336,False
data/processed/cure_crops/71/bottom/customer/71_bottom_3119.png,71__bottom,0.5918452143669128,0.5748199224472046,False
data/processed/cure_crops/71/bottom/customer/71_bottom_3120.png,71__bottom,0.5759277939796448,0.5555707812309265,False
data/processed/cure_crops/71/bottom/customer/71_bottom_3121.png,71__bottom,0.6852400302886963,0.707373857498169,False
data/processed/cure_crops/71/bottom/customer/71_bottom_3122.png,71__bottom,0.708871603012085,0.5964164733886719,False
data/processed/cure_crops/71/bottom/customer/71_bottom_3123.png,71__bottom,0.6536545157432556,0.7321816682815552,False
data/processed/cure_crops/71/bottom/customer/71_bottom_3124.png,71__bottom,0.6779061555862427,0.6688910722732544,False
data/processed/cure_crops/71/bottom/customer/71_bottom_3125.png,71__bottom,0.7465909719467163,0.6424757838249207,False
data/processed/cure_crops/71/bottom/customer/71_bottom_3126.png,71__bottom,0.6918007135391235,0.6457434892654419,False
data/processed/cure_crops/71/bottom/customer/71_bottom_3127.png,71__bottom,0.7349879741668701,0.6527591347694397,False
data/processed/cure_crops/71/bottom/customer/71_bottom_3128.png,71__bottom,0.6275466084480286,0.5839588642120361,False
data/processed/cure_crops/71/bottom/customer/71_bottom_3129.png,71__bottom,0.591951310634613,0.6412692070007324,False
data/processed/cure_crops/71/bottom/customer/71_bottom_3130.png,71__bottom,0.7093158960342407,0.5938027501106262,False
data/processed/cure_crops/71/bottom/customer/71_bottom_3131.png,71__bottom,0.6690714955329895,0.5569536685943604,False
data/processed/cure_crops/71/bottom/customer/71_bottom_3132.png,71__bottom,0.6273135542869568,0.5247528553009033,False
data/processed/cure_crops/71/bottom/customer/71_bottom_3133.png,71__bottom,0.7718193531036377,0.640424370765686,False
data/processed/cure_crops/71/bottom/customer/71_bottom_3134.png,71__bottom,0.7195485830307007,0.577008843421936,False
data/processed/cure_crops/71/bottom/customer/71_bottom_3135.png,71__bottom,0.7573522329330444,0.6423025131225586,False
data/processed/cure_crops/71/bottom/customer/71_bottom_3136.png,71__bottom,0.7638351321220398,0.5927935838699341,False
data/processed/cure_crops/71/bottom/customer/71_bottom_3137.png,71__bottom,0.6063277721405029,0.5517635941505432,False
data/processed/cure_crops/71/bottom/customer/71_bottom_3138.png,71__bottom,0.6909824013710022,0.641242504119873,False
data/processed/cure_crops/71/top/customer/71_top_3097.png,71__top,0.7253380417823792,0.655651330947876,False
data/processed/cure_crops/71/top/customer/71_top_3098.png,71__top,0.6001735925674438,0.6992849111557007,False
data/processed/cure_crops/71/top/customer/71_top_3099.png,71__top,0.7014732360839844,0.6908517479896545,False
data/processed/cure_crops/71/top/customer/71_top_3100.png,71__top,0.6403931379318237,0.8691849708557129,False
data/processed/cure_crops/71/top/customer/71_top_3101.png,71__top,0.7186892628669739,0.8268911838531494,False
data/processed/cure_crops/71/top/customer/71_top_3102.png,71__top,0.7820988893508911,0.8704277276992798,False
data/processed/cure_crops/71/top/customer/71_top_3103.png,71__top,0.7093586921691895,0.7930771112442017,False
data/processed/cure_crops/71/top/customer/71_top_3104.png,71__top,0.5736456513404846,0.7465537190437317,False
data/processed/cure_crops/71/top/customer/71_top_3105.png,71__top,0.7423927783966064,0.7477920651435852,False
data/processed/cure_crops/71/top/customer/71_top_3106.png,71__top,0.7352356910705566,0.6951428651809692,False
data/processed/cure_crops/71/top/customer/71_top_3107.png,71__top,0.7987067699432373,0.6873838901519775,False
data/processed/cure_crops/71/top/customer/71_top_3108.png,71__top,0.7562857866287231,0.6503214240074158,False
data/processed/cure_crops/71/top/customer/71_top_3109.png,71__top,0.6134630441665649,0.6054192781448364,False
data/processed/cure_crops/71/top/customer/71_top_3110.png,71__top,0.5764637589454651,0.737952470779419,False
data/processed/cure_crops/71/top/customer/71_top_3111.png,71__top,0.6342630386352539,0.7801724672317505,False
data/processed/cure_crops/71/top/customer/71_top_3112.png,71__top,0.659730076789856,0.5776052474975586,False
data/processed/cure_crops/71/top/customer/71_top_3113.png,71__top,0.7046483755111694,0.6736956834793091,False
data/processed/cure_crops/71/top/customer/71_top_3114.png,71__top,0.6515366435050964,0.7721134424209595,False
data/processed/cure_crops/71/top/customer/71_top_3115.png,71__top,0.6087473630905151,0.7698266506195068,False
data/processed/cure_crops/71/top/customer/71_top_3116.png,71__top,0.5480582118034363,0.6809724569320679,False
data/processed/cure_crops/71/top/customer/71_top_3117.png,71__top,0.6037353277206421,0.6525988578796387,False
data/processed/cure_crops/72/bottom/customer/72_bottom_3162.png,72__bottom,0.593826949596405,0.6270322799682617,False
data/processed/cure_crops/72/bottom/customer/72_bottom_3163.png,72__bottom,0.6746432781219482,0.6994838118553162,False
data/processed/cure_crops/72/bottom/customer/72_bottom_3164.png,72__bottom,0.6688899993896484,0.7428466081619263,False
data/processed/cure_crops/72/bottom/customer/72_bottom_3165.png,72__bottom,0.5654752254486084,0.724593997001648,False
data/processed/cure_crops/72/bottom/customer/72_bottom_3166.png,72__bottom,0.6919293403625488,0.6350992918014526,False
data/processed/cure_crops/72/bottom/customer/72_bottom_3167.png,72__bottom,0.5473675727844238,0.49517858028411865,False
data/processed/cure_crops/72/bottom/customer/72_bottom_3168.png,72__bottom,0.5560390949249268,0.5741921663284302,False
data/processed/cure_crops/72/bottom/customer/72_bottom_3169.png,72__bottom,0.5514118671417236,0.6222201585769653,False
data/processed/cure_crops/72/bottom/customer/72_bottom_3170.png,72__bottom,0.6918959617614746,0.5584826469421387,False
data/processed/cure_crops/72/bottom/customer/72_bottom_3171.png,72__bottom,0.5500469207763672,0.6016653776168823,False
data/processed/cure_crops/72/bottom/customer/72_bottom_3172.png,72__bottom,0.6259371042251587,0.4436894953250885,False
data/processed/cure_crops/72/bottom/customer/72_bottom_3173.png,72__bottom,0.6117478609085083,0.5875768661499023,False
data/processed/cure_crops/72/bottom/customer/72_bottom_3174.png,72__bottom,0.7310805320739746,0.5124877691268921,False
data/processed/cure_crops/72/bottom/customer/72_bottom_3175.png,72__bottom,0.6875226497650146,0.5241478681564331,False
data/processed/cure_crops/72/bottom/customer/72_bottom_3176.png,72__bottom,0.6770272254943848,0.5796068906784058,False
data/processed/cure_crops/72/bottom/customer/72_bottom_3177.png,72__bottom,0.7026199102401733,0.5850092172622681,False
data/processed/cure_crops/72/bottom/customer/72_bottom_3178.png,72__bottom,0.7072339653968811,0.6068445444107056,False
data/processed/cure_crops/72/bottom/customer/72_bottom_3179.png,72__bottom,0.6143801212310791,0.5385071039199829,False
data/processed/cure_crops/72/bottom/customer/72_bottom_3180.png,72__bottom,0.7539249658584595,0.557081401348114,False
data/processed/cure_crops/72/bottom/customer/72_bottom_3181.png,72__bottom,0.6074705719947815,0.5508750677108765,False
data/processed/cure_crops/72/bottom/customer/72_bottom_3182.png,72__bottom,0.6993378400802612,0.5808417201042175,False
data/processed/cure_crops/72/top/customer/72_top_3139.png,72__top,0.7298757433891296,0.6504272818565369,False
data/processed/cure_crops/72/top/customer/72_top_3140.png,72__top,0.7288622260093689,0.682069718837738,False
data/processed/cure_crops/72/top/customer/72_top_3141.png,72__top,0.6341791152954102,0.7201716899871826,False
data/processed/cure_crops/72/top/customer/72_top_3142.png,72__top,0.6669288873672485,0.7388590574264526,False
data/processed/cure_crops/72/top/customer/72_top_3143.png,72__top,0.6743338704109192,0.5704460144042969,False
data/processed/cure_crops/72/top/customer/72_top_3144.png,72__top,0.7388419508934021,0.6390199661254883,False
data/processed/cure_crops/72/top/customer/72_top_3145.png,72__top,0.3630944788455963,0.5153417587280273,False
data/processed/cure_crops/72/top/customer/72_top_3146.png,72__top,0.5841104388237,0.6152694225311279,False
data/processed/cure_crops/72/top/customer/72_top_3147.png,72__top,0.31917276978492737,0.39869433641433716,False
data/processed/cure_crops/72/top/customer/72_top_3148.png,72__top,0.6441060304641724,0.5007593035697937,False
data/processed/cure_crops/72/top/customer/72_top_3149.png,72__top,0.7008728981018066,0.5494071841239929,False
data/processed/cure_crops/72/top/customer/72_top_3150.png,72__top,0.6719894409179688,0.4769103229045868,False
data/processed/cure_crops/72/top/customer/72_top_3151.png,72__top,0.47834521532058716,0.5748617649078369,False
data/processed/cure_crops/72/top/customer/72_top_3152.png,72__top,0.6716309785842896,0.5714899897575378,False
data/processed/cure_crops/72/top/customer/72_top_3153.png,72__top,0.607169508934021,0.7107534408569336,False
data/processed/cure_crops/72/top/customer/72_top_3154.png,72__top,0.5544344186782837,0.6592200398445129,False
data/processed/cure_crops/72/top/customer/72_top_3155.png,72__top,0.569330096244812,0.5870471596717834,False
data/processed/cure_crops/72/top/customer/72_top_3156.png,72__top,0.5114933252334595,0.6576251983642578,False
data/processed/cure_crops/72/top/customer/72_top_3157.png,72__top,0.5485111474990845,0.635627031326294,False
data/processed/cure_crops/72/top/customer/72_top_3158.png,72__top,0.6191819310188293,0.6730138659477234,False
data/processed/cure_crops/72/top/customer/72_top_3159.png,72__top,0.5453530550003052,0.5626967549324036,False
data/processed/cure_crops/72/top/customer/72_top_3160.png,72__top,0.5158013105392456,0.5650838017463684,False
data/processed/cure_crops/72/top/customer/72_top_3161.png,72__top,0.58228999376297,0.6428149342536926,False
data/processed/cure_crops/73/bottom/customer/73_bottom_3210.png,73__bottom,0.6271709203720093,0.7796009182929993,False
data/processed/cure_crops/73/bottom/customer/73_bottom_3211.png,73__bottom,0.6217236518859863,0.7837315797805786,False
data/processed/cure_crops/73/bottom/customer/73_bottom_3212.png,73__bottom,0.656854510307312,0.8119240403175354,False
data/processed/cure_crops/73/bottom/customer/73_bottom_3213.png,73__bottom,0.5579019784927368,0.7864711284637451,False
data/processed/cure_crops/73/bottom/customer/73_bottom_3214.png,73__bottom,0.58766770362854,0.6836512684822083,False
data/processed/cure_crops/73/bottom/customer/73_bottom_3215.png,73__bottom,0.5168780088424683,0.696818470954895,False
data/processed/cure_crops/73/bottom/customer/73_bottom_3216.png,73__bottom,0.5859262943267822,0.5909705758094788,False
data/processed/cure_crops/73/bottom/customer/73_bottom_3217.png,73__bottom,0.557694673538208,0.7348129749298096,False
data/processed/cure_crops/73/bottom/customer/73_bottom_3218.png,73__bottom,0.6820338368415833,0.7029402256011963,False
data/processed/cure_crops/73/bottom/customer/73_bottom_3219.png,73__bottom,0.702020525932312,0.7552248239517212,False
data/processed/cure_crops/73/bottom/customer/73_bottom_3220.png,73__bottom,0.6888220310211182,0.6315518021583557,False
data/processed/cure_crops/73/bottom/customer/73_bottom_3221.png,73__bottom,0.6489220857620239,0.8031024932861328,False
data/processed/cure_crops/73/bottom/customer/73_bottom_3222.png,73__bottom,0.6842375993728638,0.7166340351104736,False
data/processed/cure_crops/73/bottom/customer/73_bottom_3223.png,73__bottom,0.6854342818260193,0.784666895866394,False
data/processed/cure_crops/73/bottom/customer/73_bottom_3224.png,73__bottom,0.717583179473877,0.6391239166259766,False
data/processed/cure_crops/73/bottom/customer/73_bottom_3225.png,73__bottom,0.7230302095413208,0.7619123458862305,False
data/processed/cure_crops/73/bottom/customer/73_bottom_3226.png,73__bottom,0.7060139179229736,0.5934648513793945,False
data/processed/cure_crops/73/bottom/customer/73_bottom_3227.png,73__bottom,0.6683633923530579,0.7829622030258179,False
data/processed/cure_crops/73/bottom/customer/73_bottom_3228.png,73__bottom,0.7258561849594116,0.6161248683929443,False
data/processed/cure_crops/73/bottom/customer/73_bottom_3229.png,73__bottom,0.694485068321228,0.6718569397926331,False
data/processed/cure_crops/73/bottom/customer/73_bottom_3230.png,73__bottom,0.6078814268112183,0.583483099937439,False
data/processed/cure_crops/73/bottom/customer/73_bottom_3231.png,73__bottom,0.6121777296066284,0.7187903523445129,False
data/processed/cure_crops/73/bottom/customer/73_bottom_3232.png,73__bottom,0.6968227624893188,0.6544861793518066,False
data/processed/cure_crops/73/bottom/customer/73_bottom_3233.png,73__bottom,0.700858473777771,0.7204861044883728,False
data/processed/cure_crops/73/top/customer/73_top_3183.png,73__top,0.588396430015564,0.8184663653373718,False
data/processed/cure_crops/73/top/customer/73_top_3184.png,73__top,0.649948239326477,0.7952775955200195,False
data/processed/cure_crops/73/top/customer/73_top_3185.png,73__top,0.6113066673278809,0.8128910660743713,False
data/processed/cure_crops/73/top/customer/73_top_3186.png,73__top,0.6495765447616577,0.84503573179245,False
data/processed/cure_crops/73/top/customer/73_top_3187.png,73__top,0.6480299234390259,0.8104007244110107,False
data/processed/cure_crops/73/top/customer/73_top_3188.png,73__top,0.47595974802970886,0.691879153251648,False
data/processed/cure_crops/73/top/customer/73_top_3189.png,73__top,0.576508641242981,0.7130111455917358,False
data/processed/cure_crops/73/top/customer/73_top_3190.png,73__top,0.6112950444221497,0.7578566074371338,False
data/processed/cure_crops/73/top/customer/73_top_3191.png,73__top,0.599493682384491,0.6062027215957642,False
data/processed/cure_crops/73/top/customer/73_top_3192.png,73__top,0.5803462266921997,0.7009497284889221,False
data/processed/cure_crops/73/top/customer/73_top_3193.png,73__top,0.6563922166824341,0.6644595861434937,False
data/processed/cure_crops/73/top/customer/73_top_3194.png,73__top,0.6373996734619141,0.734846830368042,False
data/processed/cure_crops/73/top/customer/73_top_3195.png,73__top,0.6431719660758972,0.6795223951339722,False
data/processed/cure_crops/73/top/customer/73_top_3196.png,73__top,0.635346531867981,0.6151382923126221,False
data/processed/cure_crops/73/top/customer/73_top_3197.png,73__top,0.64066082239151,0.624992847442627,False
data/processed/cure_crops/73/top/customer/73_top_3198.png,73__top,0.6838518977165222,0.666569173336029,False
data/processed/cure_crops/73/top/customer/73_top_3199.png,73__top,0.6211256980895996,0.7071515321731567,False
data/processed/cure_crops/73/top/customer/73_top_3200.png,73__top,0.6420950889587402,0.7038649320602417,False
data/processed/cure_crops/73/top/customer/73_top_3201.png,73__top,0.6639808416366577,0.6896905899047852,False
data/processed/cure_crops/73/top/customer/73_top_3202.png,73__top,0.6703958511352539,0.5562468767166138,False
data/processed/cure_crops/73/top/customer/73_top_3203.png,73__top,0.6164911985397339,0.6119212508201599,False
data/processed/cure_crops/73/top/customer/73_top_3204.png,73__top,0.6170169115066528,0.6218632459640503,False
data/processed/cure_crops/73/top/customer/73_top_3205.png,73__top,0.6734769940376282,0.6586300134658813,False
data/processed/cure_crops/73/top/customer/73_top_3206.png,73__top,0.6555799245834351,0.7291021347045898,False
data/processed/cure_crops/73/top/customer/73_top_3207.png,73__top,0.6377032995223999,0.656535267829895,False
data/processed/cure_crops/73/top/customer/73_top_3208.png,73__top,0.6234866976737976,0.6935817003250122,False
data/processed/cure_crops/73/top/customer/73_top_3209.png,73__top,0.652143120765686,0.6327663064002991,False
data/processed/cure_crops/74/bottom/customer/74_bottom_3262.png,74__bottom,0.6217200756072998,0.7241863012313843,False
data/processed/cure_crops/74/bottom/customer/74_bottom_3263.png,74__bottom,0.6761283278465271,0.739940881729126,False
data/processed/cure_crops/74/bottom/customer/74_bottom_3264.png,74__bottom,0.517379879951477,0.6369634866714478,False
data/processed/cure_crops/74/bottom/customer/74_bottom_3265.png,74__bottom,0.672426700592041,0.8014124631881714,False
data/processed/cure_crops/74/bottom/customer/74_bottom_3266.png,74__bottom,0.7082871198654175,0.7644056677818298,False
data/processed/cure_crops/74/bottom/customer/74_bottom_3267.png,74__bottom,0.6398569941520691,0.7900990843772888,False
data/processed/cure_crops/74/bottom/customer/74_bottom_3268.png,74__bottom,0.5162314176559448,0.6786993145942688,False
data/processed/cure_crops/74/bottom/customer/74_bottom_3269.png,74__bottom,0.5740819573402405,0.7321731448173523,False
data/processed/cure_crops/74/bottom/customer/74_bottom_3270.png,74__bottom,0.49577194452285767,0.6202574372291565,False
data/processed/cure_crops/74/bottom/customer/74_bottom_3271.png,74__bottom,0.4881340265274048,0.6421602368354797,False
data/processed/cure_crops/74/bottom/customer/74_bottom_3272.png,74__bottom,0.5439334511756897,0.6254383325576782,False
data/processed/cure_crops/74/bottom/customer/74_bottom_3273.png,74__bottom,0.4879997670650482,0.6288601160049438,False
data/processed/cure_crops/74/bottom/customer/74_bottom_3274.png,74__bottom,0.595670223236084,0.6540247201919556,False
data/processed/cure_crops/74/bottom/customer/74_bottom_3275.png,74__bottom,0.5214976668357849,0.7288303971290588,False
data/processed/cure_crops/74/bottom/customer/74_bottom_3276.png,74__bottom,0.6262331008911133,0.8151791095733643,False
data/processed/cure_crops/74/bottom/customer/74_bottom_3277.png,74__bottom,0.6260656714439392,0.7882347702980042,False
data/processed/cure_crops/74/bottom/customer/74_bottom_3278.png,74__bottom,0.6178252696990967,0.7913996577262878,False
data/processed/cure_crops/74/bottom/customer/74_bottom_3279.png,74__bottom,0.6282605528831482,0.7501076459884644,False
data/processed/cure_crops/74/bottom/customer/74_bottom_3280.png,74__bottom,0.48852285742759705,0.7434815168380737,False
data/processed/cure_crops/74/bottom/customer/74_bottom_3281.png,74__bottom,0.6616169214248657,0.7399296760559082,False
data/processed/cure_crops/74/bottom/customer/74_bottom_3282.png,74__bottom,0.6811573505401611,0.7138911485671997,False
data/processed/cure_crops/74/bottom/customer/74_bottom_3283.png,74__bottom,0.6874967813491821,0.7913303375244141,False
data/processed/cure_crops/74/bottom/customer/74_bottom_3284.png,74__bottom,0.6209143400192261,0.7485813498497009,False
data/processed/cure_crops/74/bottom/customer/74_bottom_3285.png,74__bottom,0.6571559906005859,0.7605788111686707,False
data/processed/cure_crops/74/bottom/customer/74_bottom_3286.png,74__bottom,0.6301702857017517,0.7975997924804688,False
data/processed/cure_crops/74/top/customer/74_top_3234.png,74__top,0.598678469657898,0.7503836154937744,False
data/processed/cure_crops/74/top/customer/74_top_3235.png,74__top,0.5556092858314514,0.7886006832122803,False
data/processed/cure_crops/74/top/customer/74_top_3236.png,74__top,0.6214786767959595,0.7930551767349243,False
data/processed/cure_crops/74/top/customer/74_top_3237.png,74__top,0.597681999206543,0.8372323513031006,False
data/processed/cure_crops/74/top/customer/74_top_3238.png,74__top,0.7424538135528564,0.7777677774429321,False
data/processed/cure_crops/74/top/customer/74_top_3239.png,74__top,0.6970453262329102,0.7665302753448486,False
data/processed/cure_crops/74/top/customer/74_top_3240.png,74__top,0.6413885951042175,0.5917050838470459,False
data/processed/cure_crops/74/top/customer/74_top_3241.png,74__top,0.6036770939826965,0.5717594623565674,False
data/processed/cure_crops/74/top/customer/74_top_3242.png,74__top,0.6229284405708313,0.7346842288970947,False
data/processed/cure_crops/74/top/customer/74_top_3243.png,74__top,0.6107602119445801,0.7906191945075989,False
data/processed/cure_crops/74/top/customer/74_top_3244.png,74__top,0.7316062450408936,0.7471718788146973,False
data/processed/cure_crops/74/top/customer/74_top_3245.png,74__top,0.578407883644104,0.7429145574569702,False
data/processed/cure_crops/74/top/customer/74_top_3246.png,74__top,0.5558623671531677,0.7280876040458679,False
data/processed/cure_crops/74/top/customer/74_top_3247.png,74__top,0.5984668731689453,0.6918007135391235,False
data/processed/cure_crops/74/top/customer/74_top_3248.png,74__top,0.5771300792694092,0.6848006844520569,False
data/processed/cure_crops/74/top/customer/74_top_3249.png,74__top,0.5763375759124756,0.7730430960655212,False
data/processed/cure_crops/74/top/customer/74_top_3250.png,74__top,0.6197718381881714,0.7039974927902222,False
data/processed/cure_crops/74/top/customer/74_top_3251.png,74__top,0.6267722249031067,0.7622553706169128,False
data/processed/cure_crops/74/top/customer/74_top_3252.png,74__top,0.6017676591873169,0.7949846386909485,False
data/processed/cure_crops/74/top/customer/74_top_3253.png,74__top,0.6632798910140991,0.7288222312927246,False
data/processed/cure_crops/74/top/customer/74_top_3254.png,74__top,0.5489168167114258,0.7650450468063354,False
data/processed/cure_crops/74/top/customer/74_top_3255.png,74__top,0.5340455770492554,0.7304719686508179,False
data/processed/cure_crops/74/top/customer/74_top_3256.png,74__top,0.6894850730895996,0.7296555638313293,False
data/processed/cure_crops/74/top/customer/74_top_3257.png,74__top,0.6850321292877197,0.7502534985542297,False
data/processed/cure_crops/74/top/customer/74_top_3258.png,74__top,0.5132344961166382,0.7352039813995361,False
data/processed/cure_crops/74/top/customer/74_top_3259.png,74__top,0.6190965175628662,0.7033617496490479,False
data/processed/cure_crops/74/top/customer/74_top_3260.png,74__top,0.6562818288803101,0.710735559463501,False
data/processed/cure_crops/74/top/customer/74_top_3261.png,74__top,0.569510817527771,0.734394371509552,False
data/processed/cure_crops/75/bottom/customer/75_bottom_3310.png,75__bottom,0.674052357673645,0.7051847577095032,False
data/processed/cure_crops/75/bottom/customer/75_bottom_3311.png,75__bottom,0.6471378803253174,0.7423264384269714,False
data/processed/cure_crops/75/bottom/customer/75_bottom_3312.png,75__bottom,0.6593027114868164,0.7656667232513428,False
data/processed/cure_crops/75/bottom/customer/75_bottom_3313.png,75__bottom,0.6834501624107361,0.8897232413291931,False
data/processed/cure_crops/75/bottom/customer/75_bottom_3314.png,75__bottom,0.6528353095054626,0.8624691963195801,False
data/processed/cure_crops/75/bottom/customer/75_bottom_3315.png,75__bottom,0.6688316464424133,0.6345127820968628,False
data/processed/cure_crops/75/bottom/customer/75_bottom_3316.png,75__bottom,0.5600879192352295,0.5870538949966431,False
data/processed/cure_crops/75/bottom/customer/75_bottom_3317.png,75__bottom,0.6098300814628601,0.6977900862693787,False
data/processed/cure_crops/75/bottom/customer/75_bottom_3318.png,75__bottom,0.6007682085037231,0.7459645867347717,False
data/processed/cure_crops/75/bottom/customer/75_bottom_3319.png,75__bottom,0.7145087718963623,0.7744600772857666,False
data/processed/cure_crops/75/bottom/customer/75_bottom_3320.png,75__bottom,0.7320131063461304,0.7568835020065308,False
data/processed/cure_crops/75/bottom/customer/75_bottom_3321.png,75__bottom,0.7728497982025146,0.8199787139892578,False
data/processed/cure_crops/75/bottom/customer/75_bottom_3322.png,75__bottom,0.7374505996704102,0.6363207697868347,False
data/processed/cure_crops/75/bottom/customer/75_bottom_3323.png,75__bottom,0.6983054876327515,0.6049830913543701,False
data/processed/cure_crops/75/bottom/customer/75_bottom_3324.png,75__bottom,0.7104009389877319,0.6288796067237854,False
data/processed/cure_crops/75/bottom/customer/75_bottom_3325.png,75__bottom,0.6782178282737732,0.640042245388031,False
data/processed/cure_crops/75/bottom/customer/75_bottom_3326.png,75__bottom,0.7078856229782104,0.6232657432556152,False
data/processed/cure_crops/75/bottom/customer/75_bottom_3327.png,75__bottom,0.6944911479949951,0.5939294099807739,False
data/processed/cure_crops/75/bottom/customer/75_bottom_3328.png,75__bottom,0.6622286438941956,0.6729520559310913,False
data/processed/cure_crops/75/bottom/customer/75_bottom_3329.png,75__bottom,0.7013049125671387,0.5396372079849243,False
data/processed/cure_crops/75/bottom/customer/75_bottom_3330.png,75__bottom,0.700390100479126,0.6561040282249451,False
data/processed/cure_crops/75/bottom/customer/75_bottom_3331.png,75__bottom,0.716936469078064,0.5899772644042969,False
data/processed/cure_crops/75/bottom/customer/75_bottom_3332.png,75__bottom,0.6920279264450073,0.6469517946243286,False
data/processed/cure_crops/75/bottom/customer/75_bottom_3333.png,75__bottom,0.7189090251922607,0.6538379192352295,False
data/processed/cure_crops/75/bottom/customer/75_bottom_3334.png,75__bottom,0.6988678574562073,0.6120688915252686,False
data/processed/cure_crops/75/bottom/customer/75_bottom_3335.png,75__bottom,0.7018855810165405,0.630201518535614,False
data/processed/cure_crops/75/bottom/customer/75_bottom_3336.png,75__bottom,0.6951763033866882,0.6035157442092896,False
data/processed/cure_crops/75/bottom/customer/75_bottom_3337.png,75__bottom,0.7196676731109619,0.64748615026474,False
data/processed/cure_crops/75/bottom/customer/75_bottom_3338.png,75__bottom,0.7070902585983276,0.6458978056907654,False
data/processed/cure_crops/75/bottom/customer/75_bottom_3339.png,75__bottom,0.7295932173728943,0.6148133873939514,False
data/processed/cure_crops/75/bottom/customer/75_bottom_3340.png,75__bottom,0.7007315158843994,0.6029173135757446,False
data/processed/cure_crops/75/bottom/customer/75_bottom_3341.png,75__bottom,0.6823747754096985,0.5638959407806396,False
data/processed/cure_crops/75/top/customer/75_top_3287.png,75__top,0.7248339056968689,0.794040322303772,False
data/processed/cure_crops/75/top/customer/75_top_3288.png,75__top,0.6671103239059448,0.7580821514129639,False
data/processed/cure_crops/75/top/customer/75_top_3289.png,75__top,0.6605041027069092,0.7647631168365479,False
data/processed/cure_crops/75/top/customer/75_top_3290.png,75__top,0.7436060905456543,0.871277391910553,False
data/processed/cure_crops/75/top/customer/75_top_3291.png,75__top,0.7047858834266663,0.8180322647094727,False
data/processed/cure_crops/75/top/customer/75_top_3292.png,75__top,0.7820353507995605,0.8223702907562256,False
data/processed/cure_crops/75/top/customer/75_top_3293.png,75__top,0.6004345417022705,0.7105996608734131,False
data/processed/cure_crops/75/top/customer/75_top_3294.png,75__top,0.6435790657997131,0.7635651230812073,False
data/processed/cure_crops/75/top/customer/75_top_3295.png,75__top,0.6510680913925171,0.6462516188621521,False
data/processed/cure_crops/75/top/customer/75_top_3296.png,75__top,0.7232341766357422,0.7889813780784607,False
data/processed/cure_crops/75/top/customer/75_top_3297.png,75__top,0.7440675497055054,0.7589933276176453,False
data/processed/cure_crops/75/top/customer/75_top_3298.png,75__top,0.7415280342102051,0.71684730052948,False
data/processed/cure_crops/75/top/customer/75_top_3299.png,75__top,0.7349302768707275,0.6928287148475647,False
data/processed/cure_crops/75/top/customer/75_top_3300.png,75__top,0.7494262456893921,0.6726534962654114,False
data/processed/cure_crops/75/top/customer/75_top_3301.png,75__top,0.7394534945487976,0.7378700375556946,False
data/processed/cure_crops/75/top/customer/75_top_3302.png,75__top,0.7363393902778625,0.7309211492538452,False
data/processed/cure_crops/75/top/customer/75_top_3303.png,75__top,0.7192907333374023,0.6468954086303711,False
data/processed/cure_crops/75/top/customer/75_top_3304.png,75__top,0.7437001466751099,0.7668654918670654,False
data/processed/cure_crops/75/top/customer/75_top_3305.png,75__top,0.731826663017273,0.7003660202026367,False
data/processed/cure_crops/75/top/customer/75_top_3306.png,75__top,0.753760814666748,0.6039379239082336,False
data/processed/cure_crops/75/top/customer/75_top_3307.png,75__top,0.6827856302261353,0.5703245401382446,False
data/processed/cure_crops/75/top/customer/75_top_3308.png,75__top,0.7445183992385864,0.7684115767478943,False
data/processed/cure_crops/75/top/customer/75_top_3309.png,75__top,0.720928430557251,0.5811811089515686,False
data/processed/cure_crops/76/bottom/customer/76_bottom_3367.png,76__bottom,0.6456608772277832,0.7312353849411011,False
data/processed/cure_crops/76/bottom/customer/76_bottom_3368.png,76__bottom,0.7135442495346069,0.7237855792045593,False
data/processed/cure_crops/76/bottom/customer/76_bottom_3369.png,76__bottom,0.5112876892089844,0.8050992488861084,False
data/processed/cure_crops/76/bottom/customer/76_bottom_3370.png,76__bottom,0.7746506333351135,0.8245991468429565,False
data/processed/cure_crops/76/bottom/customer/76_bottom_3371.png,76__bottom,0.479866623878479,0.7711499929428101,False
data/processed/cure_crops/76/bottom/customer/76_bottom_3372.png,76__bottom,0.5437271595001221,0.609584629535675,False
data/processed/cure_crops/76/bottom/customer/76_bottom_3373.png,76__bottom,0.6043868064880371,0.8243584632873535,False
data/processed/cure_crops/76/bottom/customer/76_bottom_3374.png,76__bottom,0.7530165314674377,0.6579165458679199,False
data/processed/cure_crops/76/bottom/customer/76_bottom_3375.png,76__bottom,0.7048885822296143,0.7180827856063843,False
data/processed/cure_crops/76/bottom/customer/76_bottom_3376.png,76__bottom,0.6800246238708496,0.7087708115577698,False
data/processed/cure_crops/76/bottom/customer/76_bottom_3377.png,76__bottom,0.6711761355400085,0.7274012565612793,False
data/processed/cure_crops/76/bottom/customer/76_bottom_3378.png,76__bottom,0.7437940835952759,0.5805854201316833,False
data/processed/cure_crops/76/bottom/customer/76_bottom_3379.png,76__bottom,0.7006228566169739,0.6425825357437134,False
data/processed/cure_crops/76/bottom/customer/76_bottom_3380.png,76__bottom,0.717076301574707,0.6424957513809204,False
data/processed/cure_crops/76/bottom/customer/76_bottom_3381.png,76__bottom,0.5697174072265625,0.4123583137989044,False
data/processed/cure_crops/76/bottom/customer/76_bottom_3382.png,76__bottom,0.5608527660369873,0.34719252586364746,False
data/processed/cure_crops/76/bottom/customer/76_bottom_3383.png,76__bottom,0.6732883453369141,0.7478437423706055,False
data/processed/cure_crops/76/bottom/customer/76_bottom_3384.png,76__bottom,0.7649354338645935,0.7464393973350525,False
data/processed/cure_crops/76/bottom/customer/76_bottom_3385.png,76__bottom,0.746660590171814,0.6657834053039551,False
data/processed/cure_crops/76/bottom/customer/76_bottom_3386.png,76__bottom,0.7246524095535278,0.7055891156196594,False
data/processed/cure_crops/76/bottom/customer/76_bottom_3387.png,76__bottom,0.6781498193740845,0.6876357793807983,False
data/processed/cure_crops/76/bottom/customer/76_bottom_3388.png,76__bottom,0.7160397171974182,0.6949025988578796,False
data/processed/cure_crops/76/bottom/customer/76_bottom_3389.png,76__bottom,0.7163950204849243,0.723617672920227,False
data/processed/cure_crops/76/bottom/customer/76_bottom_3390.png,76__bottom,0.7219396829605103,0.652379035949707,False
data/processed/cure_crops/76/bottom/customer/76_bottom_3391.png,76__bottom,0.6832982897758484,0.695421576499939,False
data/processed/cure_crops/76/bottom/customer/76_bottom_3392.png,76__bottom,0.6905689239501953,0.6605183482170105,False
data/processed/cure_crops/76/top/customer/76_top_3342.png,76__top,0.5281277894973755,0.8161635994911194,False
data/processed/cure_crops/76/top/customer/76_top_3343.png,76__top,0.549881100654602,0.8211414217948914,False
data/processed/cure_crops/76/top/customer/76_top_3344.png,76__top,0.6029815673828125,0.8016144037246704,False
data/processed/cure_crops/76/top/customer/76_top_3345.png,76__top,0.6838233470916748,0.851593017578125,False
data/processed/cure_crops/76/top/customer/76_top_3346.png,76__top,0.6173481941223145,0.8217363357543945,False
data/processed/cure_crops/76/top/customer/76_top_3347.png,76__top,0.5051324367523193,0.7530905604362488,False
data/processed/cure_crops/76/top/customer/76_top_3348.png,76__top,0.47422677278518677,0.6285268068313599,False
data/processed/cure_crops/76/top/customer/76_top_3349.png,76__top,0.5828222036361694,0.574870228767395,False
data/processed/cure_crops/76/top/customer/76_top_3350.png,76__top,0.5814425945281982,0.6706113815307617,False
data/processed/cure_crops/76/top/customer/76_top_3351.png,76__top,0.584164559841156,0.5982413291931152,False
data/processed/cure_crops/76/top/customer/76_top_3352.png,76__top,0.6613888144493103,0.6525150537490845,False
data/processed/cure_crops/76/top/customer/76_top_3353.png,76__top,0.6724961400032043,0.6261382102966309,False
data/processed/cure_crops/76/top/customer/76_top_3354.png,76__top,0.657442569732666,0.734112560749054,False
data/processed/cure_crops/76/top/customer/76_top_3355.png,76__top,0.6539238095283508,0.7211864590644836,False
data/processed/cure_crops/76/top/customer/76_top_3356.png,76__top,0.6824227571487427,0.7917526364326477,False
data/processed/cure_crops/76/top/customer/76_top_3357.png,76__top,0.6762763261795044,0.6249637007713318,False
data/processed/cure_crops/76/top/customer/76_top_3358.png,76__top,0.7045019865036011,0.7903854250907898,False
data/processed/cure_crops/76/top/customer/76_top_3359.png,76__top,0.6593214273452759,0.7908869981765747,False
data/processed/cure_crops/76/top/customer/76_top_3360.png,76__top,0.684677243232727,0.6581743955612183,False
data/processed/cure_crops/76/top/customer/76_top_3361.png,76__top,0.6696733236312866,0.5860463976860046,False
data/processed/cure_crops/76/top/customer/76_top_3362.png,76__top,0.6825029850006104,0.6769652366638184,False
data/processed/cure_crops/76/top/customer/76_top_3363.png,76__top,0.681641697883606,0.7015406489372253,False
data/processed/cure_crops/76/top/customer/76_top_3364.png,76__top,0.6941931843757629,0.7243045568466187,False
data/processed/cure_crops/76/top/customer/76_top_3365.png,76__top,0.6889856457710266,0.7097628116607666,False
data/processed/cure_crops/76/top/customer/76_top_3366.png,76__top,0.6459313035011292,0.7571396827697754,False
data/processed/cure_crops/77/bottom/customer/77_bottom_3416.png,77__bottom,0.6036131381988525,0.5984402894973755,False
data/processed/cure_crops/77/bottom/customer/77_bottom_3417.png,77__bottom,0.6009269952774048,0.7030988931655884,False
data/processed/cure_crops/77/bottom/customer/77_bottom_3418.png,77__bottom,0.587421715259552,0.7562558054924011,False
data/processed/cure_crops/77/bottom/customer/77_bottom_3419.png,77__bottom,0.647212564945221,0.5849224328994751,False
data/processed/cure_crops/77/bottom/customer/77_bottom_3420.png,77__bottom,0.6457745432853699,0.6985141038894653,False
data/processed/cure_crops/77/bottom/customer/77_bottom_3421.png,77__bottom,0.47140029072761536,0.6214273571968079,False
data/processed/cure_crops/77/bottom/customer/77_bottom_3422.png,77__bottom,0.6474552154541016,0.6798392534255981,False
data/processed/cure_crops/77/bottom/customer/77_bottom_3423.png,77__bottom,0.6086099147796631,0.703214168548584,False
data/processed/cure_crops/77/bottom/customer/77_bottom_3424.png,77__bottom,0.6584147214889526,0.5343716144561768,False
data/processed/cure_crops/77/bottom/customer/77_bottom_3425.png,77__bottom,0.6510078310966492,0.6147628426551819,False
data/processed/cure_crops/77/bottom/customer/77_bottom_3426.png,77__bottom,0.6252477765083313,0.5252623558044434,False
data/processed/cure_crops/77/bottom/customer/77_bottom_3427.png,77__bottom,0.6243836283683777,0.5691996812820435,False
data/processed/cure_crops/77/bottom/customer/77_bottom_3428.png,77__bottom,0.639893651008606,0.551215410232544,False
data/processed/cure_crops/77/bottom/customer/77_bottom_3429.png,77__bottom,0.6756834983825684,0.5870124101638794,False
data/processed/cure_crops/77/bottom/customer/77_bottom_3430.png,77__bottom,0.6297637224197388,0.5297526121139526,False
data/processed/cure_crops/77/bottom/customer/77_bottom_3431.png,77__bottom,0.622315526008606,0.5654807686805725,False
data/processed/cure_crops/77/bottom/customer/77_bottom_3432.png,77__bottom,0.6451947689056396,0.5365175604820251,False
data/processed/cure_crops/77/bottom/customer/77_bottom_3433.png,77__bottom,0.6544095873832703,0.6005213260650635,False
data/processed/cure_crops/77/bottom/customer/77_bottom_3434.png,77__bottom,0.6837753057479858,0.6016797423362732,False
data/processed/cure_crops/77/bottom/customer/77_bottom_3435.png,77__bottom,0.6524808406829834,0.5499303340911865,False
data/processed/cure_crops/77/bottom/customer/77_bottom_3436.png,77__bottom,0.677647054195404,0.5585318207740784,False
data/processed/cure_crops/77/bottom/customer/77_bottom_3437.png,77__bottom,0.6204327344894409,0.575309157371521,False
data/processed/cure_crops/77/bottom/customer/77_bottom_3438.png,77__bottom,0.636176347732544,0.5900189876556396,False
data/processed/cure_crops/77/top/customer/77_top_3393.png,77__top,0.7208940982818604,0.8070420026779175,False
data/processed/cure_crops/77/top/customer/77_top_3394.png,77__top,0.7087366580963135,0.8288973569869995,False
data/processed/cure_crops/77/top/customer/77_top_3395.png,77__top,0.680661678314209,0.8289111256599426,False
data/processed/cure_crops/77/top/customer/77_top_3396.png,77__top,0.724648118019104,0.8698064088821411,False
data/processed/cure_crops/77/top/customer/77_top_3397.png,77__top,0.5945336818695068,0.810942530632019,False
data/processed/cure_crops/77/top/customer/77_top_3398.png,77__top,0.6011379957199097,0.76060950756073,False
data/processed/cure_crops/77/top/customer/77_top_3399.png,77__top,0.6984419822692871,0.6265151500701904,False
data/processed/cure_crops/77/top/customer/77_top_3400.png,77__top,0.7171669006347656,0.7114728093147278,False
data/processed/cure_crops/77/top/customer/77_top_3401.png,77__top,0.6918789148330688,0.6830201148986816,False
data/processed/cure_crops/77/top/customer/77_top_3402.png,77__top,0.7307596206665039,0.732858419418335,False
data/processed/cure_crops/77/top/customer/77_top_3403.png,77__top,0.7008371949195862,0.5969378352165222,False
data/processed/cure_crops/77/top/customer/77_top_3404.png,77__top,0.7481387257575989,0.6792632937431335,False
data/processed/cure_crops/77/top/customer/77_top_3405.png,77__top,0.7130143642425537,0.7385746240615845,False
data/processed/cure_crops/77/top/customer/77_top_3406.png,77__top,0.6749352812767029,0.6644805669784546,False
data/processed/cure_crops/77/top/customer/77_top_3407.png,77__top,0.6574885845184326,0.6496458053588867,False
data/processed/cure_crops/77/top/customer/77_top_3408.png,77__top,0.6912273168563843,0.633884072303772,False
data/processed/cure_crops/77/top/customer/77_top_3409.png,77__top,0.6809638738632202,0.5723782181739807,False
data/processed/cure_crops/77/top/customer/77_top_3410.png,77__top,0.6893420815467834,0.6357930302619934,False
data/processed/cure_crops/77/top/customer/77_top_3411.png,77__top,0.7804118394851685,0.7572763562202454,False
data/processed/cure_crops/77/top/customer/77_top_3412.png,77__top,0.7780461311340332,0.7334392070770264,False
data/processed/cure_crops/77/top/customer/77_top_3413.png,77__top,0.7169585227966309,0.6269480586051941,False
data/processed/cure_crops/77/top/customer/77_top_3414.png,77__top,0.738079845905304,0.700695276260376,False
data/processed/cure_crops/77/top/customer/77_top_3415.png,77__top,0.7434062957763672,0.6933541893959045,False
data/processed/cure_crops/78/bottom/customer/78_bottom_3466.png,78__bottom,0.6588161587715149,0.7680294513702393,False
data/processed/cure_crops/78/bottom/customer/78_bottom_3467.png,78__bottom,0.657799482345581,0.5562703609466553,False
data/processed/cure_crops/78/bottom/customer/78_bottom_3468.png,78__bottom,0.6902681589126587,0.8813426494598389,False
data/processed/cure_crops/78/bottom/customer/78_bottom_3469.png,78__bottom,0.7394988536834717,0.7534980773925781,False
data/processed/cure_crops/78/bottom/customer/78_bottom_3470.png,78__bottom,0.6260442733764648,0.6929432153701782,False
data/processed/cure_crops/78/bottom/customer/78_bottom_3471.png,78__bottom,0.5713894367218018,0.7018172740936279,False
data/processed/cure_crops/78/bottom/customer/78_bottom_3472.png,78__bottom,0.6945767402648926,0.6293582916259766,False
data/processed/cure_crops/78/bottom/customer/78_bottom_3473.png,78__bottom,0.6338678598403931,0.6472838521003723,False
data/processed/cure_crops/78/bottom/customer/78_bottom_3474.png,78__bottom,0.6078387498855591,0.6616858243942261,False
data/processed/cure_crops/78/bottom/customer/78_bottom_3475.png,78__bottom,0.7436161041259766,0.7957340478897095,False
data/processed/cure_crops/78/bottom/customer/78_bottom_3476.png,78__bottom,0.7224140167236328,0.7920077443122864,False
data/processed/cure_crops/78/bottom/customer/78_bottom_3477.png,78__bottom,0.7721365690231323,0.871668815612793,False
data/processed/cure_crops/78/bottom/customer/78_bottom_3478.png,78__bottom,0.7340394854545593,0.798746645450592,False
data/processed/cure_crops/78/bottom/customer/78_bottom_3479.png,78__bottom,0.726729691028595,0.8241721391677856,False
data/processed/cure_crops/78/bottom/customer/78_bottom_3480.png,78__bottom,0.6702356338500977,0.8281701803207397,False
data/processed/cure_crops/78/bottom/customer/78_bottom_3481.png,78__bottom,0.6513670086860657,0.7854205965995789,False
data/processed/cure_crops/78/bottom/customer/78_bottom_3482.png,78__bottom,0.7330798506736755,0.7352795004844666,False
data/processed/cure_crops/78/bottom/customer/78_bottom_3483.png,78__bottom,0.7253074645996094,0.831365704536438,False
data/processed/cure_crops/78/bottom/customer/78_bottom_3484.png,78__bottom,0.6877608299255371,0.8207152485847473,False
data/processed/cure_crops/78/bottom/customer/78_bottom_3485.png,78__bottom,0.7057266235351562,0.7865464687347412,False
data/processed/cure_crops/78/bottom/customer/78_bottom_3486.png,78__bottom,0.6865106821060181,0.6407214999198914,False
data/processed/cure_crops/78/bottom/customer/78_bottom_3487.png,78__bottom,0.6982041001319885,0.6683912873268127,False
data/processed/cure_crops/78/top/customer/78_top_3439.png,78__top,0.5849866271018982,0.6949515342712402,False
data/processed/cure_crops/78/top/customer/78_top_3440.png,78__top,0.6456626653671265,0.7403659820556641,False
data/processed/cure_crops/78/top/customer/78_top_3441.png,78__top,0.614761233329773,0.7449895143508911,False
data/processed/cure_crops/78/top/customer/78_top_3442.png,78__top,0.6145187020301819,0.7455250024795532,False
data/processed/cure_crops/78/top/customer/78_top_3443.png,78__top,0.48313456773757935,0.5685783624649048,False
data/processed/cure_crops/78/top/customer/78_top_3444.png,78__top,0.46050968766212463,0.5714383721351624,False
data/processed/cure_crops/78/top/customer/78_top_3445.png,78__top,0.6540995836257935,0.6037643551826477,False
data/processed/cure_crops/78/top/customer/78_top_3446.png,78__top,0.6179301738739014,0.6007050275802612,False
data/processed/cure_crops/78/top/customer/78_top_3447.png,78__top,0.6347836256027222,0.6264016032218933,False
data/processed/cure_crops/78/top/customer/78_top_3448.png,78__top,0.6885154247283936,0.702914834022522,False
data/processed/cure_crops/78/top/customer/78_top_3449.png,78__top,0.632966160774231,0.6118985414505005,False
data/processed/cure_crops/78/top/customer/78_top_3450.png,78__top,0.6532861590385437,0.5319176912307739,False
data/processed/cure_crops/78/top/customer/78_top_3451.png,78__top,0.6569608449935913,0.6297542452812195,False
data/processed/cure_crops/78/top/customer/78_top_3452.png,78__top,0.6464331150054932,0.5367498993873596,False
data/processed/cure_crops/78/top/customer/78_top_3453.png,78__top,0.6488886475563049,0.5857940316200256,False
data/processed/cure_crops/78/top/customer/78_top_3454.png,78__top,0.6530441045761108,0.6594189405441284,False
data/processed/cure_crops/78/top/customer/78_top_3455.png,78__top,0.595277726650238,0.5346526503562927,False
data/processed/cure_crops/78/top/customer/78_top_3456.png,78__top,0.7012441158294678,0.7473471164703369,False
data/processed/cure_crops/78/top/customer/78_top_3457.png,78__top,0.6502695083618164,0.6754863262176514,False
data/processed/cure_crops/78/top/customer/78_top_3458.png,78__top,0.6598473191261292,0.659180760383606,False
data/processed/cure_crops/78/top/customer/78_top_3459.png,78__top,0.6367586255073547,0.6548380255699158,False
data/processed/cure_crops/78/top/customer/78_top_3460.png,78__top,0.6782331466674805,0.6178525686264038,False
data/processed/cure_crops/78/top/customer/78_top_3461.png,78__top,0.614546000957489,0.6582536697387695,False
data/processed/cure_crops/78/top/customer/78_top_3462.png,78__top,0.6438473463058472,0.695705771446228,False
data/processed/cure_crops/78/top/customer/78_top_3463.png,78__top,0.6848621368408203,0.681780993938446,False
data/processed/cure_crops/78/top/customer/78_top_3464.png,78__top,0.6406928300857544,0.6158525943756104,False
data/processed/cure_crops/78/top/customer/78_top_3465.png,78__top,0.6460931301116943,0.6314890384674072,False
data/processed/cure_crops/79/bottom/customer/79_bottom_3511.png,79__bottom,0.47726261615753174,0.5343965888023376,False
data/processed/cure_crops/79/bottom/customer/79_bottom_3512.png,79__bottom,0.507173478603363,0.6001111268997192,False
data/processed/cure_crops/79/bottom/customer/79_bottom_3513.png,79__bottom,0.5215354561805725,0.5928139090538025,False
data/processed/cure_crops/79/bottom/customer/79_bottom_3514.png,79__bottom,0.6618677377700806,0.7420228719711304,False
data/processed/cure_crops/79/bottom/customer/79_bottom_3515.png,79__bottom,0.5063233971595764,0.5316046476364136,False
data/processed/cure_crops/79/bottom/customer/79_bottom_3516.png,79__bottom,0.47144490480422974,0.511694073677063,False
data/processed/cure_crops/79/bottom/customer/79_bottom_3517.png,79__bottom,0.46535664796829224,0.5919703841209412,False
data/processed/cure_crops/79/bottom/customer/79_bottom_3518.png,79__bottom,0.6459144949913025,0.5045586824417114,False
data/processed/cure_crops/79/bottom/customer/79_bottom_3519.png,79__bottom,0.5199381113052368,0.4333992004394531,False
data/processed/cure_crops/79/bottom/customer/79_bottom_3520.png,79__bottom,0.5878027081489563,0.4632888436317444,False
data/processed/cure_crops/79/bottom/customer/79_bottom_3521.png,79__bottom,0.6860079765319824,0.5511550903320312,False
data/processed/cure_crops/79/bottom/customer/79_bottom_3522.png,79__bottom,0.6127371191978455,0.5998990535736084,False
data/processed/cure_crops/79/bottom/customer/79_bottom_3523.png,79__bottom,0.6592710018157959,0.515068769454956,False
data/processed/cure_crops/79/bottom/customer/79_bottom_3524.png,79__bottom,0.6695069670677185,0.4556102156639099,False
data/processed/cure_crops/79/bottom/customer/79_bottom_3525.png,79__bottom,0.6425789594650269,0.6419808864593506,False
data/processed/cure_crops/79/bottom/customer/79_bottom_3526.png,79__bottom,0.6446483731269836,0.49940329790115356,False
data/processed/cure_crops/79/bottom/customer/79_bottom_3527.png,79__bottom,0.5727434158325195,0.4906514883041382,False
data/processed/cure_crops/79/bottom/customer/79_bottom_3528.png,79__bottom,0.6986413598060608,0.5673825144767761,False
data/processed/cure_crops/79/bottom/customer/79_bottom_3529.png,79__bottom,0.6399163007736206,0.5856927633285522,False
data/processed/cure_crops/79/bottom/customer/79_bottom_3530.png,79__bottom,0.6370545029640198,0.5910483598709106,False
data/processed/cure_crops/79/bottom/customer/79_bottom_3531.png,79__bottom,0.6831101775169373,0.5579471588134766,False
data/processed/cure_crops/79/bottom/customer/79_bottom_3532.png,79__bottom,0.6586258411407471,0.540238618850708,False
data/processed/cure_crops/79/bottom/customer/79_bottom_3533.png,79__bottom,0.6457734107971191,0.5586024522781372,False
data/processed/cure_crops/79/top/customer/79_top_3488.png,79__top,0.5460275411605835,0.5744340419769287,False
data/processed/cure_crops/79/top/customer/79_top_3489.png,79__top,0.5827593207359314,0.6532025337219238,False
data/processed/cure_crops/79/top/customer/79_top_3491.png,79__top,0.6150729656219482,0.8854531049728394,False
data/processed/cure_crops/79/top/customer/79_top_3492.png,79__top,0.7264042496681213,0.7573316097259521,False
data/processed/cure_crops/79/top/customer/79_top_3493.png,79__top,0.5122190713882446,0.5462836027145386,False
data/processed/cure_crops/79/top/customer/79_top_3494.png,79__top,0.5185967683792114,0.46333569288253784,False
data/processed/cure_crops/79/top/customer/79_top_3495.png,79__top,0.6349896192550659,0.605837345123291,False
data/processed/cure_crops/79/top/customer/79_top_3496.png,79__top,0.6079592704772949,0.5362318754196167,False
data/processed/cure_crops/79/top/customer/79_top_3497.png,79__top,0.694172739982605,0.5515094995498657,False
data/processed/cure_crops/79/top/customer/79_top_3498.png,79__top,0.662613570690155,0.6142014265060425,False
data/processed/cure_crops/79/top/customer/79_top_3499.png,79__top,0.6438736915588379,0.7076281309127808,False
data/processed/cure_crops/79/top/customer/79_top_3500.png,79__top,0.5340150594711304,0.5274277329444885,False
data/processed/cure_crops/79/top/customer/79_top_3501.png,79__top,0.6144602298736572,0.5203284025192261,False
data/processed/cure_crops/79/top/customer/79_top_3502.png,79__top,0.6544449329376221,0.5897669792175293,False
data/processed/cure_crops/79/top/customer/79_top_3503.png,79__top,0.6114484071731567,0.5999956130981445,False
data/processed/cure_crops/79/top/customer/79_top_3504.png,79__top,0.5823144912719727,0.5600818395614624,False
data/processed/cure_crops/79/top/customer/79_top_3505.png,79__top,0.5703590512275696,0.575724720954895,False
data/processed/cure_crops/79/top/customer/79_top_3506.png,79__top,0.4619208574295044,0.30908411741256714,False
data/processed/cure_crops/79/top/customer/79_top_3507.png,79__top,0.5995345115661621,0.5068039894104004,False
data/processed/cure_crops/79/top/customer/79_top_3508.png,79__top,0.5862702131271362,0.45105934143066406,False
data/processed/cure_crops/79/top/customer/79_top_3509.png,79__top,0.5228566527366638,0.22265863418579102,False
data/processed/cure_crops/79/top/customer/79_top_3510.png,79__top,0.5667377710342407,0.4845513701438904,False
data/processed/cure_crops/8/bottom/customer/8_bottom_361.png,8__bottom,0.7465558052062988,0.8041597604751587,False
data/processed/cure_crops/8/bottom/customer/8_bottom_363.png,8__bottom,0.7241870760917664,0.7531002759933472,False
data/processed/cure_crops/8/bottom/customer/8_bottom_364.png,8__bottom,0.7063536643981934,0.7907251119613647,False
data/processed/cure_crops/8/bottom/customer/8_bottom_367.png,8__bottom,0.6882624626159668,0.5578329563140869,False
data/processed/cure_crops/8/bottom/customer/8_bottom_368.png,8__bottom,0.6657595038414001,0.8029917478561401,False
data/processed/cure_crops/8/bottom/customer/8_bottom_369.png,8__bottom,0.6072676181793213,0.6792571544647217,False
data/processed/cure_crops/8/bottom/customer/8_bottom_370.png,8__bottom,0.649599552154541,0.7718831300735474,False
data/processed/cure_crops/8/bottom/customer/8_bottom_371.png,8__bottom,0.6322104930877686,0.7170613408088684,False
data/processed/cure_crops/8/bottom/customer/8_bottom_372.png,8__bottom,0.6130625605583191,0.6901679039001465,False
data/processed/cure_crops/8/bottom/customer/8_bottom_373.png,8__bottom,0.5171641111373901,0.6809751987457275,False
data/processed/cure_crops/8/bottom/customer/8_bottom_374.png,8__bottom,0.5172913074493408,0.6909310221672058,False
data/processed/cure_crops/8/bottom/customer/8_bottom_375.png,8__bottom,0.5771898031234741,0.7057367563247681,False
data/processed/cure_crops/8/bottom/customer/8_bottom_376.png,8__bottom,0.5852249264717102,0.6168531179428101,False
data/processed/cure_crops/8/bottom/customer/8_bottom_377.png,8__bottom,0.5221235752105713,0.7006903886795044,False
data/processed/cure_crops/8/bottom/customer/8_bottom_378.png,8__bottom,0.5981800556182861,0.6674468517303467,False
data/processed/cure_crops/8/bottom/customer/8_bottom_379.png,8__bottom,0.5981913805007935,0.7318216562271118,False
data/processed/cure_crops/8/bottom/customer/8_bottom_380.png,8__bottom,0.6486263275146484,0.698406994342804,False
data/processed/cure_crops/8/bottom/customer/8_bottom_381.png,8__bottom,0.5288771390914917,0.6627190113067627,False
data/processed/cure_crops/8/top/customer/8_top_339.png,8__top,0.7669494152069092,0.8467220067977905,False
data/processed/cure_crops/8/top/customer/8_top_340.png,8__top,0.7195372581481934,0.8592100739479065,False
data/processed/cure_crops/8/top/customer/8_top_341.png,8__top,0.684699535369873,0.8273427486419678,False
data/processed/cure_crops/8/top/customer/8_top_342.png,8__top,0.6758078336715698,0.815760612487793,False
data/processed/cure_crops/8/top/customer/8_top_343.png,8__top,0.7189562320709229,0.8290833234786987,False
data/processed/cure_crops/8/top/customer/8_top_346.png,8__top,0.6591289639472961,0.7072948813438416,False
data/processed/cure_crops/8/top/customer/8_top_347.png,8__top,0.6742030382156372,0.7455816268920898,False
data/processed/cure_crops/8/top/customer/8_top_349.png,8__top,0.4963788092136383,0.573232114315033,False
data/processed/cure_crops/8/top/customer/8_top_350.png,8__top,0.5562316179275513,0.5341429710388184,False
data/processed/cure_crops/8/top/customer/8_top_351.png,8__top,0.5069997310638428,0.5600324869155884,False
data/processed/cure_crops/8/top/customer/8_top_352.png,8__top,0.5280348658561707,0.5041345357894897,False
data/processed/cure_crops/8/top/customer/8_top_353.png,8__top,0.5053057074546814,0.6414377689361572,False
data/processed/cure_crops/8/top/customer/8_top_354.png,8__top,0.4225021004676819,0.44377401471138,False
data/processed/cure_crops/8/top/customer/8_top_355.png,8__top,0.5799756050109863,0.6793894171714783,False
data/processed/cure_crops/8/top/customer/8_top_356.png,8__top,0.5149788856506348,0.6027942299842834,False
data/processed/cure_crops/8/top/customer/8_top_357.png,8__top,0.5479575395584106,0.6026026606559753,False
data/processed/cure_crops/8/top/customer/8_top_358.png,8__top,0.4947277903556824,0.7014255523681641,False
data/processed/cure_crops/8/top/customer/8_top_359.png,8__top,0.5435599684715271,0.5999305844306946,False
data/processed/cure_crops/8/top/customer/8_top_360.png,8__top,0.5897442102432251,0.5258391499519348,False
data/processed/cure_crops/80/bottom/customer/80_bottom_3556.png,80__bottom,0.6376201510429382,0.7599278092384338,False
data/processed/cure_crops/80/bottom/customer/80_bottom_3557.png,80__bottom,0.5646681785583496,0.7564327716827393,False
data/processed/cure_crops/80/bottom/customer/80_bottom_3558.png,80__bottom,0.7452675104141235,0.8512417078018188,False
data/processed/cure_crops/80/bottom/customer/80_bottom_3559.png,80__bottom,0.6947982311248779,0.755168080329895,False
data/processed/cure_crops/80/bottom/customer/80_bottom_3560.png,80__bottom,0.6675177812576294,0.7450412511825562,False
data/processed/cure_crops/80/bottom/customer/80_bottom_3561.png,80__bottom,0.4821043014526367,0.6856780052185059,False
data/processed/cure_crops/80/bottom/customer/80_bottom_3562.png,80__bottom,0.6286181211471558,0.6204401254653931,False
data/processed/cure_crops/80/bottom/customer/80_bottom_3563.png,80__bottom,0.6464258432388306,0.6893337368965149,False
data/processed/cure_crops/80/bottom/customer/80_bottom_3564.png,80__bottom,0.6002376675605774,0.7133514881134033,False
data/processed/cure_crops/80/bottom/customer/80_bottom_3565.png,80__bottom,0.6472984552383423,0.6087061166763306,False
data/processed/cure_crops/80/bottom/customer/80_bottom_3566.png,80__bottom,0.6561895608901978,0.7026830911636353,False
data/processed/cure_crops/80/bottom/customer/80_bottom_3567.png,80__bottom,0.7000859975814819,0.6097251772880554,False
data/processed/cure_crops/80/bottom/customer/80_bottom_3568.png,80__bottom,0.6943622827529907,0.5867877006530762,False
data/processed/cure_crops/80/bottom/customer/80_bottom_3569.png,80__bottom,0.6963030099868774,0.708881139755249,False
data/processed/cure_crops/80/bottom/customer/80_bottom_3570.png,80__bottom,0.6950633525848389,0.6659021973609924,False
data/processed/cure_crops/80/bottom/customer/80_bottom_3571.png,80__bottom,0.6829025745391846,0.6978985071182251,False
data/processed/cure_crops/80/bottom/customer/80_bottom_3572.png,80__bottom,0.7090882062911987,0.6708065867424011,False
data/processed/cure_crops/80/bottom/customer/80_bottom_3573.png,80__bottom,0.6845884323120117,0.7490975856781006,False
data/processed/cure_crops/80/bottom/customer/80_bottom_3574.png,80__bottom,0.7113007307052612,0.622363805770874,False
data/processed/cure_crops/80/bottom/customer/80_bottom_3575.png,80__bottom,0.7276688814163208,0.5490929484367371,False
data/processed/cure_crops/80/bottom/customer/80_bottom_3576.png,80__bottom,0.6618354916572571,0.6665902733802795,False
data/processed/cure_crops/80/bottom/customer/80_bottom_3577.png,80__bottom,0.6980072259902954,0.5373764038085938,False
data/processed/cure_crops/80/top/customer/80_top_3534.png,80__top,0.552413821220398,0.5598562359809875,False
data/processed/cure_crops/80/top/customer/80_top_3535.png,80__top,0.5660611987113953,0.7593005895614624,False
data/processed/cure_crops/80/top/customer/80_top_3536.png,80__top,0.5883476138114929,0.7680798768997192,False
data/processed/cure_crops/80/top/customer/80_top_3537.png,80__top,0.5140038728713989,0.5601469278335571,False
data/processed/cure_crops/80/top/customer/80_top_3538.png,80__top,0.6551331281661987,0.6677904725074768,False
data/processed/cure_crops/80/top/customer/80_top_3539.png,80__top,0.6372806429862976,0.6134264469146729,False
data/processed/cure_crops/80/top/customer/80_top_3540.png,80__top,0.4439677298069,0.4464241564273834,False
data/processed/cure_crops/80/top/customer/80_top_3541.png,80__top,0.5559441447257996,0.5328352451324463,False
data/processed/cure_crops/80/top/customer/80_top_3542.png,80__top,0.6765778064727783,0.6643728017807007,False
data/processed/cure_crops/80/top/customer/80_top_3543.png,80__top,0.6377764940261841,0.6190379858016968,False
data/processed/cure_crops/80/top/customer/80_top_3544.png,80__top,0.6006425619125366,0.5811089277267456,False
data/processed/cure_crops/80/top/customer/80_top_3545.png,80__top,0.6495602130889893,0.44912105798721313,False
data/processed/cure_crops/80/top/customer/80_top_3546.png,80__top,0.6964113712310791,0.44984886050224304,False
data/processed/cure_crops/80/top/customer/80_top_3547.png,80__top,0.6523833870887756,0.6155690550804138,False
data/processed/cure_crops/80/top/customer/80_top_3548.png,80__top,0.6792418956756592,0.5815787315368652,False
data/processed/cure_crops/80/top/customer/80_top_3549.png,80__top,0.6393883228302002,0.5335267782211304,False
data/processed/cure_crops/80/top/customer/80_top_3550.png,80__top,0.661680281162262,0.5412391424179077,False
data/processed/cure_crops/80/top/customer/80_top_3551.png,80__top,0.6832802295684814,0.5811169147491455,False
data/processed/cure_crops/80/top/customer/80_top_3552.png,80__top,0.6815519332885742,0.6398245096206665,False
data/processed/cure_crops/80/top/customer/80_top_3553.png,80__top,0.6663618087768555,0.6473810076713562,False
data/processed/cure_crops/80/top/customer/80_top_3554.png,80__top,0.6545231938362122,0.6473059058189392,False
data/processed/cure_crops/80/top/customer/80_top_3555.png,80__top,0.5178477168083191,0.4227589964866638,False
data/processed/cure_crops/81/bottom/customer/81_bottom_3601.png,81__bottom,0.6978551745414734,0.833418607711792,False
data/processed/cure_crops/81/bottom/customer/81_bottom_3603.png,81__bottom,0.7667465806007385,0.8309041261672974,False
data/processed/cure_crops/81/bottom/customer/81_bottom_3604.png,81__bottom,0.7895194292068481,0.894900918006897,False
data/processed/cure_crops/81/bottom/customer/81_bottom_3605.png,81__bottom,0.5533431768417358,0.7907242178916931,False
data/processed/cure_crops/81/bottom/customer/81_bottom_3606.png,81__bottom,0.6616376638412476,0.7610529661178589,False
data/processed/cure_crops/81/bottom/customer/81_bottom_3607.png,81__bottom,0.6401747465133667,0.78067946434021,False
data/processed/cure_crops/81/bottom/customer/81_bottom_3608.png,81__bottom,0.6295276880264282,0.7450896501541138,False
data/processed/cure_crops/81/bottom/customer/81_bottom_3609.png,81__bottom,0.5456323027610779,0.7119739055633545,False
data/processed/cure_crops/81/bottom/customer/81_bottom_3610.png,81__bottom,0.6016594767570496,0.7167040109634399,False
data/processed/cure_crops/81/bottom/customer/81_bottom_3611.png,81__bottom,0.6398919820785522,0.7253139019012451,False
data/processed/cure_crops/81/bottom/customer/81_bottom_3612.png,81__bottom,0.6698612570762634,0.6600793600082397,False
data/processed/cure_crops/81/bottom/customer/81_bottom_3613.png,81__bottom,0.6727645397186279,0.6257590055465698,False
data/processed/cure_crops/81/bottom/customer/81_bottom_3614.png,81__bottom,0.6754530668258667,0.5919231176376343,False
data/processed/cure_crops/81/bottom/customer/81_bottom_3615.png,81__bottom,0.4366065263748169,0.47073087096214294,False
data/processed/cure_crops/81/bottom/customer/81_bottom_3616.png,81__bottom,0.6314134001731873,0.6088557839393616,False
data/processed/cure_crops/81/bottom/customer/81_bottom_3617.png,81__bottom,0.5914754271507263,0.5968121290206909,False
data/processed/cure_crops/81/bottom/customer/81_bottom_3618.png,81__bottom,0.6312072277069092,0.5898314118385315,False
data/processed/cure_crops/81/bottom/customer/81_bottom_3619.png,81__bottom,0.42390695214271545,0.507775604724884,False
data/processed/cure_crops/81/bottom/customer/81_bottom_3620.png,81__bottom,0.6584060192108154,0.661544919013977,False
data/processed/cure_crops/81/bottom/customer/81_bottom_3621.png,81__bottom,0.4232996106147766,0.3911670446395874,False
data/processed/cure_crops/81/bottom/customer/81_bottom_3622.png,81__bottom,0.5337764024734497,0.618550181388855,False
data/processed/cure_crops/81/bottom/customer/81_bottom_3623.png,81__bottom,0.43502354621887207,0.4711664915084839,False
data/processed/cure_crops/81/top/customer/81_top_3578.png,81__top,0.6989499926567078,0.833690881729126,False
data/processed/cure_crops/81/top/customer/81_top_3580.png,81__top,0.7690026760101318,0.8321612477302551,False
data/processed/cure_crops/81/top/customer/81_top_3581.png,81__top,0.7921675443649292,0.896554172039032,False
data/processed/cure_crops/81/top/customer/81_top_3582.png,81__top,0.5481046438217163,0.7604482173919678,False
data/processed/cure_crops/81/top/customer/81_top_3583.png,81__top,0.6642247438430786,0.7636040449142456,False
data/processed/cure_crops/81/top/customer/81_top_3584.png,81__top,0.6422415971755981,0.7841835618019104,False
data/processed/cure_crops/81/top/customer/81_top_3585.png,81__top,0.6292551755905151,0.7460066676139832,False
data/processed/cure_crops/81/top/customer/81_top_3586.png,81__top,0.5482603311538696,0.7143742442131042,False
data/processed/cure_crops/81/top/customer/81_top_3587.png,81__top,0.6023120880126953,0.717771053314209,False
data/processed/cure_crops/81/top/customer/81_top_3588.png,81__top,0.6407150030136108,0.7270129919052124,False
data/processed/cure_crops/81/top/customer/81_top_3589.png,81__top,0.45833495259284973,0.6827383041381836,False
data/processed/cure_crops/81/top/customer/81_top_3590.png,81__top,0.4842658042907715,0.6525694131851196,False
data/processed/cure_crops/81/top/customer/81_top_3591.png,81__top,0.5846368074417114,0.6604216694831848,False
data/processed/cure_crops/81/top/customer/81_top_3592.png,81__top,0.5745073556900024,0.6699022054672241,False
data/processed/cure_crops/81/top/customer/81_top_3593.png,81__top,0.48312562704086304,0.6562133431434631,False
data/processed/cure_crops/81/top/customer/81_top_3594.png,81__top,0.462873637676239,0.7125551700592041,False
data/processed/cure_crops/81/top/customer/81_top_3595.png,81__top,0.5392037630081177,0.5946728587150574,False
data/processed/cure_crops/81/top/customer/81_top_3596.png,81__top,0.42463114857673645,0.6674784421920776,False
data/processed/cure_crops/81/top/customer/81_top_3597.png,81__top,0.5000541806221008,0.6321588754653931,False
data/processed/cure_crops/81/top/customer/81_top_3598.png,81__top,0.5649863481521606,0.6700524091720581,False
data/processed/cure_crops/81/top/customer/81_top_3599.png,81__top,0.41876542568206787,0.6517665386199951,False
data/processed/cure_crops/81/top/customer/81_top_3600.png,81__top,0.5578012466430664,0.6739957332611084,False
data/processed/cure_crops/82/bottom/customer/82_bottom_3644.png,82__bottom,0.5350240468978882,0.5456615686416626,False
data/processed/cure_crops/82/bottom/customer/82_bottom_3645.png,82__bottom,0.7377408742904663,0.8067486882209778,False
data/processed/cure_crops/82/bottom/customer/82_bottom_3646.png,82__bottom,0.6851049661636353,0.8075064420700073,False
data/processed/cure_crops/82/bottom/customer/82_bottom_3647.png,82__bottom,0.6706942319869995,0.8639498949050903,False
data/processed/cure_crops/82/bottom/customer/82_bottom_3648.png,82__bottom,0.5821262001991272,0.7749977707862854,False
data/processed/cure_crops/82/bottom/customer/82_bottom_3649.png,82__bottom,0.5000942945480347,0.6921645402908325,False
data/processed/cure_crops/82/bottom/customer/82_bottom_3650.png,82__bottom,0.6468958854675293,0.6913905143737793,False
data/processed/cure_crops/82/bottom/customer/82_bottom_3651.png,82__bottom,0.6921626329421997,0.6705305576324463,False
data/processed/cure_crops/82/bottom/customer/82_bottom_3652.png,82__bottom,0.7219868898391724,0.6888116598129272,False
data/processed/cure_crops/82/bottom/customer/82_bottom_3653.png,82__bottom,0.6266918182373047,0.6291829347610474,False
data/processed/cure_crops/82/bottom/customer/82_bottom_3654.png,82__bottom,0.6444358825683594,0.6942025423049927,False
data/processed/cure_crops/82/bottom/customer/82_bottom_3655.png,82__bottom,0.6236088871955872,0.7329096794128418,False
data/processed/cure_crops/82/bottom/customer/82_bottom_3656.png,82__bottom,0.66874760389328,0.7080219388008118,False
data/processed/cure_crops/82/bottom/customer/82_bottom_3657.png,82__bottom,0.5729354619979858,0.5670069456100464,False
data/processed/cure_crops/82/bottom/customer/82_bottom_3658.png,82__bottom,0.6318513751029968,0.6734995245933533,False
data/processed/cure_crops/82/bottom/customer/82_bottom_3659.png,82__bottom,0.5916775465011597,0.6258160471916199,False
data/processed/cure_crops/82/bottom/customer/82_bottom_3660.png,82__bottom,0.6145737171173096,0.6435776352882385,False
data/processed/cure_crops/82/bottom/customer/82_bottom_3661.png,82__bottom,0.5757923126220703,0.6088508367538452,False
data/processed/cure_crops/82/bottom/customer/82_bottom_3662.png,82__bottom,0.5873736143112183,0.5561808943748474,False
data/processed/cure_crops/82/bottom/customer/82_bottom_3663.png,82__bottom,0.6090015769004822,0.5843526124954224,False
data/processed/cure_crops/82/bottom/customer/82_bottom_3664.png,82__bottom,0.6580361127853394,0.6838877201080322,False
data/processed/cure_crops/82/bottom/customer/82_bottom_3665.png,82__bottom,0.6170644760131836,0.5476177334785461,False
data/processed/cure_crops/82/bottom/customer/82_bottom_3666.png,82__bottom,0.5955082774162292,0.5642986297607422,False
data/processed/cure_crops/82/bottom/customer/82_bottom_3667.png,82__bottom,0.5599260926246643,0.6333456039428711,False
data/processed/cure_crops/82/bottom/customer/82_bottom_3668.png,82__bottom,0.6900089383125305,0.6478604078292847,False
data/processed/cure_crops/82/bottom/customer/82_bottom_3669.png,82__bottom,0.5876961350440979,0.6000027060508728,False
data/processed/cure_crops/82/top/customer/82_top_3624.png,82__top,0.6542662382125854,0.652297854423523,False
data/processed/cure_crops/82/top/customer/82_top_3625.png,82__top,0.5594991445541382,0.6828136444091797,False
data/processed/cure_crops/82/top/customer/82_top_3626.png,82__top,0.5367852449417114,0.7444454431533813,False
data/processed/cure_crops/82/top/customer/82_top_3627.png,82__top,0.5336536169052124,0.6594741344451904,False
data/processed/cure_crops/82/top/customer/82_top_3628.png,82__top,0.523419976234436,0.6735763549804688,False
data/processed/cure_crops/82/top/customer/82_top_3629.png,82__top,0.4586482048034668,0.7239406704902649,False
data/processed/cure_crops/82/top/customer/82_top_3630.png,82__top,0.48863452672958374,0.7569712400436401,False
data/processed/cure_crops/82/top/customer/82_top_3631.png,82__top,0.6300219297409058,0.6205868721008301,False
data/processed/cure_crops/82/top/customer/82_top_3632.png,82__top,0.6415143609046936,0.7154561281204224,False
data/processed/cure_crops/82/top/customer/82_top_3633.png,82__top,0.6097151041030884,0.7092719674110413,False
data/processed/cure_crops/82/top/customer/82_top_3634.png,82__top,0.6002635955810547,0.6975758075714111,False
data/processed/cure_crops/82/top/customer/82_top_3635.png,82__top,0.6403881311416626,0.5118740200996399,False
data/processed/cure_crops/82/top/customer/82_top_3636.png,82__top,0.6403886079788208,0.5143269300460815,False
data/processed/cure_crops/82/top/customer/82_top_3637.png,82__top,0.636562705039978,0.46715208888053894,False
data/processed/cure_crops/82/top/customer/82_top_3638.png,82__top,0.6279994249343872,0.542608380317688,False
data/processed/cure_crops/82/top/customer/82_top_3639.png,82__top,0.6155312061309814,0.613814115524292,False
data/processed/cure_crops/82/top/customer/82_top_3640.png,82__top,0.6592139005661011,0.6069191694259644,False
data/processed/cure_crops/82/top/customer/82_top_3641.png,82__top,0.6502201557159424,0.47699064016342163,False
data/processed/cure_crops/82/top/customer/82_top_3642.png,82__top,0.675864577293396,0.5989041328430176,False
data/processed/cure_crops/82/top/customer/82_top_3643.png,82__top,0.6901370882987976,0.5963336229324341,False
data/processed/cure_crops/83/bottom/customer/83_bottom_3689.png,83__bottom,0.6636818647384644,0.7100963592529297,False
data/processed/cure_crops/83/bottom/customer/83_bottom_3690.png,83__bottom,0.6420466899871826,0.7317373752593994,False
data/processed/cure_crops/83/bottom/customer/83_bottom_3691.png,83__bottom,0.5714208483695984,0.5528699159622192,False
data/processed/cure_crops/83/bottom/customer/83_bottom_3692.png,83__bottom,0.6371111869812012,0.6035363674163818,False
data/processed/cure_crops/83/bottom/customer/83_bottom_3693.png,83__bottom,0.5181269645690918,0.5720527768135071,False
data/processed/cure_crops/83/bottom/customer/83_bottom_3694.png,83__bottom,0.5034552216529846,0.6435495615005493,False
data/processed/cure_crops/83/bottom/customer/83_bottom_3695.png,83__bottom,0.5613979697227478,0.4571923613548279,False
data/processed/cure_crops/83/bottom/customer/83_bottom_3696.png,83__bottom,0.47509098052978516,0.6280613541603088,False
data/processed/cure_crops/83/bottom/customer/83_bottom_3697.png,83__bottom,0.5680065155029297,0.5455864071846008,False
data/processed/cure_crops/83/bottom/customer/83_bottom_3698.png,83__bottom,0.7150570154190063,0.2937471568584442,False
data/processed/cure_crops/83/bottom/customer/83_bottom_3699.png,83__bottom,0.7170683145523071,0.3486362099647522,False
data/processed/cure_crops/83/bottom/customer/83_bottom_3700.png,83__bottom,0.7103658318519592,0.3620717525482178,False
data/processed/cure_crops/83/bottom/customer/83_bottom_3701.png,83__bottom,0.7091459035873413,0.3592161536216736,False
data/processed/cure_crops/83/bottom/customer/83_bottom_3702.png,83__bottom,0.7242690324783325,0.31242814660072327,False
data/processed/cure_crops/83/bottom/customer/83_bottom_3703.png,83__bottom,0.6907895803451538,0.3015505373477936,False
data/processed/cure_crops/83/bottom/customer/83_bottom_3704.png,83__bottom,0.7056000828742981,0.3922964930534363,False
data/processed/cure_crops/83/bottom/customer/83_bottom_3705.png,83__bottom,0.7250194549560547,0.34670013189315796,False
data/processed/cure_crops/83/bottom/customer/83_bottom_3706.png,83__bottom,0.7226784229278564,0.3378600776195526,False
data/processed/cure_crops/83/bottom/customer/83_bottom_3707.png,83__bottom,0.7136791348457336,0.38502150774002075,False
data/processed/cure_crops/83/top/customer/83_top_3671.png,83__top,0.7453548908233643,0.7727968692779541,False
data/processed/cure_crops/83/top/customer/83_top_3672.png,83__top,0.768575131893158,0.8255643844604492,False
data/processed/cure_crops/83/top/customer/83_top_3673.png,83__top,0.7008863687515259,0.7146537899971008,False
data/processed/cure_crops/83/top/customer/83_top_3674.png,83__top,0.7448998689651489,0.765183687210083,False
data/processed/cure_crops/83/top/customer/83_top_3676.png,83__top,0.5380163788795471,0.5938656330108643,False
data/processed/cure_crops/83/top/customer/83_top_3677.png,83__top,0.7031344771385193,0.4381222724914551,False
data/processed/cure_crops/83/top/customer/83_top_3678.png,83__top,0.7834316492080688,0.6029079556465149,False
data/processed/cure_crops/83/top/customer/83_top_3679.png,83__top,0.710263729095459,0.5171867609024048,False
data/processed/cure_crops/83/top/customer/83_top_3680.png,83__top,0.7660689353942871,0.8239980936050415,False
data/processed/cure_crops/83/top/customer/83_top_3681.png,83__top,0.7462175488471985,0.7780020236968994,False
data/processed/cure_crops/83/top/customer/83_top_3682.png,83__top,0.7290586233139038,0.8218919634819031,False
data/processed/cure_crops/83/top/customer/83_top_3683.png,83__top,0.7614483833312988,0.7673952579498291,False
data/processed/cure_crops/83/top/customer/83_top_3684.png,83__top,0.7374902963638306,0.7961454391479492,False
data/processed/cure_crops/83/top/customer/83_top_3685.png,83__top,0.7349327802658081,0.7136759757995605,False
data/processed/cure_crops/83/top/customer/83_top_3686.png,83__top,0.7126660346984863,0.7839643955230713,False
data/processed/cure_crops/83/top/customer/83_top_3687.png,83__top,0.6716374158859253,0.7489075064659119,False
data/processed/cure_crops/83/top/customer/83_top_3688.png,83__top,0.7138341665267944,0.7475439310073853,False
data/processed/cure_crops/84/bottom/customer/84_bottom_3736.png,84__bottom,0.7872031927108765,0.8012728691101074,False
data/processed/cure_crops/84/bottom/customer/84_bottom_3737.png,84__bottom,0.7957359552383423,0.8896112442016602,False
data/processed/cure_crops/84/bottom/customer/84_bottom_3738.png,84__bottom,0.783737301826477,0.7669521570205688,False
data/processed/cure_crops/84/bottom/customer/84_bottom_3739.png,84__bottom,0.7593994140625,0.8389592170715332,False
data/processed/cure_crops/84/bottom/customer/84_bottom_3740.png,84__bottom,0.597832441329956,0.6662315130233765,False
data/processed/cure_crops/84/bottom/customer/84_bottom_3741.png,84__bottom,0.6586996912956238,0.6432495713233948,False
data/processed/cure_crops/84/bottom/customer/84_bottom_3742.png,84__bottom,0.7061945796012878,0.7516283392906189,False
data/processed/cure_crops/84/bottom/customer/84_bottom_3743.png,84__bottom,0.6989279985427856,0.7934763431549072,False
data/processed/cure_crops/84/bottom/customer/84_bottom_3744.png,84__bottom,0.7339774370193481,0.6975959539413452,False
data/processed/cure_crops/84/bottom/customer/84_bottom_3745.png,84__bottom,0.732763409614563,0.6175346970558167,False
data/processed/cure_crops/84/bottom/customer/84_bottom_3746.png,84__bottom,0.7584741115570068,0.654761552810669,False
data/processed/cure_crops/84/bottom/customer/84_bottom_3747.png,84__bottom,0.7220392227172852,0.6977322697639465,False
data/processed/cure_crops/84/bottom/customer/84_bottom_3748.png,84__bottom,0.7381114363670349,0.5684276819229126,False
data/processed/cure_crops/84/bottom/customer/84_bottom_3749.png,84__bottom,0.7386382818222046,0.6970105171203613,False
data/processed/cure_crops/84/bottom/customer/84_bottom_3750.png,84__bottom,0.7333333492279053,0.5156517028808594,False
data/processed/cure_crops/84/bottom/customer/84_bottom_3751.png,84__bottom,0.7141462564468384,0.692533016204834,False
data/processed/cure_crops/84/bottom/customer/84_bottom_3752.png,84__bottom,0.7192339897155762,0.6735289692878723,False
data/processed/cure_crops/84/bottom/customer/84_bottom_3753.png,84__bottom,0.7092185616493225,0.6288371086120605,False
data/processed/cure_crops/84/bottom/customer/84_bottom_3754.png,84__bottom,0.7834545373916626,0.6889328956604004,False
data/processed/cure_crops/84/bottom/customer/84_bottom_3755.png,84__bottom,0.7648938298225403,0.5905283689498901,False
data/processed/cure_crops/84/bottom/customer/84_bottom_3756.png,84__bottom,0.6950138807296753,0.7253935933113098,False
data/processed/cure_crops/84/bottom/customer/84_bottom_3757.png,84__bottom,0.7214570045471191,0.6593571901321411,False
data/processed/cure_crops/84/bottom/customer/84_bottom_3758.png,84__bottom,0.7459388375282288,0.6510889530181885,False
data/processed/cure_crops/84/bottom/customer/84_bottom_3759.png,84__bottom,0.7269715070724487,0.7112693786621094,False
data/processed/cure_crops/84/top/customer/84_top_3708.png,84__top,0.7763166427612305,0.5544301271438599,False
data/processed/cure_crops/84/top/customer/84_top_3709.png,84__top,0.7716732025146484,0.7242267727851868,False
data/processed/cure_crops/84/top/customer/84_top_3710.png,84__top,0.7729328870773315,0.8050413131713867,False
data/processed/cure_crops/84/top/customer/84_top_3711.png,84__top,0.7743450403213501,0.8919423818588257,False
data/processed/cure_crops/84/top/customer/84_top_3712.png,84__top,0.6428641080856323,0.6014676094055176,False
data/processed/cure_crops/84/top/customer/84_top_3713.png,84__top,0.6213867664337158,0.6114048957824707,False
data/processed/cure_crops/84/top/customer/84_top_3714.png,84__top,0.7469469308853149,0.8153723478317261,False
data/processed/cure_crops/84/top/customer/84_top_3715.png,84__top,0.6850950717926025,0.6955455541610718,False
data/processed/cure_crops/84/top/customer/84_top_3716.png,84__top,0.7249038815498352,0.757420539855957,False
data/processed/cure_crops/84/top/customer/84_top_3717.png,84__top,0.6958853006362915,0.7672281265258789,False
data/processed/cure_crops/84/top/customer/84_top_3718.png,84__top,0.7916948795318604,0.6841701865196228,False
data/processed/cure_crops/84/top/customer/84_top_3719.png,84__top,0.6889392733573914,0.7584635019302368,False
data/processed/cure_crops/84/top/customer/84_top_3720.png,84__top,0.6585693359375,0.6931154727935791,False
data/processed/cure_crops/84/top/customer/84_top_3721.png,84__top,0.6911917924880981,0.5632072687149048,False
data/processed/cure_crops/84/top/customer/84_top_3722.png,84__top,0.644027054309845,0.6557663083076477,False
data/processed/cure_crops/84/top/customer/84_top_3723.png,84__top,0.6791738271713257,0.7855249047279358,False
data/processed/cure_crops/84/top/customer/84_top_3724.png,84__top,0.6930193901062012,0.6766654849052429,False
data/processed/cure_crops/84/top/customer/84_top_3725.png,84__top,0.6730099320411682,0.6486412882804871,False
data/processed/cure_crops/84/top/customer/84_top_3726.png,84__top,0.7096084356307983,0.7399097681045532,False
data/processed/cure_crops/84/top/customer/84_top_3727.png,84__top,0.7943284511566162,0.7924501895904541,False
data/processed/cure_crops/84/top/customer/84_top_3728.png,84__top,0.7410286664962769,0.7587525248527527,False
data/processed/cure_crops/84/top/customer/84_top_3729.png,84__top,0.7796129584312439,0.6876012086868286,False
data/processed/cure_crops/84/top/customer/84_top_3730.png,84__top,0.7025476098060608,0.7917855978012085,False
data/processed/cure_crops/84/top/customer/84_top_3731.png,84__top,0.6603479981422424,0.7728754281997681,False
data/processed/cure_crops/84/top/customer/84_top_3732.png,84__top,0.7694194316864014,0.7462136745452881,False
data/processed/cure_crops/84/top/customer/84_top_3733.png,84__top,0.7034806609153748,0.7552878856658936,False
data/processed/cure_crops/84/top/customer/84_top_3734.png,84__top,0.650922954082489,0.7587053775787354,False
data/processed/cure_crops/84/top/customer/84_top_3735.png,84__top,0.6946954131126404,0.7437340021133423,False
data/processed/cure_crops/85/bottom/customer/85_bottom_3783.png,85__bottom,0.6945727467536926,0.7899417877197266,False
data/processed/cure_crops/85/bottom/customer/85_bottom_3784.png,85__bottom,0.6471912860870361,0.6924713850021362,False
data/processed/cure_crops/85/bottom/customer/85_bottom_3785.png,85__bottom,0.7281897068023682,0.8336355686187744,False
data/processed/cure_crops/85/bottom/customer/85_bottom_3786.png,85__bottom,0.7844048738479614,0.8170010447502136,False
data/processed/cure_crops/85/bottom/customer/85_bottom_3787.png,85__bottom,0.45934000611305237,0.5629698634147644,False
data/processed/cure_crops/85/bottom/customer/85_bottom_3788.png,85__bottom,0.5486869215965271,0.5451351404190063,False
data/processed/cure_crops/85/bottom/customer/85_bottom_3789.png,85__bottom,0.5359878540039062,0.5875251889228821,False
data/processed/cure_crops/85/bottom/customer/85_bottom_3790.png,85__bottom,0.5734376907348633,0.6458112597465515,False
data/processed/cure_crops/85/bottom/customer/85_bottom_3791.png,85__bottom,0.5521104335784912,0.6642872095108032,False
data/processed/cure_crops/85/bottom/customer/85_bottom_3792.png,85__bottom,0.5649902820587158,0.5396817922592163,False
data/processed/cure_crops/85/bottom/customer/85_bottom_3793.png,85__bottom,0.629915714263916,0.6048545837402344,False
data/processed/cure_crops/85/bottom/customer/85_bottom_3794.png,85__bottom,0.5626331567764282,0.6700040102005005,False
data/processed/cure_crops/85/bottom/customer/85_bottom_3795.png,85__bottom,0.5660788416862488,0.6235666275024414,False
data/processed/cure_crops/85/bottom/customer/85_bottom_3796.png,85__bottom,0.4516185522079468,0.4545939564704895,False
data/processed/cure_crops/85/bottom/customer/85_bottom_3797.png,85__bottom,0.6085202097892761,0.6133993864059448,False
data/processed/cure_crops/85/bottom/customer/85_bottom_3798.png,85__bottom,0.566936194896698,0.5051493644714355,False
data/processed/cure_crops/85/bottom/customer/85_bottom_3799.png,85__bottom,0.5890069603919983,0.6934639811515808,False
data/processed/cure_crops/85/bottom/customer/85_bottom_3800.png,85__bottom,0.5946647524833679,0.6486430168151855,False
data/processed/cure_crops/85/bottom/customer/85_bottom_3801.png,85__bottom,0.6071317195892334,0.6733079552650452,False
data/processed/cure_crops/85/bottom/customer/85_bottom_3802.png,85__bottom,0.5925482511520386,0.6625982522964478,False
data/processed/cure_crops/85/bottom/customer/85_bottom_3803.png,85__bottom,0.5530657172203064,0.685762345790863,False
data/processed/cure_crops/85/bottom/customer/85_bottom_3804.png,85__bottom,0.6223723888397217,0.6257442235946655,False
data/processed/cure_crops/85/bottom/customer/85_bottom_3805.png,85__bottom,0.5792102217674255,0.6176028251647949,False
data/processed/cure_crops/85/top/customer/85_top_3760.png,85__top,0.6626319885253906,0.7968477606773376,False
data/processed/cure_crops/85/top/customer/85_top_3761.png,85__top,0.6626874804496765,0.7984259128570557,False
data/processed/cure_crops/85/top/customer/85_top_3762.png,85__top,0.7715533971786499,0.8613541126251221,False
data/processed/cure_crops/85/top/customer/85_top_3763.png,85__top,0.8264819383621216,0.895085334777832,False
data/processed/cure_crops/85/top/customer/85_top_3764.png,85__top,0.5961153507232666,0.6345525979995728,False
data/processed/cure_crops/85/top/customer/85_top_3765.png,85__top,0.4881548285484314,0.7442315220832825,False
data/processed/cure_crops/85/top/customer/85_top_3766.png,85__top,0.601962149143219,0.7742646932601929,False
data/processed/cure_crops/85/top/customer/85_top_3767.png,85__top,0.7324360609054565,0.6693318486213684,False
data/processed/cure_crops/85/top/customer/85_top_3768.png,85__top,0.5764721035957336,0.5998365879058838,False
data/processed/cure_crops/85/top/customer/85_top_3769.png,85__top,0.7731916308403015,0.740740954875946,False
data/processed/cure_crops/85/top/customer/85_top_3770.png,85__top,0.6637235879898071,0.7708779573440552,False
data/processed/cure_crops/85/top/customer/85_top_3771.png,85__top,0.7258042097091675,0.7985992431640625,False
data/processed/cure_crops/85/top/customer/85_top_3772.png,85__top,0.6398071050643921,0.7539383769035339,False
data/processed/cure_crops/85/top/customer/85_top_3773.png,85__top,0.736439049243927,0.7895345687866211,False
data/processed/cure_crops/85/top/customer/85_top_3774.png,85__top,0.7198497653007507,0.6684393286705017,False
data/processed/cure_crops/85/top/customer/85_top_3775.png,85__top,0.6476922035217285,0.7632519006729126,False
data/processed/cure_crops/85/top/customer/85_top_3776.png,85__top,0.719000518321991,0.7785645723342896,False
data/processed/cure_crops/85/top/customer/85_top_3777.png,85__top,0.7646524310112,0.7885401248931885,False
data/processed/cure_crops/85/top/customer/85_top_3778.png,85__top,0.7657172679901123,0.7271754741668701,False
data/processed/cure_crops/85/top/customer/85_top_3779.png,85__top,0.7707123756408691,0.689526379108429,False
data/processed/cure_crops/85/top/customer/85_top_3780.png,85__top,0.7319758534431458,0.8192281723022461,False
data/processed/cure_crops/85/top/customer/85_top_3781.png,85__top,0.6856330633163452,0.8053444623947144,False
data/processed/cure_crops/85/top/customer/85_top_3782.png,85__top,0.731753408908844,0.7973734140396118,False
data/processed/cure_crops/86/bottom/customer/86_bottom_3825.png,86__bottom,0.7912856936454773,0.7739668488502502,False
data/processed/cure_crops/86/bottom/customer/86_bottom_3826.png,86__bottom,0.7445966601371765,0.7654660940170288,False
data/processed/cure_crops/86/bottom/customer/86_bottom_3827.png,86__bottom,0.6853827238082886,0.7232008576393127,False
data/processed/cure_crops/86/bottom/customer/86_bottom_3828.png,86__bottom,0.7309302091598511,0.8053909540176392,False
data/processed/cure_crops/86/bottom/customer/86_bottom_3829.png,86__bottom,0.5693638324737549,0.689399003982544,False
data/processed/cure_crops/86/bottom/customer/86_bottom_3830.png,86__bottom,0.6499794721603394,0.6490214467048645,False
data/processed/cure_crops/86/bottom/customer/86_bottom_3831.png,86__bottom,0.6513826847076416,0.5874691009521484,False
data/processed/cure_crops/86/bottom/customer/86_bottom_3832.png,86__bottom,0.709294319152832,0.5140861868858337,False
data/processed/cure_crops/86/bottom/customer/86_bottom_3833.png,86__bottom,0.7048702239990234,0.6769062280654907,False
data/processed/cure_crops/86/bottom/customer/86_bottom_3834.png,86__bottom,0.5526970624923706,0.7103613615036011,False
data/processed/cure_crops/86/bottom/customer/86_bottom_3835.png,86__bottom,0.5787615776062012,0.7196205854415894,False
data/processed/cure_crops/86/bottom/customer/86_bottom_3836.png,86__bottom,0.6242451071739197,0.7559405565261841,False
data/processed/cure_crops/86/bottom/customer/86_bottom_3837.png,86__bottom,0.604249894618988,0.714085578918457,False
data/processed/cure_crops/86/bottom/customer/86_bottom_3838.png,86__bottom,0.5931615829467773,0.6646929383277893,False
data/processed/cure_crops/86/bottom/customer/86_bottom_3839.png,86__bottom,0.5995926856994629,0.702585756778717,False
data/processed/cure_crops/86/bottom/customer/86_bottom_3840.png,86__bottom,0.5555773973464966,0.6574509739875793,False
data/processed/cure_crops/86/bottom/customer/86_bottom_3841.png,86__bottom,0.5438684821128845,0.5536133050918579,False
data/processed/cure_crops/86/bottom/customer/86_bottom_3842.png,86__bottom,0.5404245257377625,0.6051555275917053,False
data/processed/cure_crops/86/bottom/customer/86_bottom_3843.png,86__bottom,0.5965017676353455,0.660944938659668,False
data/processed/cure_crops/86/bottom/customer/86_bottom_3844.png,86__bottom,0.6216817498207092,0.6595110297203064,False
data/processed/cure_crops/86/bottom/customer/86_bottom_3845.png,86__bottom,0.559288501739502,0.6380490064620972,False
data/processed/cure_crops/86/top/customer/86_top_3808.png,86__top,0.7065838575363159,0.7777959108352661,False
data/processed/cure_crops/86/top/customer/86_top_3809.png,86__top,0.6670793890953064,0.7537605166435242,False
data/processed/cure_crops/86/top/customer/86_top_3810.png,86__top,0.5199242830276489,0.5183517932891846,False
data/processed/cure_crops/86/top/customer/86_top_3811.png,86__top,0.5493581295013428,0.6567028760910034,False
data/processed/cure_crops/86/top/customer/86_top_3812.png,86__top,0.4951235055923462,0.6898101568222046,False
data/processed/cure_crops/86/top/customer/86_top_3813.png,86__top,0.7408038377761841,0.529121994972229,False
data/processed/cure_crops/86/top/customer/86_top_3814.png,86__top,0.745162308216095,0.6068509817123413,False
data/processed/cure_crops/86/top/customer/86_top_3815.png,86__top,0.6727869510650635,0.583306610584259,False
data/processed/cure_crops/86/top/customer/86_top_3816.png,86__top,0.6840904951095581,0.6400061845779419,False
data/processed/cure_crops/86/top/customer/86_top_3817.png,86__top,0.6707896590232849,0.6549093723297119,False
data/processed/cure_crops/86/top/customer/86_top_3818.png,86__top,0.745901346206665,0.6826567649841309,False
data/processed/cure_crops/86/top/customer/86_top_3819.png,86__top,0.7178071737289429,0.7325162291526794,False
data/processed/cure_crops/86/top/customer/86_top_3820.png,86__top,0.673699140548706,0.6983826160430908,False
data/processed/cure_crops/86/top/customer/86_top_3821.png,86__top,0.7098745107650757,0.668880820274353,False
data/processed/cure_crops/86/top/customer/86_top_3822.png,86__top,0.6681602001190186,0.6356024742126465,False
data/processed/cure_crops/86/top/customer/86_top_3823.png,86__top,0.7103490829467773,0.6854794025421143,False
data/processed/cure_crops/86/top/customer/86_top_3824.png,86__top,0.6871810555458069,0.7457523345947266,False
data/processed/cure_crops/87/bottom/customer/87_bottom_3868.png,87__bottom,0.7720904350280762,0.8006085157394409,False
data/processed/cure_crops/87/bottom/customer/87_bottom_3869.png,87__bottom,0.800914466381073,0.8261361122131348,False
data/processed/cure_crops/87/bottom/customer/87_bottom_3870.png,87__bottom,0.7042520642280579,0.6897944808006287,False
data/processed/cure_crops/87/bottom/customer/87_bottom_3871.png,87__bottom,0.6020344495773315,0.7922265529632568,False
data/processed/cure_crops/87/bottom/customer/87_bottom_3872.png,87__bottom,0.5740038156509399,0.7048662900924683,False
data/processed/cure_crops/87/bottom/customer/87_bottom_3873.png,87__bottom,0.6157190203666687,0.7583332061767578,False
data/processed/cure_crops/87/bottom/customer/87_bottom_3874.png,87__bottom,0.6891152858734131,0.6009187698364258,False
data/processed/cure_crops/87/bottom/customer/87_bottom_3875.png,87__bottom,0.756191074848175,0.6026278734207153,False
data/processed/cure_crops/87/bottom/customer/87_bottom_3876.png,87__bottom,0.7907856702804565,0.621999979019165,False
data/processed/cure_crops/87/bottom/customer/87_bottom_3877.png,87__bottom,0.5868879556655884,0.751044511795044,False
data/processed/cure_crops/87/bottom/customer/87_bottom_3878.png,87__bottom,0.6864415407180786,0.7660940289497375,False
data/processed/cure_crops/87/bottom/customer/87_bottom_3879.png,87__bottom,0.654395341873169,0.7069776058197021,False
data/processed/cure_crops/87/bottom/customer/87_bottom_3880.png,87__bottom,0.6631597280502319,0.6984069347381592,False
data/processed/cure_crops/87/bottom/customer/87_bottom_3881.png,87__bottom,0.5491727590560913,0.5290341973304749,False
data/processed/cure_crops/87/bottom/customer/87_bottom_3882.png,87__bottom,0.6831387877464294,0.7362591028213501,False
data/processed/cure_crops/87/bottom/customer/87_bottom_3883.png,87__bottom,0.6846210956573486,0.7530534267425537,False
data/processed/cure_crops/87/bottom/customer/87_bottom_3884.png,87__bottom,0.6545737981796265,0.7376190423965454,False
data/processed/cure_crops/87/bottom/customer/87_bottom_3885.png,87__bottom,0.6393676996231079,0.6838250160217285,False
data/processed/cure_crops/87/bottom/customer/87_bottom_3886.png,87__bottom,0.6651835441589355,0.7388565540313721,False
data/processed/cure_crops/87/bottom/customer/87_bottom_3887.png,87__bottom,0.6245409846305847,0.7370795011520386,False
data/processed/cure_crops/87/top/customer/87_top_3846.png,87__top,0.7149961590766907,0.6230058670043945,False
data/processed/cure_crops/87/top/customer/87_top_3847.png,87__top,0.6942379474639893,0.5873799324035645,False
data/processed/cure_crops/87/top/customer/87_top_3848.png,87__top,0.543661892414093,0.6045074462890625,False
data/processed/cure_crops/87/top/customer/87_top_3849.png,87__top,0.6159229278564453,0.6054408550262451,False
data/processed/cure_crops/87/top/customer/87_top_3850.png,87__top,0.6063981056213379,0.7890607118606567,False
data/processed/cure_crops/87/top/customer/87_top_3851.png,87__top,0.475060373544693,0.5277986526489258,False
data/processed/cure_crops/87/top/customer/87_top_3853.png,87__top,0.6160264015197754,0.6287646889686584,False
data/processed/cure_crops/87/top/customer/87_top_3854.png,87__top,0.7258197665214539,0.5423632860183716,False
data/processed/cure_crops/87/top/customer/87_top_3855.png,87__top,0.5892306566238403,0.5237637758255005,False
data/processed/cure_crops/87/top/customer/87_top_3856.png,87__top,0.6750962734222412,0.5240206718444824,False
data/processed/cure_crops/87/top/customer/87_top_3857.png,87__top,0.5869094133377075,0.5884389877319336,False
data/processed/cure_crops/87/top/customer/87_top_3858.png,87__top,0.50232994556427,0.467472106218338,False
data/processed/cure_crops/87/top/customer/87_top_3859.png,87__top,0.6005252599716187,0.5479626655578613,False
data/processed/cure_crops/87/top/customer/87_top_3860.png,87__top,0.5960701704025269,0.5976894497871399,False
data/processed/cure_crops/87/top/customer/87_top_3861.png,87__top,0.5649654269218445,0.5886237621307373,False
data/processed/cure_crops/87/top/customer/87_top_3862.png,87__top,0.5921149253845215,0.6249854564666748,False
data/processed/cure_crops/87/top/customer/87_top_3863.png,87__top,0.582064151763916,0.5360546112060547,False
data/processed/cure_crops/87/top/customer/87_top_3864.png,87__top,0.598905086517334,0.5322260856628418,False
data/processed/cure_crops/87/top/customer/87_top_3865.png,87__top,0.5864388346672058,0.5762168169021606,False
data/processed/cure_crops/87/top/customer/87_top_3866.png,87__top,0.4844664931297302,0.47742658853530884,False
data/processed/cure_crops/87/top/customer/87_top_3867.png,87__top,0.5409629940986633,0.5129126310348511,False
data/processed/cure_crops/88/bottom/customer/88_bottom_3909.png,88__bottom,0.6816487312316895,0.48613202571868896,False
data/processed/cure_crops/88/bottom/customer/88_bottom_3910.png,88__bottom,0.66230309009552,0.5628164410591125,False
data/processed/cure_crops/88/bottom/customer/88_bottom_3911.png,88__bottom,0.648298978805542,0.5550277829170227,False
data/processed/cure_crops/88/bottom/customer/88_bottom_3912.png,88__bottom,0.6872708201408386,0.6371612548828125,False
data/processed/cure_crops/88/bottom/customer/88_bottom_3913.png,88__bottom,0.5168983936309814,0.5983767509460449,False
data/processed/cure_crops/88/bottom/customer/88_bottom_3914.png,88__bottom,0.4774235785007477,0.5844358205795288,False
data/processed/cure_crops/88/bottom/customer/88_bottom_3915.png,88__bottom,0.5383592247962952,0.457496702671051,False
data/processed/cure_crops/88/bottom/customer/88_bottom_3916.png,88__bottom,0.5608583688735962,0.4972546100616455,False
data/processed/cure_crops/88/bottom/customer/88_bottom_3917.png,88__bottom,0.5193078517913818,0.4058341979980469,False
data/processed/cure_crops/88/bottom/customer/88_bottom_3918.png,88__bottom,0.6717637777328491,0.6637594699859619,False
data/processed/cure_crops/88/bottom/customer/88_bottom_3919.png,88__bottom,0.6294737458229065,0.6211553812026978,False
data/processed/cure_crops/88/bottom/customer/88_bottom_3920.png,88__bottom,0.6631000638008118,0.7222785949707031,False
data/processed/cure_crops/88/bottom/customer/88_bottom_3921.png,88__bottom,0.6685172319412231,0.6420843005180359,False
data/processed/cure_crops/88/bottom/customer/88_bottom_3922.png,88__bottom,0.6404062509536743,0.6626113653182983,False
data/processed/cure_crops/88/bottom/customer/88_bottom_3923.png,88__bottom,0.6888939738273621,0.5949009656906128,False
data/processed/cure_crops/88/bottom/customer/88_bottom_3924.png,88__bottom,0.4290233850479126,0.43542537093162537,False
data/processed/cure_crops/88/bottom/customer/88_bottom_3925.png,88__bottom,0.6968202590942383,0.6989998817443848,False
data/processed/cure_crops/88/bottom/customer/88_bottom_3926.png,88__bottom,0.6408693790435791,0.6424787044525146,False
data/processed/cure_crops/88/bottom/customer/88_bottom_3927.png,88__bottom,0.5736908316612244,0.6440594792366028,False
data/processed/cure_crops/88/bottom/customer/88_bottom_3928.png,88__bottom,0.6533904075622559,0.6866165995597839,False
data/processed/cure_crops/88/bottom/customer/88_bottom_3929.png,88__bottom,0.623784065246582,0.664304256439209,False
data/processed/cure_crops/88/bottom/customer/88_bottom_3930.png,88__bottom,0.7017586827278137,0.646568775177002,False
data/processed/cure_crops/88/top/customer/88_top_3888.png,88__top,0.7040611505508423,0.7439413666725159,False
data/processed/cure_crops/88/top/customer/88_top_3889.png,88__top,0.7075375318527222,0.8426396250724792,False
data/processed/cure_crops/88/top/customer/88_top_3890.png,88__top,0.6134468913078308,0.7852400541305542,False
data/processed/cure_crops/88/top/customer/88_top_3891.png,88__top,0.5973072052001953,0.7399173974990845,False
data/processed/cure_crops/88/top/customer/88_top_3892.png,88__top,0.49600982666015625,0.6556464433670044,False
data/processed/cure_crops/88/top/customer/88_top_3893.png,88__top,0.5972896814346313,0.6501359939575195,False
data/processed/cure_crops/88/top/customer/88_top_3894.png,88__top,0.7669867277145386,0.7283582091331482,False
data/processed/cure_crops/88/top/customer/88_top_3895.png,88__top,0.7316633462905884,0.6690921783447266,False
data/processed/cure_crops/88/top/customer/88_top_3896.png,88__top,0.7105758190155029,0.7179517149925232,False
data/processed/cure_crops/88/top/customer/88_top_3897.png,88__top,0.6790018081665039,0.7473027110099792,False
data/processed/cure_crops/88/top/customer/88_top_3898.png,88__top,0.6288926005363464,0.6289093494415283,False
data/processed/cure_crops/88/top/customer/88_top_3899.png,88__top,0.6137367486953735,0.6308351755142212,False
data/processed/cure_crops/88/top/customer/88_top_3900.png,88__top,0.7124136686325073,0.5957295298576355,False
data/processed/cure_crops/88/top/customer/88_top_3901.png,88__top,0.7134883403778076,0.49608945846557617,False
data/processed/cure_crops/88/top/customer/88_top_3902.png,88__top,0.6166314482688904,0.5401880741119385,False
data/processed/cure_crops/88/top/customer/88_top_3903.png,88__top,0.6751338243484497,0.6852074861526489,False
data/processed/cure_crops/88/top/customer/88_top_3904.png,88__top,0.7419291734695435,0.4951733946800232,False
data/processed/cure_crops/88/top/customer/88_top_3905.png,88__top,0.6289968490600586,0.4836878180503845,False
data/processed/cure_crops/88/top/customer/88_top_3906.png,88__top,0.6787325143814087,0.7156573534011841,False
data/processed/cure_crops/88/top/customer/88_top_3907.png,88__top,0.5754294991493225,0.5002976655960083,False
data/processed/cure_crops/88/top/customer/88_top_3908.png,88__top,0.6717614531517029,0.5069458484649658,False
data/processed/cure_crops/89/bottom/customer/89_bottom_3956.png,89__bottom,0.6648561954498291,0.4820021092891693,False
data/processed/cure_crops/89/bottom/customer/89_bottom_3957.png,89__bottom,0.638801634311676,0.6121772527694702,False
data/processed/cure_crops/89/bottom/customer/89_bottom_3958.png,89__bottom,0.6958171129226685,0.7182728052139282,False
data/processed/cure_crops/89/bottom/customer/89_bottom_3959.png,89__bottom,0.598831057548523,0.6620515584945679,False
data/processed/cure_crops/89/bottom/customer/89_bottom_3960.png,89__bottom,0.596724808216095,0.6109044551849365,False
data/processed/cure_crops/89/bottom/customer/89_bottom_3961.png,89__bottom,0.5483279824256897,0.5242575407028198,False
data/processed/cure_crops/89/bottom/customer/89_bottom_3962.png,89__bottom,0.47097569704055786,0.6035231351852417,False
data/processed/cure_crops/89/bottom/customer/89_bottom_3963.png,89__bottom,0.4960048794746399,0.7230143547058105,False
data/processed/cure_crops/89/bottom/customer/89_bottom_3964.png,89__bottom,0.44876864552497864,0.7148860692977905,False
data/processed/cure_crops/89/bottom/customer/89_bottom_3965.png,89__bottom,0.6035460233688354,0.5962079763412476,False
data/processed/cure_crops/89/bottom/customer/89_bottom_3966.png,89__bottom,0.6330404281616211,0.43723469972610474,False
data/processed/cure_crops/89/bottom/customer/89_bottom_3967.png,89__bottom,0.6241912841796875,0.4760662913322449,False
data/processed/cure_crops/89/bottom/customer/89_bottom_3968.png,89__bottom,0.6477556228637695,0.44496920704841614,False
data/processed/cure_crops/89/bottom/customer/89_bottom_3969.png,89__bottom,0.6636112928390503,0.5158213973045349,False
data/processed/cure_crops/89/bottom/customer/89_bottom_3970.png,89__bottom,0.6452500224113464,0.5068694353103638,False
data/processed/cure_crops/89/bottom/customer/89_bottom_3971.png,89__bottom,0.7542171478271484,0.5516147613525391,False
data/processed/cure_crops/89/bottom/customer/89_bottom_3972.png,89__bottom,0.6825307607650757,0.46574458479881287,False
data/processed/cure_crops/89/bottom/customer/89_bottom_3973.png,89__bottom,0.6892277002334595,0.6396777629852295,False
data/processed/cure_crops/89/bottom/customer/89_bottom_3974.png,89__bottom,0.7643622159957886,0.6064165830612183,False
data/processed/cure_crops/89/bottom/customer/89_bottom_3975.png,89__bottom,0.6296743154525757,0.5212526321411133,False
data/processed/cure_crops/89/bottom/customer/89_bottom_3976.png,89__bottom,0.7185131311416626,0.4994824528694153,False
data/processed/cure_crops/89/bottom/customer/89_bottom_3977.png,89__bottom,0.5726314783096313,0.5598064661026001,False
data/processed/cure_crops/89/bottom/customer/89_bottom_3978.png,89__bottom,0.745378851890564,0.5284855365753174,False
data/processed/cure_crops/89/bottom/customer/89_bottom_3979.png,89__bottom,0.7059991359710693,0.5069100856781006,False
data/processed/cure_crops/89/bottom/customer/89_bottom_3980.png,89__bottom,0.7005223035812378,0.4631817638874054,False
data/processed/cure_crops/89/top/customer/89_top_3931.png,89__top,0.688122034072876,0.7425888776779175,False
data/processed/cure_crops/89/top/customer/89_top_3932.png,89__top,0.7144840955734253,0.7569341659545898,False
data/processed/cure_crops/89/top/customer/89_top_3933.png,89__top,0.6839675903320312,0.7208737134933472,False
data/processed/cure_crops/89/top/customer/89_top_3934.png,89__top,0.6906792521476746,0.7005295753479004,False
data/processed/cure_crops/89/top/customer/89_top_3935.png,89__top,0.553707480430603,0.7138486504554749,False
data/processed/cure_crops/89/top/customer/89_top_3936.png,89__top,0.6622288823127747,0.6384861469268799,False
data/processed/cure_crops/89/top/customer/89_top_3937.png,89__top,0.5880654454231262,0.7311151027679443,False
data/processed/cure_crops/89/top/customer/89_top_3938.png,89__top,0.6319260001182556,0.743952751159668,False
data/processed/cure_crops/89/top/customer/89_top_3939.png,89__top,0.5352815985679626,0.6679767370223999,False
data/processed/cure_crops/89/top/customer/89_top_3940.png,89__top,0.6751195192337036,0.806894838809967,False
data/processed/cure_crops/89/top/customer/89_top_3941.png,89__top,0.7965563535690308,0.6743903160095215,False
data/processed/cure_crops/89/top/customer/89_top_3942.png,89__top,0.776108980178833,0.7250368595123291,False
data/processed/cure_crops/89/top/customer/89_top_3943.png,89__top,0.7785080671310425,0.5678513050079346,False
data/processed/cure_crops/89/top/customer/89_top_3944.png,89__top,0.7691407203674316,0.7580045461654663,False
data/processed/cure_crops/89/top/customer/89_top_3945.png,89__top,0.6542619466781616,0.7355420589447021,False
data/processed/cure_crops/89/top/customer/89_top_3946.png,89__top,0.7105848789215088,0.7497880458831787,False
data/processed/cure_crops/89/top/customer/89_top_3947.png,89__top,0.7598214149475098,0.5775147676467896,False
data/processed/cure_crops/89/top/customer/89_top_3948.png,89__top,0.794069230556488,0.6837760806083679,False
data/processed/cure_crops/89/top/customer/89_top_3949.png,89__top,0.7311561703681946,0.7152683138847351,False
data/processed/cure_crops/89/top/customer/89_top_3950.png,89__top,0.6321133971214294,0.4049445688724518,False
data/processed/cure_crops/89/top/customer/89_top_3951.png,89__top,0.8194871544837952,0.6562384963035583,False
data/processed/cure_crops/89/top/customer/89_top_3952.png,89__top,0.7799991369247437,0.7404752373695374,False
data/processed/cure_crops/89/top/customer/89_top_3953.png,89__top,0.5686079263687134,0.7745580673217773,False
data/processed/cure_crops/89/top/customer/89_top_3954.png,89__top,0.7762904763221741,0.6116465330123901,False
data/processed/cure_crops/89/top/customer/89_top_3955.png,89__top,0.6594544649124146,0.7180638313293457,False
data/processed/cure_crops/9/bottom/customer/9_bottom_406.png,9__bottom,0.4539484679698944,0.7817394733428955,False
data/processed/cure_crops/9/bottom/customer/9_bottom_408.png,9__bottom,0.4514749050140381,0.7898746728897095,False
data/processed/cure_crops/9/bottom/customer/9_bottom_409.png,9__bottom,0.5068068504333496,0.7884706258773804,False
data/processed/cure_crops/9/bottom/customer/9_bottom_410.png,9__bottom,0.35560905933380127,0.6121550798416138,False
data/processed/cure_crops/9/bottom/customer/9_bottom_412.png,9__bottom,0.36225348711013794,0.6412259340286255,False
data/processed/cure_crops/9/bottom/customer/9_bottom_413.png,9__bottom,0.3748348355293274,0.6854380369186401,False
data/processed/cure_crops/9/bottom/customer/9_bottom_414.png,9__bottom,0.3690534234046936,0.6732538938522339,False
data/processed/cure_crops/9/bottom/customer/9_bottom_415.png,9__bottom,0.3762025237083435,0.7073597311973572,False
data/processed/cure_crops/9/bottom/customer/9_bottom_416.png,9__bottom,0.43728625774383545,0.5922130346298218,False
data/processed/cure_crops/9/bottom/customer/9_bottom_417.png,9__bottom,0.44664087891578674,0.5759366750717163,False
data/processed/cure_crops/9/bottom/customer/9_bottom_418.png,9__bottom,0.44141754508018494,0.6740782260894775,False
data/processed/cure_crops/9/bottom/customer/9_bottom_419.png,9__bottom,0.47528043389320374,0.4805653691291809,False
data/processed/cure_crops/9/bottom/customer/9_bottom_420.png,9__bottom,0.43977105617523193,0.5434482097625732,False
data/processed/cure_crops/9/bottom/customer/9_bottom_421.png,9__bottom,0.4648755192756653,0.48453354835510254,False
data/processed/cure_crops/9/bottom/customer/9_bottom_422.png,9__bottom,0.4785759747028351,0.6760700345039368,False
data/processed/cure_crops/9/bottom/customer/9_bottom_423.png,9__bottom,0.4584040343761444,0.6974598169326782,False
data/processed/cure_crops/9/bottom/customer/9_bottom_424.png,9__bottom,0.4647778868675232,0.4872431755065918,False
data/processed/cure_crops/9/bottom/customer/9_bottom_425.png,9__bottom,0.47359520196914673,0.5129916071891785,False
data/processed/cure_crops/9/bottom/customer/9_bottom_426.png,9__bottom,0.21945354342460632,0.2727694511413574,False
data/processed/cure_crops/9/bottom/customer/9_bottom_427.png,9__bottom,0.4583953320980072,0.4640861749649048,False
data/processed/cure_crops/9/bottom/customer/9_bottom_428.png,9__bottom,0.4529150128364563,0.6304311156272888,False
data/processed/cure_crops/9/bottom/customer/9_bottom_429.png,9__bottom,0.4641907811164856,0.41750457882881165,False
data/processed/cure_crops/9/bottom/customer/9_bottom_430.png,9__bottom,0.4482295513153076,0.6223621964454651,False
data/processed/cure_crops/9/top/customer/9_top_382.png,9__top,0.7469326257705688,0.731489896774292,False
data/processed/cure_crops/9/top/customer/9_top_384.png,9__top,0.7405771017074585,0.6708027124404907,False
data/processed/cure_crops/9/top/customer/9_top_385.png,9__top,0.7373515367507935,0.7679672241210938,False
data/processed/cure_crops/9/top/customer/9_top_386.png,9__top,0.6911799907684326,0.7228043675422668,False
data/processed/cure_crops/9/top/customer/9_top_387.png,9__top,0.6574649810791016,0.5936089754104614,False
data/processed/cure_crops/9/top/customer/9_top_388.png,9__top,0.696408212184906,0.6433930397033691,False
data/processed/cure_crops/9/top/customer/9_top_389.png,9__top,0.7634913921356201,0.7381062507629395,False
data/processed/cure_crops/9/top/customer/9_top_390.png,9__top,0.673477292060852,0.7218433618545532,False
data/processed/cure_crops/9/top/customer/9_top_391.png,9__top,0.6308131814002991,0.6915123462677002,False
data/processed/cure_crops/9/top/customer/9_top_392.png,9__top,0.6546379327774048,0.6491634845733643,False
data/processed/cure_crops/9/top/customer/9_top_393.png,9__top,0.6814007759094238,0.682157039642334,False
data/processed/cure_crops/9/top/customer/9_top_394.png,9__top,0.6618530750274658,0.5859560370445251,False
data/processed/cure_crops/9/top/customer/9_top_395.png,9__top,0.6208868026733398,0.6406850218772888,False
data/processed/cure_crops/9/top/customer/9_top_396.png,9__top,0.5995638966560364,0.6904162168502808,False
data/processed/cure_crops/9/top/customer/9_top_397.png,9__top,0.7225832939147949,0.643598198890686,False
data/processed/cure_crops/9/top/customer/9_top_398.png,9__top,0.7252006530761719,0.6530212163925171,False
data/processed/cure_crops/9/top/customer/9_top_399.png,9__top,0.7029625177383423,0.6443016529083252,False
data/processed/cure_crops/9/top/customer/9_top_400.png,9__top,0.6992777585983276,0.5959005951881409,False
data/processed/cure_crops/9/top/customer/9_top_401.png,9__top,0.7320425510406494,0.637606143951416,False
data/processed/cure_crops/9/top/customer/9_top_402.png,9__top,0.7222209572792053,0.7102912664413452,False
data/processed/cure_crops/9/top/customer/9_top_403.png,9__top,0.7136633396148682,0.6415583491325378,False
data/processed/cure_crops/9/top/customer/9_top_404.png,9__top,0.6907696723937988,0.6859936714172363,False
data/processed/cure_crops/9/top/customer/9_top_405.png,9__top,0.6736710071563721,0.6333523392677307,False
data/processed/cure_crops/90/bottom/customer/90_bottom_4004.png,90__bottom,0.7630448937416077,0.7756986618041992,False
data/processed/cure_crops/90/bottom/customer/90_bottom_4005.png,90__bottom,0.6766648292541504,0.7313973903656006,False
data/processed/cure_crops/90/bottom/customer/90_bottom_4007.png,90__bottom,0.6759026050567627,0.6702577471733093,False
data/processed/cure_crops/90/bottom/customer/90_bottom_4008.png,90__bottom,0.6447858810424805,0.5680376887321472,False
data/processed/cure_crops/90/bottom/customer/90_bottom_4009.png,90__bottom,0.6512553095817566,0.6446452736854553,False
data/processed/cure_crops/90/bottom/customer/90_bottom_4010.png,90__bottom,0.6313304901123047,0.6246000528335571,False
data/processed/cure_crops/90/bottom/customer/90_bottom_4011.png,90__bottom,0.6131749153137207,0.5183098316192627,False
data/processed/cure_crops/90/bottom/customer/90_bottom_4012.png,90__bottom,0.6761897802352905,0.5410106182098389,False
data/processed/cure_crops/90/bottom/customer/90_bottom_4013.png,90__bottom,0.6655124425888062,0.6266247630119324,False
data/processed/cure_crops/90/bottom/customer/90_bottom_4014.png,90__bottom,0.7228801250457764,0.6851373910903931,False
data/processed/cure_crops/90/bottom/customer/90_bottom_4015.png,90__bottom,0.7059125304222107,0.5691781640052795,False
data/processed/cure_crops/90/bottom/customer/90_bottom_4016.png,90__bottom,0.7167754769325256,0.7481012344360352,False
data/processed/cure_crops/90/bottom/customer/90_bottom_4017.png,90__bottom,0.7373043298721313,0.7277407646179199,False
data/processed/cure_crops/90/bottom/customer/90_bottom_4018.png,90__bottom,0.670133113861084,0.6670912504196167,False
data/processed/cure_crops/90/bottom/customer/90_bottom_4019.png,90__bottom,0.7328486442565918,0.646989107131958,False
data/processed/cure_crops/90/bottom/customer/90_bottom_4020.png,90__bottom,0.7120393514633179,0.5818235874176025,False
data/processed/cure_crops/90/bottom/customer/90_bottom_4021.png,90__bottom,0.7185470461845398,0.6178191900253296,False
data/processed/cure_crops/90/bottom/customer/90_bottom_4022.png,90__bottom,0.7045111060142517,0.6946563720703125,False
data/processed/cure_crops/90/bottom/customer/90_bottom_4023.png,90__bottom,0.710136890411377,0.7323002219200134,False
data/processed/cure_crops/90/bottom/customer/90_bottom_4024.png,90__bottom,0.7252561450004578,0.5840389132499695,False
data/processed/cure_crops/90/bottom/customer/90_bottom_4025.png,90__bottom,0.6665744185447693,0.7090009450912476,False
data/processed/cure_crops/90/bottom/customer/90_bottom_4026.png,90__bottom,0.7517796158790588,0.7236380577087402,False
data/processed/cure_crops/90/bottom/customer/90_bottom_4027.png,90__bottom,0.6868471503257751,0.5675409436225891,False
data/processed/cure_crops/90/top/customer/90_top_3981.png,90__top,0.7982516288757324,0.7191928625106812,False
data/processed/cure_crops/90/top/customer/90_top_3982.png,90__top,0.7147448062896729,0.6156575679779053,False
data/processed/cure_crops/90/top/customer/90_top_3983.png,90__top,0.7126337289810181,0.774093508720398,False
data/processed/cure_crops/90/top/customer/90_top_3984.png,90__top,0.5592359304428101,0.7003385424613953,False
data/processed/cure_crops/90/top/customer/90_top_3985.png,90__top,0.5722271203994751,0.6653230786323547,False
data/processed/cure_crops/90/top/customer/90_top_3986.png,90__top,0.7091264724731445,0.6427333354949951,False
data/processed/cure_crops/90/top/customer/90_top_3987.png,90__top,0.7750994563102722,0.7426831126213074,False
data/processed/cure_crops/90/top/customer/90_top_3988.png,90__top,0.5637832880020142,0.7068214416503906,False
data/processed/cure_crops/90/top/customer/90_top_3989.png,90__top,0.6697217226028442,0.7063472270965576,False
data/processed/cure_crops/90/top/customer/90_top_3990.png,90__top,0.7078601717948914,0.6911367177963257,False
data/processed/cure_crops/90/top/customer/90_top_3991.png,90__top,0.5906586050987244,0.545354962348938,False
data/processed/cure_crops/90/top/customer/90_top_3992.png,90__top,0.6186311841011047,0.5354360938072205,False
data/processed/cure_crops/90/top/customer/90_top_3993.png,90__top,0.7146315574645996,0.7285354137420654,False
data/processed/cure_crops/90/top/customer/90_top_3994.png,90__top,0.7172160148620605,0.7589903473854065,False
data/processed/cure_crops/90/top/customer/90_top_3995.png,90__top,0.7124396562576294,0.6327381134033203,False
data/processed/cure_crops/90/top/customer/90_top_3996.png,90__top,0.7036657333374023,0.7802156805992126,False
data/processed/cure_crops/90/top/customer/90_top_3997.png,90__top,0.7101991772651672,0.5984734296798706,False
data/processed/cure_crops/90/top/customer/90_top_3998.png,90__top,0.7032516002655029,0.5738269090652466,False
data/processed/cure_crops/90/top/customer/90_top_3999.png,90__top,0.6714157462120056,0.6013303995132446,False
data/processed/cure_crops/90/top/customer/90_top_4000.png,90__top,0.699308454990387,0.6397079229354858,False
data/processed/cure_crops/90/top/customer/90_top_4001.png,90__top,0.6792111992835999,0.6844763159751892,False
data/processed/cure_crops/90/top/customer/90_top_4002.png,90__top,0.7683213949203491,0.7357927560806274,False
data/processed/cure_crops/90/top/customer/90_top_4003.png,90__top,0.6663131713867188,0.5804768204689026,False
data/processed/cure_crops/91/bottom/customer/91_bottom_4053.png,91__bottom,0.3830026388168335,0.33038729429244995,False
data/processed/cure_crops/91/bottom/customer/91_bottom_4054.png,91__bottom,0.6239453554153442,0.6612652540206909,False
data/processed/cure_crops/91/bottom/customer/91_bottom_4055.png,91__bottom,0.5245637893676758,0.5341505408287048,False
data/processed/cure_crops/91/bottom/customer/91_bottom_4056.png,91__bottom,0.741504967212677,0.7063624858856201,False
data/processed/cure_crops/91/bottom/customer/91_bottom_4058.png,91__bottom,0.7172157168388367,0.6678652763366699,False
data/processed/cure_crops/91/bottom/customer/91_bottom_4059.png,91__bottom,0.48371538519859314,0.39184051752090454,False
data/processed/cure_crops/91/bottom/customer/91_bottom_4060.png,91__bottom,0.5809736251831055,0.6609858274459839,False
data/processed/cure_crops/91/bottom/customer/91_bottom_4061.png,91__bottom,0.5793725252151489,0.5969797372817993,False
data/processed/cure_crops/91/bottom/customer/91_bottom_4062.png,91__bottom,0.5538265705108643,0.4640866816043854,False
data/processed/cure_crops/91/bottom/customer/91_bottom_4063.png,91__bottom,0.5301641225814819,0.4148961305618286,False
data/processed/cure_crops/91/bottom/customer/91_bottom_4064.png,91__bottom,0.5275375843048096,0.5716960430145264,False
data/processed/cure_crops/91/bottom/customer/91_bottom_4065.png,91__bottom,0.5634533166885376,0.5513573884963989,False
data/processed/cure_crops/91/bottom/customer/91_bottom_4066.png,91__bottom,0.5654202699661255,0.5095110535621643,False
data/processed/cure_crops/91/bottom/customer/91_bottom_4067.png,91__bottom,0.5371568202972412,0.643280565738678,False
data/processed/cure_crops/91/bottom/customer/91_bottom_4068.png,91__bottom,0.5168327689170837,0.3883870542049408,False
data/processed/cure_crops/91/bottom/customer/91_bottom_4069.png,91__bottom,0.5148662328720093,0.5227561593055725,False
data/processed/cure_crops/91/bottom/customer/91_bottom_4070.png,91__bottom,0.3687171936035156,0.4002835154533386,False
data/processed/cure_crops/91/top/customer/91_top_4028.png,91__top,0.7227053642272949,0.8436034917831421,False
data/processed/cure_crops/91/top/customer/91_top_4029.png,91__top,0.7163194417953491,0.8950685262680054,False
data/processed/cure_crops/91/top/customer/91_top_4030.png,91__top,0.6937028765678406,0.7545477151870728,False
data/processed/cure_crops/91/top/customer/91_top_4031.png,91__top,0.6733680963516235,0.5213640928268433,False
data/processed/cure_crops/91/top/customer/91_top_4032.png,91__top,0.6402917504310608,0.6157988905906677,False
data/processed/cure_crops/91/top/customer/91_top_4033.png,91__top,0.6506882905960083,0.5953006744384766,False
data/processed/cure_crops/91/top/customer/91_top_4034.png,91__top,0.6943938732147217,0.6316397786140442,False
data/processed/cure_crops/91/top/customer/91_top_4035.png,91__top,0.7545249462127686,0.6423494219779968,False
data/processed/cure_crops/91/top/customer/91_top_4036.png,91__top,0.7403311729431152,0.6447368264198303,False
data/processed/cure_crops/91/top/customer/91_top_4037.png,91__top,0.7085869312286377,0.6651487350463867,False
data/processed/cure_crops/91/top/customer/91_top_4039.png,91__top,0.6393010020256042,0.790302038192749,False
data/processed/cure_crops/91/top/customer/91_top_4040.png,91__top,0.7112586498260498,0.49077528715133667,False
data/processed/cure_crops/91/top/customer/91_top_4041.png,91__top,0.6655588150024414,0.6463372707366943,False
data/processed/cure_crops/91/top/customer/91_top_4042.png,91__top,0.621972918510437,0.5891144871711731,False
data/processed/cure_crops/91/top/customer/91_top_4043.png,91__top,0.4062776565551758,0.25816380977630615,False
data/processed/cure_crops/91/top/customer/91_top_4044.png,91__top,0.49878764152526855,0.6894124746322632,False
data/processed/cure_crops/91/top/customer/91_top_4045.png,91__top,0.6628631353378296,0.6906144618988037,False
data/processed/cure_crops/91/top/customer/91_top_4046.png,91__top,0.6951672434806824,0.697419285774231,False
data/processed/cure_crops/91/top/customer/91_top_4047.png,91__top,0.6047626733779907,0.6196378469467163,False
data/processed/cure_crops/91/top/customer/91_top_4048.png,91__top,0.6472744941711426,0.6524533033370972,False
data/processed/cure_crops/91/top/customer/91_top_4049.png,91__top,0.667128324508667,0.6572866439819336,False
data/processed/cure_crops/91/top/customer/91_top_4050.png,91__top,0.7033263444900513,0.6501383781433105,False
data/processed/cure_crops/91/top/customer/91_top_4051.png,91__top,0.7338099479675293,0.6022617220878601,False
data/processed/cure_crops/91/top/customer/91_top_4052.png,91__top,0.7033830881118774,0.6628897786140442,False
data/processed/cure_crops/92/bottom/customer/92_bottom_4091.png,92__bottom,0.7003347873687744,0.7708181142807007,False
data/processed/cure_crops/92/bottom/customer/92_bottom_4092.png,92__bottom,0.81207275390625,0.8771705627441406,False
data/processed/cure_crops/92/bottom/customer/92_bottom_4093.png,92__bottom,0.6103332042694092,0.7977604866027832,False
data/processed/cure_crops/92/bottom/customer/92_bottom_4094.png,92__bottom,0.6424605250358582,0.8139874935150146,False
data/processed/cure_crops/92/bottom/customer/92_bottom_4095.png,92__bottom,0.6559918522834778,0.6333078145980835,False
data/processed/cure_crops/92/bottom/customer/92_bottom_4096.png,92__bottom,0.7011911869049072,0.6554456949234009,False
data/processed/cure_crops/92/bottom/customer/92_bottom_4097.png,92__bottom,0.6209554672241211,0.647352933883667,False
data/processed/cure_crops/92/bottom/customer/92_bottom_4098.png,92__bottom,0.723772406578064,0.7048476338386536,False
data/processed/cure_crops/92/bottom/customer/92_bottom_4099.png,92__bottom,0.7212291955947876,0.7497501969337463,False
data/processed/cure_crops/92/bottom/customer/92_bottom_4100.png,92__bottom,0.8005929589271545,0.7958006858825684,False
data/processed/cure_crops/92/bottom/customer/92_bottom_4101.png,92__bottom,0.7807800769805908,0.6948536038398743,False
data/processed/cure_crops/92/bottom/customer/92_bottom_4102.png,92__bottom,0.7806867957115173,0.7015641331672668,False
data/processed/cure_crops/92/bottom/customer/92_bottom_4103.png,92__bottom,0.80095374584198,0.8172286748886108,False
data/processed/cure_crops/92/bottom/customer/92_bottom_4104.png,92__bottom,0.7838122844696045,0.7255851030349731,False
data/processed/cure_crops/92/bottom/customer/92_bottom_4105.png,92__bottom,0.8073433637619019,0.8265700936317444,False
data/processed/cure_crops/92/bottom/customer/92_bottom_4106.png,92__bottom,0.7703278064727783,0.6969165205955505,False
data/processed/cure_crops/92/bottom/customer/92_bottom_4107.png,92__bottom,0.7972368001937866,0.7002763748168945,False
data/processed/cure_crops/92/bottom/customer/92_bottom_4108.png,92__bottom,0.7972747683525085,0.7909186482429504,False
data/processed/cure_crops/92/bottom/customer/92_bottom_4109.png,92__bottom,0.7704167366027832,0.7180808782577515,False
data/processed/cure_crops/92/bottom/customer/92_bottom_4110.png,92__bottom,0.7322639226913452,0.7501427531242371,False
data/processed/cure_crops/92/top/customer/92_top_4071.png,92__top,0.6487255096435547,0.7875325679779053,False
data/processed/cure_crops/92/top/customer/92_top_4072.png,92__top,0.8421009182929993,0.8798312544822693,False
data/processed/cure_crops/92/top/customer/92_top_4073.png,92__top,0.7436841726303101,0.8183120489120483,False
data/processed/cure_crops/92/top/customer/92_top_4074.png,92__top,0.7292270064353943,0.8273707628250122,False
data/processed/cure_crops/92/top/customer/92_top_4075.png,92__top,0.6157471537590027,0.7155658006668091,False
data/processed/cure_crops/92/top/customer/92_top_4076.png,92__top,0.7157312035560608,0.7623006105422974,False
data/processed/cure_crops/92/top/customer/92_top_4077.png,92__top,0.6852238774299622,0.64394211769104,False
data/processed/cure_crops/92/top/customer/92_top_4078.png,92__top,0.6050244569778442,0.7482205629348755,False
data/processed/cure_crops/92/top/customer/92_top_4079.png,92__top,0.6402825117111206,0.704939603805542,False
data/processed/cure_crops/92/top/customer/92_top_4080.png,92__top,0.7357053756713867,0.6926299333572388,False
data/processed/cure_crops/92/top/customer/92_top_4081.png,92__top,0.6789360642433167,0.7280875444412231,False
data/processed/cure_crops/92/top/customer/92_top_4082.png,92__top,0.749576985836029,0.7813254594802856,False
data/processed/cure_crops/92/top/customer/92_top_4083.png,92__top,0.6267266869544983,0.5415198802947998,False
data/processed/cure_crops/92/top/customer/92_top_4084.png,92__top,0.7126723527908325,0.7373138666152954,False
data/processed/cure_crops/92/top/customer/92_top_4085.png,92__top,0.5177493691444397,0.6566314697265625,False
data/processed/cure_crops/92/top/customer/92_top_4086.png,92__top,0.7212105989456177,0.7676637172698975,False
data/processed/cure_crops/92/top/customer/92_top_4087.png,92__top,0.7475056648254395,0.7970229983329773,False
data/processed/cure_crops/92/top/customer/92_top_4088.png,92__top,0.4215472936630249,0.4275662302970886,False
data/processed/cure_crops/92/top/customer/92_top_4089.png,92__top,0.7411172389984131,0.7778899669647217,False
data/processed/cure_crops/92/top/customer/92_top_4090.png,92__top,0.7512996792793274,0.7892442941665649,False
data/processed/cure_crops/93/bottom/customer/93_bottom_4133.png,93__bottom,0.7479286193847656,0.8685812950134277,False
data/processed/cure_crops/93/bottom/customer/93_bottom_4135.png,93__bottom,0.7163931131362915,0.7930676937103271,False
data/processed/cure_crops/93/bottom/customer/93_bottom_4136.png,93__bottom,0.708138108253479,0.7283097505569458,False
data/processed/cure_crops/93/bottom/customer/93_bottom_4137.png,93__bottom,0.4526485800743103,0.6465460062026978,False
data/processed/cure_crops/93/bottom/customer/93_bottom_4138.png,93__bottom,0.666314423084259,0.6004565954208374,False
data/processed/cure_crops/93/bottom/customer/93_bottom_4139.png,93__bottom,0.629746675491333,0.6339558362960815,False
data/processed/cure_crops/93/bottom/customer/93_bottom_4140.png,93__bottom,0.6846573352813721,0.6626603007316589,False
data/processed/cure_crops/93/bottom/customer/93_bottom_4141.png,93__bottom,0.7535574436187744,0.5941661596298218,False
data/processed/cure_crops/93/bottom/customer/93_bottom_4142.png,93__bottom,0.747198760509491,0.5560716986656189,False
data/processed/cure_crops/93/bottom/customer/93_bottom_4143.png,93__bottom,0.7406718730926514,0.7134071588516235,False
data/processed/cure_crops/93/bottom/customer/93_bottom_4144.png,93__bottom,0.7774744629859924,0.6312004327774048,False
data/processed/cure_crops/93/bottom/customer/93_bottom_4145.png,93__bottom,0.7457395792007446,0.6545824408531189,False
data/processed/cure_crops/93/bottom/customer/93_bottom_4146.png,93__bottom,0.71268230676651,0.5594662427902222,False
data/processed/cure_crops/93/bottom/customer/93_bottom_4147.png,93__bottom,0.7628570199012756,0.6679198741912842,False
data/processed/cure_crops/93/bottom/customer/93_bottom_4148.png,93__bottom,0.725677490234375,0.6417574882507324,False
data/processed/cure_crops/93/bottom/customer/93_bottom_4149.png,93__bottom,0.7334764003753662,0.6074739694595337,False
data/processed/cure_crops/93/bottom/customer/93_bottom_4150.png,93__bottom,0.7537868022918701,0.6947930455207825,False
data/processed/cure_crops/93/top/customer/93_top_4111.png,93__top,0.8878337144851685,0.9220771789550781,False
data/processed/cure_crops/93/top/customer/93_top_4112.png,93__top,0.7876294851303101,0.8591011166572571,False
data/processed/cure_crops/93/top/customer/93_top_4113.png,93__top,0.6931542158126831,0.814220666885376,False
data/processed/cure_crops/93/top/customer/93_top_4114.png,93__top,0.8122056722640991,0.8755398988723755,False
data/processed/cure_crops/93/top/customer/93_top_4115.png,93__top,0.48299774527549744,0.5774052739143372,False
data/processed/cure_crops/93/top/customer/93_top_4116.png,93__top,0.6904091835021973,0.7985501885414124,False
data/processed/cure_crops/93/top/customer/93_top_4117.png,93__top,0.7566931247711182,0.7172496914863586,False
data/processed/cure_crops/93/top/customer/93_top_4118.png,93__top,0.6960997581481934,0.615583062171936,False
data/processed/cure_crops/93/top/customer/93_top_4119.png,93__top,0.698668360710144,0.705750584602356,False
data/processed/cure_crops/93/top/customer/93_top_4120.png,93__top,0.737396776676178,0.7770960927009583,False
data/processed/cure_crops/93/top/customer/93_top_4121.png,93__top,0.7371262311935425,0.8143099546432495,False
data/processed/cure_crops/93/top/customer/93_top_4122.png,93__top,0.7417304515838623,0.7199044823646545,False
data/processed/cure_crops/93/top/customer/93_top_4123.png,93__top,0.7789185643196106,0.8238632678985596,False
data/processed/cure_crops/93/top/customer/93_top_4124.png,93__top,0.7256587743759155,0.8779193758964539,False
data/processed/cure_crops/93/top/customer/93_top_4125.png,93__top,0.7514504194259644,0.7863449454307556,False
data/processed/cure_crops/93/top/customer/93_top_4126.png,93__top,0.678354024887085,0.7932922840118408,False
data/processed/cure_crops/93/top/customer/93_top_4127.png,93__top,0.7130337357521057,0.8477931022644043,False
data/processed/cure_crops/93/top/customer/93_top_4128.png,93__top,0.7504873871803284,0.717627763748169,False
data/processed/cure_crops/93/top/customer/93_top_4129.png,93__top,0.7721824049949646,0.7485499382019043,False
data/processed/cure_crops/93/top/customer/93_top_4130.png,93__top,0.7756810784339905,0.7916480302810669,False
data/processed/cure_crops/93/top/customer/93_top_4131.png,93__top,0.6458831429481506,0.7255170345306396,False
data/processed/cure_crops/93/top/customer/93_top_4132.png,93__top,0.7396236658096313,0.841042160987854,False
data/processed/cure_crops/94/bottom/customer/94_bottom_4175.png,94__bottom,0.689582347869873,0.5846903324127197,False
data/processed/cure_crops/94/bottom/customer/94_bottom_4176.png,94__bottom,0.7294945120811462,0.691131591796875,False
data/processed/cure_crops/94/bottom/customer/94_bottom_4177.png,94__bottom,0.723987340927124,0.7663779258728027,False
data/processed/cure_crops/94/bottom/customer/94_bottom_4178.png,94__bottom,0.6590211391448975,0.6632798910140991,False
data/processed/cure_crops/94/bottom/customer/94_bottom_4179.png,94__bottom,0.5916931629180908,0.5465424060821533,False
data/processed/cure_crops/94/bottom/customer/94_bottom_4180.png,94__bottom,0.5970722436904907,0.5679943561553955,False
data/processed/cure_crops/94/bottom/customer/94_bottom_4181.png,94__bottom,0.6766973733901978,0.7687549591064453,False
data/processed/cure_crops/94/bottom/customer/94_bottom_4182.png,94__bottom,0.6749919652938843,0.6146457195281982,False
data/processed/cure_crops/94/bottom/customer/94_bottom_4183.png,94__bottom,0.6510554552078247,0.624905526638031,False
data/processed/cure_crops/94/bottom/customer/94_bottom_4184.png,94__bottom,0.6899043321609497,0.5286371111869812,False
data/processed/cure_crops/94/bottom/customer/94_bottom_4185.png,94__bottom,0.6401147842407227,0.44546425342559814,False
data/processed/cure_crops/94/bottom/customer/94_bottom_4186.png,94__bottom,0.5512980818748474,0.4186795949935913,False
data/processed/cure_crops/94/bottom/customer/94_bottom_4187.png,94__bottom,0.6064685583114624,0.40110188722610474,False
data/processed/cure_crops/94/bottom/customer/94_bottom_4188.png,94__bottom,0.5812262296676636,0.47768452763557434,False
data/processed/cure_crops/94/bottom/customer/94_bottom_4189.png,94__bottom,0.6255631446838379,0.5220173001289368,False
data/processed/cure_crops/94/bottom/customer/94_bottom_4190.png,94__bottom,0.5027843117713928,0.500935971736908,False
data/processed/cure_crops/94/bottom/customer/94_bottom_4191.png,94__bottom,0.643484354019165,0.5503762364387512,False
data/processed/cure_crops/94/bottom/customer/94_bottom_4192.png,94__bottom,0.6725603342056274,0.4731943905353546,False
data/processed/cure_crops/94/bottom/customer/94_bottom_4193.png,94__bottom,0.7007045745849609,0.5393092632293701,False
data/processed/cure_crops/94/bottom/customer/94_bottom_4194.png,94__bottom,0.6380091905593872,0.39913421869277954,False
data/processed/cure_crops/94/bottom/customer/94_bottom_4195.png,94__bottom,0.6860827803611755,0.46983233094215393,False
data/processed/cure_crops/94/top/customer/94_top_4151.png,94__top,0.7723996639251709,0.7242940664291382,False
data/processed/cure_crops/94/top/customer/94_top_4152.png,94__top,0.8095502257347107,0.7766709327697754,False
data/processed/cure_crops/94/top/customer/94_top_4153.png,94__top,0.638980507850647,0.6099848747253418,False
data/processed/cure_crops/94/top/customer/94_top_4154.png,94__top,0.5404847860336304,0.6952614188194275,False
data/processed/cure_crops/94/top/customer/94_top_4155.png,94__top,0.5030665397644043,0.5438051223754883,False
data/processed/cure_crops/94/top/customer/94_top_4156.png,94__top,0.5626201033592224,0.6244091987609863,False
data/processed/cure_crops/94/top/customer/94_top_4157.png,94__top,0.5421037077903748,0.6683709621429443,False
data/processed/cure_crops/94/top/customer/94_top_4158.png,94__top,0.6688404083251953,0.6045145988464355,False
data/processed/cure_crops/94/top/customer/94_top_4159.png,94__top,0.661465048789978,0.6528998613357544,False
data/processed/cure_crops/94/top/customer/94_top_4160.png,94__top,0.5892306566238403,0.6301659345626831,False
data/processed/cure_crops/94/top/customer/94_top_4161.png,94__top,0.6895148158073425,0.45375877618789673,False
data/processed/cure_crops/94/top/customer/94_top_4162.png,94__top,0.5712973475456238,0.6207478642463684,False
data/processed/cure_crops/94/top/customer/94_top_4163.png,94__top,0.7392314672470093,0.5257662534713745,False
data/processed/cure_crops/94/top/customer/94_top_4164.png,94__top,0.7080873847007751,0.5626168251037598,False
data/processed/cure_crops/94/top/customer/94_top_4165.png,94__top,0.7061351537704468,0.5319039821624756,False
data/processed/cure_crops/94/top/customer/94_top_4166.png,94__top,0.7912814617156982,0.445756196975708,False
data/processed/cure_crops/94/top/customer/94_top_4167.png,94__top,0.7601275444030762,0.4593304991722107,False
data/processed/cure_crops/94/top/customer/94_top_4168.png,94__top,0.6641750335693359,0.5315195322036743,False
data/processed/cure_crops/94/top/customer/94_top_4169.png,94__top,0.757171094417572,0.5294618606567383,False
data/processed/cure_crops/94/top/customer/94_top_4170.png,94__top,0.6999810338020325,0.5611916780471802,False
data/processed/cure_crops/94/top/customer/94_top_4171.png,94__top,0.6527871489524841,0.554489254951477,False
data/processed/cure_crops/94/top/customer/94_top_4172.png,94__top,0.7362606525421143,0.4763619005680084,False
data/processed/cure_crops/94/top/customer/94_top_4173.png,94__top,0.7090452909469604,0.468070924282074,False
data/processed/cure_crops/94/top/customer/94_top_4174.png,94__top,0.7299095392227173,0.5877113342285156,False
data/processed/cure_crops/95/bottom/customer/95_bottom_4217.png,95__bottom,0.5670530200004578,0.6843725442886353,False
data/processed/cure_crops/95/bottom/customer/95_bottom_4218.png,95__bottom,0.6738660931587219,0.6687624454498291,False
data/processed/cure_crops/95/bottom/customer/95_bottom_4219.png,95__bottom,0.6115317940711975,0.6786336898803711,False
data/processed/cure_crops/95/bottom/customer/95_bottom_4220.png,95__bottom,0.6985175609588623,0.590005099773407,False
data/processed/cure_crops/95/bottom/customer/95_bottom_4221.png,95__bottom,0.6585164070129395,0.7199900150299072,False
data/processed/cure_crops/95/bottom/customer/95_bottom_4222.png,95__bottom,0.6913019418716431,0.5735240578651428,False
data/processed/cure_crops/95/bottom/customer/95_bottom_4223.png,95__bottom,0.6487324237823486,0.4802856743335724,False
data/processed/cure_crops/95/bottom/customer/95_bottom_4224.png,95__bottom,0.7104249000549316,0.4964138865470886,False
data/processed/cure_crops/95/bottom/customer/95_bottom_4225.png,95__bottom,0.7030503153800964,0.4713163375854492,False
data/processed/cure_crops/95/bottom/customer/95_bottom_4226.png,95__bottom,0.774651050567627,0.7328534126281738,False
data/processed/cure_crops/95/bottom/customer/95_bottom_4227.png,95__bottom,0.7129567265510559,0.583426296710968,False
data/processed/cure_crops/95/bottom/customer/95_bottom_4228.png,95__bottom,0.8065893650054932,0.7697557210922241,False
data/processed/cure_crops/95/bottom/customer/95_bottom_4229.png,95__bottom,0.7531147003173828,0.64328533411026,False
data/processed/cure_crops/95/bottom/customer/95_bottom_4230.png,95__bottom,0.7409708499908447,0.5026918053627014,False
data/processed/cure_crops/95/bottom/customer/95_bottom_4231.png,95__bottom,0.6594782471656799,0.6500942707061768,False
data/processed/cure_crops/95/bottom/customer/95_bottom_4232.png,95__bottom,0.6986176371574402,0.6467670202255249,False
data/processed/cure_crops/95/bottom/customer/95_bottom_4233.png,95__bottom,0.7462047934532166,0.6379408836364746,False
data/processed/cure_crops/95/bottom/customer/95_bottom_4234.png,95__bottom,0.7526618242263794,0.6679369211196899,False
data/processed/cure_crops/95/top/customer/95_top_4196.png,95__top,0.7323210835456848,0.7730542421340942,False
data/processed/cure_crops/95/top/customer/95_top_4197.png,95__top,0.8023699522018433,0.9042975902557373,False
data/processed/cure_crops/95/top/customer/95_top_4198.png,95__top,0.6944886445999146,0.6836202144622803,False
data/processed/cure_crops/95/top/customer/95_top_4199.png,95__top,0.6804057359695435,0.70430988073349,False
data/processed/cure_crops/95/top/customer/95_top_4200.png,95__top,0.5011366009712219,0.6303539276123047,False
data/processed/cure_crops/95/top/customer/95_top_4202.png,95__top,0.44900158047676086,0.6180669069290161,False
data/processed/cure_crops/95/top/customer/95_top_4203.png,95__top,0.43359309434890747,0.5698188543319702,False
data/processed/cure_crops/95/top/customer/95_top_4204.png,95__top,0.4614121913909912,0.6282483339309692,False
data/processed/cure_crops/95/top/customer/95_top_4205.png,95__top,0.5375778675079346,0.5652725696563721,False
data/processed/cure_crops/95/top/customer/95_top_4206.png,95__top,0.5900304317474365,0.5873326659202576,False
data/processed/cure_crops/95/top/customer/95_top_4207.png,95__top,0.6541259288787842,0.6343974471092224,False
data/processed/cure_crops/95/top/customer/95_top_4208.png,95__top,0.5985891819000244,0.5749849081039429,False
data/processed/cure_crops/95/top/customer/95_top_4209.png,95__top,0.5998144745826721,0.6931123733520508,False
data/processed/cure_crops/95/top/customer/95_top_4210.png,95__top,0.5798336863517761,0.677295446395874,False
data/processed/cure_crops/95/top/customer/95_top_4211.png,95__top,0.7499432563781738,0.7449403405189514,False
data/processed/cure_crops/95/top/customer/95_top_4212.png,95__top,0.6450476050376892,0.4396800994873047,False
data/processed/cure_crops/95/top/customer/95_top_4213.png,95__top,0.6916318535804749,0.6681334972381592,False
data/processed/cure_crops/95/top/customer/95_top_4214.png,95__top,0.5669984817504883,0.4525013566017151,False
data/processed/cure_crops/95/top/customer/95_top_4215.png,95__top,0.6494174003601074,0.5540475845336914,False
data/processed/cure_crops/95/top/customer/95_top_4216.png,95__top,0.5803568363189697,0.5935147404670715,False
data/processed/cure_crops/96/bottom/customer/96_bottom_4256.png,96__bottom,0.8072551488876343,0.7755228877067566,False
data/processed/cure_crops/96/bottom/customer/96_bottom_4257.png,96__bottom,0.8167436122894287,0.8462330102920532,False
data/processed/cure_crops/96/bottom/customer/96_bottom_4258.png,96__bottom,0.7681410312652588,0.8803690671920776,False
data/processed/cure_crops/96/bottom/customer/96_bottom_4259.png,96__bottom,0.8106601238250732,0.8931957483291626,False
data/processed/cure_crops/96/bottom/customer/96_bottom_4260.png,96__bottom,0.6069595217704773,0.753588855266571,False
data/processed/cure_crops/96/bottom/customer/96_bottom_4261.png,96__bottom,0.6636302471160889,0.7916456460952759,False
data/processed/cure_crops/96/bottom/customer/96_bottom_4262.png,96__bottom,0.7897874116897583,0.6453374624252319,False
data/processed/cure_crops/96/bottom/customer/96_bottom_4263.png,96__bottom,0.7627320289611816,0.6889111399650574,False
data/processed/cure_crops/96/bottom/customer/96_bottom_4264.png,96__bottom,0.7564888000488281,0.712847113609314,False
data/processed/cure_crops/96/bottom/customer/96_bottom_4265.png,96__bottom,0.7832793593406677,0.6340199112892151,False
data/processed/cure_crops/96/bottom/customer/96_bottom_4266.png,96__bottom,0.6604719758033752,0.5179550051689148,False
data/processed/cure_crops/96/bottom/customer/96_bottom_4267.png,96__bottom,0.7321250438690186,0.5674880146980286,False
data/processed/cure_crops/96/bottom/customer/96_bottom_4268.png,96__bottom,0.7132554054260254,0.37483417987823486,False
data/processed/cure_crops/96/bottom/customer/96_bottom_4269.png,96__bottom,0.6856459379196167,0.6160063147544861,False
data/processed/cure_crops/96/bottom/customer/96_bottom_4270.png,96__bottom,0.7779417634010315,0.4704689085483551,False
data/processed/cure_crops/96/bottom/customer/96_bottom_4271.png,96__bottom,0.699150800704956,0.5445061326026917,False
data/processed/cure_crops/96/bottom/customer/96_bottom_4272.png,96__bottom,0.7005994319915771,0.4819580614566803,False
data/processed/cure_crops/96/bottom/customer/96_bottom_4273.png,96__bottom,0.7347270250320435,0.547700047492981,False
data/processed/cure_crops/96/bottom/customer/96_bottom_4274.png,96__bottom,0.7196890115737915,0.4089484214782715,False
data/processed/cure_crops/96/bottom/customer/96_bottom_4275.png,96__bottom,0.6974523663520813,0.5794233083724976,False
data/processed/cure_crops/96/bottom/customer/96_bottom_4276.png,96__bottom,0.5962857007980347,0.5791804194450378,False
data/processed/cure_crops/96/bottom/customer/96_bottom_4277.png,96__bottom,0.7726424336433411,0.41081541776657104,False
data/processed/cure_crops/96/bottom/customer/96_bottom_4278.png,96__bottom,0.7079800367355347,0.35500532388687134,False
data/processed/cure_crops/96/top/customer/96_top_4235.png,96__top,0.6343075037002563,0.6405825018882751,False
data/processed/cure_crops/96/top/customer/96_top_4236.png,96__top,0.781673014163971,0.7375451922416687,False
data/processed/cure_crops/96/top/customer/96_top_4237.png,96__top,0.7489426136016846,0.7973165512084961,False
data/processed/cure_crops/96/top/customer/96_top_4238.png,96__top,0.7320451736450195,0.7890761494636536,False
data/processed/cure_crops/96/top/customer/96_top_4239.png,96__top,0.6560153961181641,0.7966915369033813,False
data/processed/cure_crops/96/top/customer/96_top_4240.png,96__top,0.44483986496925354,0.6514960527420044,False
data/processed/cure_crops/96/top/customer/96_top_4241.png,96__top,0.528702437877655,0.7296937704086304,False
data/processed/cure_crops/96/top/customer/96_top_4242.png,96__top,0.6844981908798218,0.6927978992462158,False
data/processed/cure_crops/96/top/customer/96_top_4243.png,96__top,0.6803575754165649,0.7159128785133362,False
data/processed/cure_crops/96/top/customer/96_top_4244.png,96__top,0.697045087814331,0.6830090880393982,False
data/processed/cure_crops/96/top/customer/96_top_4245.png,96__top,0.6491683721542358,0.537079930305481,False
data/processed/cure_crops/96/top/customer/96_top_4246.png,96__top,0.7047909498214722,0.6722990274429321,False
data/processed/cure_crops/96/top/customer/96_top_4247.png,96__top,0.5168142914772034,0.5274312496185303,False
data/processed/cure_crops/96/top/customer/96_top_4248.png,96__top,0.5974631309509277,0.5059849619865417,False
data/processed/cure_crops/96/top/customer/96_top_4249.png,96__top,0.605907678604126,0.5444017052650452,False
data/processed/cure_crops/96/top/customer/96_top_4250.png,96__top,0.6150224208831787,0.5985701680183411,False
data/processed/cure_crops/96/top/customer/96_top_4251.png,96__top,0.6904662847518921,0.6091841459274292,False
data/processed/cure_crops/96/top/customer/96_top_4252.png,96__top,0.626794695854187,0.6017189025878906,False
data/processed/cure_crops/96/top/customer/96_top_4253.png,96__top,0.7001311182975769,0.6331825256347656,False
data/processed/cure_crops/96/top/customer/96_top_4254.png,96__top,0.6363553404808044,0.5612809658050537,False
data/processed/cure_crops/96/top/customer/96_top_4255.png,96__top,0.7056879997253418,0.6356223821640015,False
data/processed/cure_crops/97/bottom/customer/97_bottom_4302.png,97__bottom,0.5675680637359619,0.6142222881317139,False
data/processed/cure_crops/97/bottom/customer/97_bottom_4303.png,97__bottom,0.6384787559509277,0.5446763038635254,False
data/processed/cure_crops/97/bottom/customer/97_bottom_4304.png,97__bottom,0.6955000162124634,0.71470046043396,False
data/processed/cure_crops/97/bottom/customer/97_bottom_4305.png,97__bottom,0.49902525544166565,0.5641610622406006,False
data/processed/cure_crops/97/bottom/customer/97_bottom_4306.png,97__bottom,0.7313313484191895,0.7282676100730896,False
data/processed/cure_crops/97/bottom/customer/97_bottom_4307.png,97__bottom,0.6768198609352112,0.6778790354728699,False
data/processed/cure_crops/97/bottom/customer/97_bottom_4308.png,97__bottom,0.6867531538009644,0.7316622734069824,False
data/processed/cure_crops/97/bottom/customer/97_bottom_4309.png,97__bottom,0.6598545908927917,0.5774576663970947,False
data/processed/cure_crops/97/bottom/customer/97_bottom_4310.png,97__bottom,0.6269428730010986,0.6849769353866577,False
data/processed/cure_crops/97/bottom/customer/97_bottom_4311.png,97__bottom,0.5398070812225342,0.5184276103973389,False
data/processed/cure_crops/97/bottom/customer/97_bottom_4312.png,97__bottom,0.6542242169380188,0.7014824151992798,False
data/processed/cure_crops/97/bottom/customer/97_bottom_4313.png,97__bottom,0.579196035861969,0.6373007893562317,False
data/processed/cure_crops/97/bottom/customer/97_bottom_4314.png,97__bottom,0.49645301699638367,0.4562128186225891,False
data/processed/cure_crops/97/bottom/customer/97_bottom_4315.png,97__bottom,0.5585045218467712,0.5012627243995667,False
data/processed/cure_crops/97/bottom/customer/97_bottom_4316.png,97__bottom,0.6310341358184814,0.6149082779884338,False
data/processed/cure_crops/97/bottom/customer/97_bottom_4317.png,97__bottom,0.5821400880813599,0.6214600801467896,False
data/processed/cure_crops/97/bottom/customer/97_bottom_4318.png,97__bottom,0.5044195652008057,0.4964281916618347,False
data/processed/cure_crops/97/bottom/customer/97_bottom_4319.png,97__bottom,0.5127679109573364,0.4223340153694153,False
data/processed/cure_crops/97/bottom/customer/97_bottom_4320.png,97__bottom,0.6380545496940613,0.7429463863372803,False
data/processed/cure_crops/97/top/customer/97_top_4279.png,97__top,0.6440872550010681,0.7931957840919495,False
data/processed/cure_crops/97/top/customer/97_top_4280.png,97__top,0.5981504321098328,0.7686710357666016,False
data/processed/cure_crops/97/top/customer/97_top_4281.png,97__top,0.6786771416664124,0.7217382192611694,False
data/processed/cure_crops/97/top/customer/97_top_4282.png,97__top,0.6339887380599976,0.697064220905304,False
data/processed/cure_crops/97/top/customer/97_top_4283.png,97__top,0.6246773600578308,0.6946911811828613,False
data/processed/cure_crops/97/top/customer/97_top_4284.png,97__top,0.48376980423927307,0.48518192768096924,False
data/processed/cure_crops/97/top/customer/97_top_4285.png,97__top,0.6553192138671875,0.6255394220352173,False
data/processed/cure_crops/97/top/customer/97_top_4286.png,97__top,0.705681562423706,0.6240686178207397,False
data/processed/cure_crops/97/top/customer/97_top_4287.png,97__top,0.4949934780597687,0.5444671511650085,False
data/processed/cure_crops/97/top/customer/97_top_4288.png,97__top,0.6117203235626221,0.6063970923423767,False
data/processed/cure_crops/97/top/customer/97_top_4289.png,97__top,0.6810094118118286,0.5710268616676331,False
data/processed/cure_crops/97/top/customer/97_top_4290.png,97__top,0.7164710760116577,0.711441159248352,False
data/processed/cure_crops/97/top/customer/97_top_4291.png,97__top,0.6482630372047424,0.5837053656578064,False
data/processed/cure_crops/97/top/customer/97_top_4292.png,97__top,0.5525137186050415,0.47164905071258545,False
data/processed/cure_crops/97/top/customer/97_top_4293.png,97__top,0.6309512853622437,0.6426525115966797,False
data/processed/cure_crops/97/top/customer/97_top_4294.png,97__top,0.7224008440971375,0.6624047160148621,False
data/processed/cure_crops/97/top/customer/97_top_4295.png,97__top,0.34964439272880554,0.14228084683418274,False
data/processed/cure_crops/97/top/customer/97_top_4296.png,97__top,0.617071270942688,0.5760309100151062,False
data/processed/cure_crops/97/top/customer/97_top_4297.png,97__top,0.6301522850990295,0.6633073091506958,False
data/processed/cure_crops/97/top/customer/97_top_4298.png,97__top,0.7313979864120483,0.6010158061981201,False
data/processed/cure_crops/97/top/customer/97_top_4299.png,97__top,0.5484703779220581,0.5584172010421753,False
data/processed/cure_crops/97/top/customer/97_top_4300.png,97__top,0.7333872318267822,0.7651453018188477,False
data/processed/cure_crops/98/bottom/customer/98_bottom_4344.png,98__bottom,0.6239566802978516,0.6114904880523682,False
data/processed/cure_crops/98/bottom/customer/98_bottom_4345.png,98__bottom,0.6071231365203857,0.5613703727722168,False
data/processed/cure_crops/98/bottom/customer/98_bottom_4346.png,98__bottom,0.6202523708343506,0.7691147327423096,False
data/processed/cure_crops/98/bottom/customer/98_bottom_4347.png,98__bottom,0.7239961624145508,0.8073376417160034,False
data/processed/cure_crops/98/bottom/customer/98_bottom_4348.png,98__bottom,0.4061625599861145,0.5571797490119934,False
data/processed/cure_crops/98/bottom/customer/98_bottom_4349.png,98__bottom,0.5576844215393066,0.485182523727417,False
data/processed/cure_crops/98/bottom/customer/98_bottom_4350.png,98__bottom,0.5939506888389587,0.6402508020401001,False
data/processed/cure_crops/98/bottom/customer/98_bottom_4351.png,98__bottom,0.5350612998008728,0.6663790941238403,False
data/processed/cure_crops/98/bottom/customer/98_bottom_4352.png,98__bottom,0.6051463484764099,0.6194546222686768,False
data/processed/cure_crops/98/bottom/customer/98_bottom_4353.png,98__bottom,0.6341845393180847,0.6910703182220459,False
data/processed/cure_crops/98/bottom/customer/98_bottom_4354.png,98__bottom,0.6607735753059387,0.6622345447540283,False
data/processed/cure_crops/98/bottom/customer/98_bottom_4355.png,98__bottom,0.663001537322998,0.593721866607666,False
data/processed/cure_crops/98/bottom/customer/98_bottom_4356.png,98__bottom,0.4842068552970886,0.5243127346038818,False
data/processed/cure_crops/98/bottom/customer/98_bottom_4357.png,98__bottom,0.6361111402511597,0.5982142686843872,False
data/processed/cure_crops/98/bottom/customer/98_bottom_4358.png,98__bottom,0.6246587038040161,0.679362416267395,False
data/processed/cure_crops/98/bottom/customer/98_bottom_4359.png,98__bottom,0.614881157875061,0.6020549535751343,False
data/processed/cure_crops/98/bottom/customer/98_bottom_4360.png,98__bottom,0.6848303079605103,0.6381370425224304,False
data/processed/cure_crops/98/bottom/customer/98_bottom_4361.png,98__bottom,0.6366607546806335,0.6568565368652344,False
data/processed/cure_crops/98/bottom/customer/98_bottom_4362.png,98__bottom,0.5659847855567932,0.4486164450645447,False
data/processed/cure_crops/98/top/customer/98_top_4324.png,98__top,0.6376795172691345,0.7189679741859436,False
data/processed/cure_crops/98/top/customer/98_top_4325.png,98__top,0.6818161010742188,0.7421146631240845,False
data/processed/cure_crops/98/top/customer/98_top_4326.png,98__top,0.7743463516235352,0.5536237955093384,False
data/processed/cure_crops/98/top/customer/98_top_4327.png,98__top,0.7236954569816589,0.6051409840583801,False
data/processed/cure_crops/98/top/customer/98_top_4328.png,98__top,0.5565285682678223,0.5535359382629395,False
data/processed/cure_crops/98/top/customer/98_top_4329.png,98__top,0.7393059134483337,0.6577251553535461,False
data/processed/cure_crops/98/top/customer/98_top_4330.png,98__top,0.7183175086975098,0.6449860334396362,False
data/processed/cure_crops/98/top/customer/98_top_4331.png,98__top,0.6691046953201294,0.6514403820037842,False
data/processed/cure_crops/98/top/customer/98_top_4332.png,98__top,0.6665253043174744,0.6900232434272766,False
data/processed/cure_crops/98/top/customer/98_top_4333.png,98__top,0.7573514580726624,0.5109653472900391,False
data/processed/cure_crops/98/top/customer/98_top_4334.png,98__top,0.7383451461791992,0.5832045078277588,False
data/processed/cure_crops/98/top/customer/98_top_4335.png,98__top,0.691199779510498,0.5335901379585266,False
data/processed/cure_crops/98/top/customer/98_top_4336.png,98__top,0.7705817222595215,0.5134179592132568,False
data/processed/cure_crops/98/top/customer/98_top_4337.png,98__top,0.6904664039611816,0.48376572132110596,False
data/processed/cure_crops/98/top/customer/98_top_4338.png,98__top,0.781906008720398,0.6359387040138245,False
data/processed/cure_crops/98/top/customer/98_top_4339.png,98__top,0.7615252137184143,0.7285756468772888,False
data/processed/cure_crops/98/top/customer/98_top_4340.png,98__top,0.7821539640426636,0.6888556480407715,False
data/processed/cure_crops/98/top/customer/98_top_4341.png,98__top,0.8080279231071472,0.5170789957046509,False
data/processed/cure_crops/98/top/customer/98_top_4342.png,98__top,0.7643214464187622,0.6517575979232788,False
data/processed/cure_crops/98/top/customer/98_top_4343.png,98__top,0.7741862535476685,0.6549216508865356,False
data/processed/cure_crops/99/bottom/customer/99_bottom_4386.png,99__bottom,0.7269121408462524,0.6327577829360962,False
data/processed/cure_crops/99/bottom/customer/99_bottom_4387.png,99__bottom,0.6885948181152344,0.5534027218818665,False
data/processed/cure_crops/99/bottom/customer/99_bottom_4388.png,99__bottom,0.6763311624526978,0.6838175654411316,False
data/processed/cure_crops/99/bottom/customer/99_bottom_4389.png,99__bottom,0.6294347047805786,0.6324334144592285,False
data/processed/cure_crops/99/bottom/customer/99_bottom_4390.png,99__bottom,0.6103648543357849,0.3602219820022583,False
data/processed/cure_crops/99/bottom/customer/99_bottom_4391.png,99__bottom,0.5944113731384277,0.492579847574234,False
data/processed/cure_crops/99/bottom/customer/99_bottom_4392.png,99__bottom,0.6727522611618042,0.40318524837493896,False
data/processed/cure_crops/99/bottom/customer/99_bottom_4393.png,99__bottom,0.6309810876846313,0.4368736445903778,False
data/processed/cure_crops/99/bottom/customer/99_bottom_4394.png,99__bottom,0.6479556560516357,0.4529208838939667,False
data/processed/cure_crops/99/bottom/customer/99_bottom_4395.png,99__bottom,0.6577290296554565,0.5334913730621338,False
data/processed/cure_crops/99/bottom/customer/99_bottom_4396.png,99__bottom,0.6374105215072632,0.49158281087875366,False
data/processed/cure_crops/99/bottom/customer/99_bottom_4397.png,99__bottom,0.6605743169784546,0.5498340129852295,False
data/processed/cure_crops/99/bottom/customer/99_bottom_4398.png,99__bottom,0.6451272368431091,0.5467873811721802,False
data/processed/cure_crops/99/bottom/customer/99_bottom_4399.png,99__bottom,0.7063978910446167,0.6715152263641357,False
data/processed/cure_crops/99/bottom/customer/99_bottom_4400.png,99__bottom,0.6926629543304443,0.5268229246139526,False
data/processed/cure_crops/99/bottom/customer/99_bottom_4401.png,99__bottom,0.6131448745727539,0.5631437301635742,False
data/processed/cure_crops/99/bottom/customer/99_bottom_4402.png,99__bottom,0.6166965961456299,0.3834008574485779,False
data/processed/cure_crops/99/bottom/customer/99_bottom_4403.png,99__bottom,0.6339248418807983,0.5675631761550903,False
data/processed/cure_crops/99/bottom/customer/99_bottom_4404.png,99__bottom,0.6822611093521118,0.6080546379089355,False
data/processed/cure_crops/99/top/customer/99_top_4363.png,99__top,0.6103324294090271,0.8443198204040527,False
data/processed/cure_crops/99/top/customer/99_top_4364.png,99__top,0.6451089382171631,0.8122841119766235,False
data/processed/cure_crops/99/top/customer/99_top_4365.png,99__top,0.7641384601593018,0.8495419025421143,False
data/processed/cure_crops/99/top/customer/99_top_4366.png,99__top,0.7574349641799927,0.8583700656890869,False
data/processed/cure_crops/99/top/customer/99_top_4367.png,99__top,0.6062568426132202,0.6886865496635437,False
data/processed/cure_crops/99/top/customer/99_top_4368.png,99__top,0.5437594056129456,0.501615583896637,False
data/processed/cure_crops/99/top/customer/99_top_4369.png,99__top,0.48410889506340027,0.5418451428413391,False
data/processed/cure_crops/99/top/customer/99_top_4370.png,99__top,0.5783751010894775,0.584224283695221,False
data/processed/cure_crops/99/top/customer/99_top_4371.png,99__top,0.6167784929275513,0.6004478931427002,False
data/processed/cure_crops/99/top/customer/99_top_4372.png,99__top,0.6738446950912476,0.5308877229690552,False
data/processed/cure_crops/99/top/customer/99_top_4373.png,99__top,0.717711329460144,0.5030944347381592,False
data/processed/cure_crops/99/top/customer/99_top_4374.png,99__top,0.6667373776435852,0.7124344110488892,False
data/processed/cure_crops/99/top/customer/99_top_4375.png,99__top,0.6498253345489502,0.5099869966506958,False
data/processed/cure_crops/99/top/customer/99_top_4376.png,99__top,0.5246959328651428,0.5923515558242798,False
data/processed/cure_crops/99/top/customer/99_top_4377.png,99__top,0.6538892388343811,0.6355017423629761,False
data/processed/cure_crops/99/top/customer/99_top_4378.png,99__top,0.6672125458717346,0.7175273895263672,False
data/processed/cure_crops/99/top/customer/99_top_4379.png,99__top,0.6419826745986938,0.5776126384735107,False
data/processed/cure_crops/99/top/customer/99_top_4380.png,99__top,0.7177001237869263,0.5788204669952393,False
data/processed/cure_crops/99/top/customer/99_top_4381.png,99__top,0.6678972244262695,0.5225570201873779,False
data/processed/cure_crops/99/top/customer/99_top_4382.png,99__top,0.7132315039634705,0.6966846585273743,False
data/processed/cure_crops/99/top/customer/99_top_4383.png,99__top,0.6310243606567383,0.4658440351486206,False
data/processed/cure_crops/99/top/customer/99_top_4384.png,99__top,0.7181247472763062,0.5896484851837158,False
data/processed/cure_crops/99/top/customer/99_top_4385.png,99__top,0.47729068994522095,0.4572349786758423,False
